SET SQL_MODE = "NO_AUTO_VALUE_ON_ZERO";
SET AUTOCOMMIT = 0;
START TRANSACTION;
SET time_zone = "+00:00";
CREATE DATABASE IF NOT EXISTS `jili_changyangyang` DEFAULT CHARACTER SET utf8 COLLATE utf8_unicode_ci;
USE `jili_changyangyang`;

CREATE TABLE `banner` (
  `id` int(11) NOT NULL,
  `description` varchar(255) COLLATE utf8_unicode_ci DEFAULT NULL,
  `img_url` varchar(255) COLLATE utf8_unicode_ci DEFAULT NULL
) ENGINE=InnoDB DEFAULT CHARSET=utf8 COLLATE=utf8_unicode_ci;

INSERT INTO `banner` (`id`, `description`, `img_url`) VALUES
(1, NULL, 'https://dm30webimages.geely.com/GeelyOfficial/Files/News/20191223/Gpc.png'),
(2, NULL, 'https://dm30webimages.geely.com/GeelyOfficial/kv/2019KV/20191220KVPC.jpg'),
(3, NULL, 'https://dm30webimages.geely.com/GeelyOfficial/kv/2019KV/20191219KVPC.jpg'),
(4, NULL, 'https://dm30webimages.geely.com/GeelyPromotion/BinYue/2019kv/20191217/GPC.jpg'),
(5, NULL, 'https://dm30webimages.geely.com/GeelyOfficial/kv/2019KV/20191212BYPC2.jpg'),
(6, NULL, 'https://dm30webimages.geely.com/GeelyPromotion/BRGE/2019/20191129/gpc.jpg'),
(7, NULL, 'https://geely-portal-prod-ntt-obs-02.obs.myhwclouds.com/GeelyOfficial/kv/2019KV/BR/1125YYPC.jpg'),
(8, NULL, 'https://dm30webimages.geely.com/GeelyOfficial/kv/2019KV/20191212BYPC1.jpg'),
(9, NULL, 'https://dm30webimages.geely.com/GeelyPromotion/SX12/SX12pheheat/G/iconpc.jpg'),
(10, NULL, 'https://dm30webimages.geely.com/GeelyOfficial/kv/2019KV/1121GPC.jpg'),
(11, NULL, 'https://dm30webimages.geely.com/GeelyPromotion/dhGL/2019/20191121/G1PC.jpg'),
(12, NULL, 'https://dm30webimages.geely.com/GeelyPromotion/QXDH/20191118/pc1.jpg'),
(13, NULL, 'https://geely-portal-prod-ntt-obs-02.obs.myhwclouds.com/GeelyPromotion/GS/KV/1112GPC1.jpg'),
(14, NULL, 'https://geely-portal-prod-ntt-obs-02.obs.myhwclouds.com/GeelyPromotion/F11/KV/1107GPC.jpg');

CREATE TABLE `cars` (
  `id` int(11) NOT NULL COMMENT '主键',
  `car_name` varchar(255) COLLATE utf8_unicode_ci NOT NULL COMMENT '汽车名称',
  `sale` int(255) NOT NULL DEFAULT 0 COMMENT '汽车销量',
  `shop_index_img` varchar(255) COLLATE utf8_unicode_ci DEFAULT NULL,
  `head_img_url` varchar(255) COLLATE utf8_unicode_ci DEFAULT NULL COMMENT 'head显示的汽车图片',
  `car_size` varchar(10) COLLATE utf8_unicode_ci DEFAULT NULL COMMENT '外形尺寸',
  `car_engine` varchar(255) COLLATE utf8_unicode_ci DEFAULT NULL COMMENT '发动机',
  `car_wheelbase` varchar(255) COLLATE utf8_unicode_ci DEFAULT NULL COMMENT '轴距',
  `car_trans_case` varchar(255) COLLATE utf8_unicode_ci DEFAULT NULL COMMENT '变速箱',
  `car_km_fuel_consumption` varchar(255) COLLATE utf8_unicode_ci DEFAULT NULL COMMENT '百公里耗油',
  `offical_price` varchar(10) COLLATE utf8_unicode_ci NOT NULL COMMENT '官方价格',
  `cate_id` int(11) DEFAULT NULL COMMENT '分类ID',
  `stock` int(255) DEFAULT NULL COMMENT '库存'
) ENGINE=InnoDB DEFAULT CHARSET=utf8 COLLATE=utf8_unicode_ci;

INSERT INTO `cars` (`id`, `car_name`, `sale`, `shop_index_img`, `head_img_url`, `car_size`, `car_engine`, `car_wheelbase`, `car_trans_case`, `car_km_fuel_consumption`, `offical_price`, `cate_id`, `stock`) VALUES
(1, '博越', 1053, NULL, 'https://geely-mall-prod-ntt-obs-01.obs.myhwclouds.com/by_51e27b55-cf6c-432b-98c0-d79607e8ced5.png', '', '', '', '', '', '91800', 3, 100),
(2, '吉利博瑞', 1042, NULL, 'https://geely-mall-prod-ntt-obs-01.obs.myhwclouds.com/br_ge_46a8ef22-921d-41c2-b1f6-e5f2bcb840e7.png', NULL, NULL, NULL, NULL, NULL, '136800', 2, 234),
(3, '缤瑞', 925, NULL, 'https://geely-mall-prod-ntt-obs-01.obs.myhwclouds.com/3009f1a6-52e7-4db7-8833-d91619016804.png', '', ' VVT 涡轮增压/DVVT 缸内直喷 涡轮增压', '2670', '6MT/8CVT/6DCT', NULL, '75800', 1, 123),
(4, '缤越', 352, NULL, 'https://geely-mall-prod-ntt-obs-01.obs.myhwclouds.com/4d75a9a0-88d0-490c-9abe-333e1a524c20.png', '', '1.5TD', '2600', ' 7DCT', '5.5L/100km（MHEV） 1.4L/100km（PHEV）', '79800', 1, 52),
(5, '嘉际', 892, NULL, 'https://geely-mall-prod-ntt-obs-01.obs.myhwclouds.com/acd0fd3b-cc33-4d02-ac6b-c40e092dbe99.png', '', '1.5TD/1.8TD', '2805', ' 7DCTH/7DCT BSG/6AT', NULL, '99800', 7, 126),
(6, '星越', 0, NULL, 'http://localhost:3000/uploads/df14854f8fc03a7771d5606478254d6e', '', '', '', '', '', '91800', 8, 12),
(7, '帝豪GL PHEV', 0, NULL, 'http://localhost:3000/uploads/d3c4f9bbd95b7c7e51e19737e1c9ab5c', '4725*1802*', ' DVVT可变进/排气正时系统、涡轮增压+缸内中置直喷', '2700', '7DCTH湿式双离合', '1.4L/100km', '152800', 4, 23),
(8, '吉利嘉际', 0, NULL, 'http://localhost:3000/uploads/46f12d3268cb7bb1a77dfda08926cf94', '', '1.5TD/1.8TD', '', '7DCTH/7DCT BSG/6AT', '', '99800', 7, 100);

CREATE TABLE `cars_volume_base` (
  `id` int(11) NOT NULL,
  `car_id` int(11) NOT NULL,
  `volume_id` int(11) NOT NULL
) ENGINE=InnoDB DEFAULT CHARSET=utf8 COLLATE=utf8_unicode_ci;

INSERT INTO `cars_volume_base` (`id`, `car_id`, `volume_id`) VALUES
(5, 2, 8),
(6, 2, 37),
(7, 2, 44),
(8, 3, 38),
(9, 3, 31),
(12, 4, 42),
(13, 4, 41),
(14, 4, 19),
(15, 4, 43),
(16, 5, 21),
(18, 5, 24),
(19, 5, 23),
(26, 1, 6),
(27, 1, 12),
(28, 1, 15),
(29, 1, 34),
(30, 8, 1),
(31, 8, 4),
(32, 8, 6);

CREATE TABLE `category` (
  `id` int(11) NOT NULL,
  `cate_name` varchar(255) COLLATE utf8_unicode_ci NOT NULL
) ENGINE=InnoDB DEFAULT CHARSET=utf8 COLLATE=utf8_unicode_ci;

INSERT INTO `category` (`id`, `cate_name`) VALUES
(1, '缤系'),
(2, '博瑞'),
(3, '博越'),
(4, '帝豪'),
(5, '金刚'),
(6, '远景'),
(7, '嘉际'),
(8, '星系');

CREATE TABLE `city` (
  `id` int(11) NOT NULL DEFAULT 0,
  `pid` int(11) DEFAULT NULL COMMENT '父级ID',
  `cityname` varchar(255) CHARACTER SET utf8 DEFAULT NULL COMMENT '城市名',
  `type` int(11) DEFAULT NULL COMMENT '省市识别码'
) ENGINE=InnoDB DEFAULT CHARSET=utf8 COLLATE=utf8_unicode_ci;

INSERT INTO `city` (`id`, `pid`, `cityname`, `type`) VALUES
(1, 0, '中国', 0),
(2, 1, '北京', 1),
(3, 1, '安徽', 1),
(4, 1, '福建', 1),
(5, 1, '甘肃', 1),
(6, 1, '广东', 1),
(7, 1, '广西', 1),
(8, 1, '贵州', 1),
(9, 1, '海南', 1),
(10, 1, '河北', 1),
(11, 1, '河南', 1),
(12, 1, '黑龙江', 1),
(13, 1, '湖北', 1),
(14, 1, '湖南', 1),
(15, 1, '吉林', 1),
(16, 1, '江苏', 1),
(17, 1, '江西', 1),
(18, 1, '辽宁', 1),
(19, 1, '内蒙古', 1),
(20, 1, '宁夏', 1),
(21, 1, '青海', 1),
(22, 1, '山东', 1),
(23, 1, '山西', 1),
(24, 1, '陕西', 1),
(25, 1, '上海', 1),
(26, 1, '四川', 1),
(27, 1, '天津', 1),
(28, 1, '西藏', 1),
(29, 1, '新疆', 1),
(30, 1, '云南', 1),
(31, 1, '浙江', 1),
(32, 1, '重庆', 1),
(33, 1, '香港', 1),
(34, 1, '澳门', 1),
(35, 1, '台湾', 1),
(36, 3, '安庆', 2),
(37, 3, '蚌埠', 2),
(38, 3, '巢湖', 2),
(39, 3, '池州', 2),
(40, 3, '滁州', 2),
(41, 3, '阜阳', 2),
(42, 3, '淮北', 2),
(43, 3, '淮南', 2),
(44, 3, '黄山', 2),
(45, 3, '六安', 2),
(46, 3, '马鞍山', 2),
(47, 3, '宿州', 2),
(48, 3, '铜陵', 2),
(49, 3, '芜湖', 2),
(50, 3, '宣城', 2),
(51, 3, '亳州', 2),
(52, 2, '市辖区', 2),
(53, 4, '福州', 2),
(54, 4, '龙岩', 2),
(55, 4, '南平', 2),
(56, 4, '宁德', 2),
(57, 4, '莆田', 2),
(58, 4, '泉州', 2),
(59, 4, '三明', 2),
(60, 4, '厦门', 2),
(61, 4, '漳州', 2),
(62, 5, '兰州', 2),
(63, 5, '白银', 2),
(64, 5, '定西', 2),
(65, 5, '甘南', 2),
(66, 5, '嘉峪关', 2),
(67, 5, '金昌', 2),
(68, 5, '酒泉', 2),
(69, 5, '临夏', 2),
(70, 5, '陇南', 2),
(71, 5, '平凉', 2),
(72, 5, '庆阳', 2),
(73, 5, '天水', 2),
(74, 5, '武威', 2),
(75, 5, '张掖', 2),
(76, 6, '广州', 2),
(77, 6, '深圳', 2),
(78, 6, '潮州', 2),
(79, 6, '东莞', 2),
(80, 6, '佛山', 2),
(81, 6, '河源', 2),
(82, 6, '惠州', 2),
(83, 6, '江门', 2),
(84, 6, '揭阳', 2),
(85, 6, '茂名', 2),
(86, 6, '梅州', 2),
(87, 6, '清远', 2),
(88, 6, '汕头', 2),
(89, 6, '汕尾', 2),
(90, 6, '韶关', 2),
(91, 6, '阳江', 2),
(92, 6, '云浮', 2),
(93, 6, '湛江', 2),
(94, 6, '肇庆', 2),
(95, 6, '中山', 2),
(96, 6, '珠海', 2),
(97, 7, '南宁', 2),
(98, 7, '桂林', 2),
(99, 7, '百色', 2),
(100, 7, '北海', 2),
(101, 7, '崇左', 2),
(102, 7, '防城港', 2),
(103, 7, '贵港', 2),
(104, 7, '河池', 2),
(105, 7, '贺州', 2),
(106, 7, '来宾', 2),
(107, 7, '柳州', 2),
(108, 7, '钦州', 2),
(109, 7, '梧州', 2),
(110, 7, '玉林', 2),
(111, 8, '贵阳', 2),
(112, 8, '安顺', 2),
(113, 8, '毕节', 2),
(114, 8, '六盘水', 2),
(115, 8, '黔东南', 2),
(116, 8, '黔南', 2),
(117, 8, '黔西南', 2),
(118, 8, '铜仁', 2),
(119, 8, '遵义', 2),
(120, 9, '海口', 2),
(121, 9, '三亚', 2),
(122, 9, '白沙', 2),
(123, 9, '保亭', 2),
(124, 9, '昌江', 2),
(125, 9, '澄迈县', 2),
(126, 9, '定安县', 2),
(127, 9, '东方', 2),
(128, 9, '乐东', 2),
(129, 9, '临高县', 2),
(130, 9, '陵水', 2),
(131, 9, '琼海', 2),
(132, 9, '琼中', 2),
(133, 9, '屯昌县', 2),
(134, 9, '万宁', 2),
(135, 9, '文昌', 2),
(136, 9, '五指山', 2),
(137, 9, '儋州', 2),
(138, 10, '石家庄', 2),
(139, 10, '保定', 2),
(140, 10, '沧州', 2),
(141, 10, '承德', 2),
(142, 10, '邯郸', 2),
(143, 10, '衡水', 2),
(144, 10, '廊坊', 2),
(145, 10, '秦皇岛', 2),
(146, 10, '唐山', 2),
(147, 10, '邢台', 2),
(148, 10, '张家口', 2),
(149, 11, '郑州', 2),
(150, 11, '洛阳', 2),
(151, 11, '开封', 2),
(152, 11, '安阳', 2),
(153, 11, '鹤壁', 2),
(154, 11, '济源', 2),
(155, 11, '焦作', 2),
(156, 11, '南阳', 2),
(157, 11, '平顶山', 2),
(158, 11, '三门峡', 2),
(159, 11, '商丘', 2),
(160, 11, '新乡', 2),
(161, 11, '信阳', 2),
(162, 11, '许昌', 2),
(163, 11, '周口', 2),
(164, 11, '驻马店', 2),
(165, 11, '漯河', 2),
(166, 11, '濮阳', 2),
(167, 12, '哈尔滨', 2),
(168, 12, '大庆', 2),
(169, 12, '大兴安岭', 2),
(170, 12, '鹤岗', 2),
(171, 12, '黑河', 2),
(172, 12, '鸡西', 2),
(173, 12, '佳木斯', 2),
(174, 12, '牡丹江', 2),
(175, 12, '七台河', 2),
(176, 12, '齐齐哈尔', 2),
(177, 12, '双鸭山', 2),
(178, 12, '绥化', 2),
(179, 12, '伊春', 2),
(180, 13, '武汉', 2),
(181, 13, '仙桃', 2),
(182, 13, '鄂州', 2),
(183, 13, '黄冈', 2),
(184, 13, '黄石', 2),
(185, 13, '荆门', 2),
(186, 13, '荆州', 2),
(187, 13, '潜江', 2),
(188, 13, '神农架林区', 2),
(189, 13, '十堰', 2),
(190, 13, '随州', 2),
(191, 13, '天门', 2),
(192, 13, '咸宁', 2),
(193, 13, '襄樊', 2),
(194, 13, '孝感', 2),
(195, 13, '宜昌', 2),
(196, 13, '恩施', 2),
(197, 14, '长沙', 2),
(198, 14, '张家界', 2),
(199, 14, '常德', 2),
(200, 14, '郴州', 2),
(201, 14, '衡阳', 2),
(202, 14, '怀化', 2),
(203, 14, '娄底', 2),
(204, 14, '邵阳', 2),
(205, 14, '湘潭', 2),
(206, 14, '湘西', 2),
(207, 14, '益阳', 2),
(208, 14, '永州', 2),
(209, 14, '岳阳', 2),
(210, 14, '株洲', 2),
(211, 15, '长春', 2),
(212, 15, '吉林', 2),
(213, 15, '白城', 2),
(214, 15, '白山', 2),
(215, 15, '辽源', 2),
(216, 15, '四平', 2),
(217, 15, '松原', 2),
(218, 15, '通化', 2),
(219, 15, '延边', 2),
(220, 16, '南京', 2),
(221, 16, '苏州', 2),
(222, 16, '无锡', 2),
(223, 16, '常州', 2),
(224, 16, '淮安', 2),
(225, 16, '连云港', 2),
(226, 16, '南通', 2),
(227, 16, '宿迁', 2),
(228, 16, '泰州', 2),
(229, 16, '徐州', 2),
(230, 16, '盐城', 2),
(231, 16, '扬州', 2),
(232, 16, '镇江', 2),
(233, 17, '南昌', 2),
(234, 17, '抚州', 2),
(235, 17, '赣州', 2),
(236, 17, '吉安', 2),
(237, 17, '景德镇', 2),
(238, 17, '九江', 2),
(239, 17, '萍乡', 2),
(240, 17, '上饶', 2),
(241, 17, '新余', 2),
(242, 17, '宜春', 2),
(243, 17, '鹰潭', 2),
(244, 18, '沈阳', 2),
(245, 18, '大连', 2),
(246, 18, '鞍山', 2),
(247, 18, '本溪', 2),
(248, 18, '朝阳', 2),
(249, 18, '丹东', 2),
(250, 18, '抚顺', 2),
(251, 18, '阜新', 2),
(252, 18, '葫芦岛', 2),
(253, 18, '锦州', 2),
(254, 18, '辽阳', 2),
(255, 18, '盘锦', 2),
(256, 18, '铁岭', 2),
(257, 18, '营口', 2),
(258, 19, '呼和浩特', 2),
(259, 19, '阿拉善盟', 2),
(260, 19, '巴彦淖尔盟', 2),
(261, 19, '包头', 2),
(262, 19, '赤峰', 2),
(263, 19, '鄂尔多斯', 2),
(264, 19, '呼伦贝尔', 2),
(265, 19, '通辽', 2),
(266, 19, '乌海', 2),
(267, 19, '乌兰察布市', 2),
(268, 19, '锡林郭勒盟', 2),
(269, 19, '兴安盟', 2),
(270, 20, '银川', 2),
(271, 20, '固原', 2),
(272, 20, '石嘴山', 2),
(273, 20, '吴忠', 2),
(274, 20, '中卫', 2),
(275, 21, '西宁', 2),
(276, 21, '果洛', 2),
(277, 21, '海北', 2),
(278, 21, '海东', 2),
(279, 21, '海南', 2),
(280, 21, '海西', 2),
(281, 21, '黄南', 2),
(282, 21, '玉树', 2),
(283, 22, '济南', 2),
(284, 22, '青岛', 2),
(285, 22, '滨州', 2),
(286, 22, '德州', 2),
(287, 22, '东营', 2),
(288, 22, '菏泽', 2),
(289, 22, '济宁', 2),
(290, 22, '莱芜', 2),
(291, 22, '聊城', 2),
(292, 22, '临沂', 2),
(293, 22, '日照', 2),
(294, 22, '泰安', 2),
(295, 22, '威海', 2),
(296, 22, '潍坊', 2),
(297, 22, '烟台', 2),
(298, 22, '枣庄', 2),
(299, 22, '淄博', 2),
(300, 23, '太原', 2),
(301, 23, '长治', 2),
(302, 23, '大同', 2),
(303, 23, '晋城', 2),
(304, 23, '晋中', 2),
(305, 23, '临汾', 2),
(306, 23, '吕梁', 2),
(307, 23, '朔州', 2),
(308, 23, '忻州', 2),
(309, 23, '阳泉', 2),
(310, 23, '运城', 2),
(311, 24, '西安', 2),
(312, 24, '安康', 2),
(313, 24, '宝鸡', 2),
(314, 24, '汉中', 2),
(315, 24, '商洛', 2),
(316, 24, '铜川', 2),
(317, 24, '渭南', 2),
(318, 24, '咸阳', 2),
(319, 24, '延安', 2),
(320, 24, '榆林', 2),
(321, 25, '上海', 2),
(322, 26, '成都', 2),
(323, 26, '绵阳', 2),
(324, 26, '阿坝', 2),
(325, 26, '巴中', 2),
(326, 26, '达州', 2),
(327, 26, '德阳', 2),
(328, 26, '甘孜', 2),
(329, 26, '广安', 2),
(330, 26, '广元', 2),
(331, 26, '乐山', 2),
(332, 26, '凉山', 2),
(333, 26, '眉山', 2),
(334, 26, '南充', 2),
(335, 26, '内江', 2),
(336, 26, '攀枝花', 2),
(337, 26, '遂宁', 2),
(338, 26, '雅安', 2),
(339, 26, '宜宾', 2),
(340, 26, '资阳', 2),
(341, 26, '自贡', 2),
(342, 26, '泸州', 2),
(343, 27, '天津', 2),
(344, 28, '拉萨', 2),
(345, 28, '阿里', 2),
(346, 28, '昌都', 2),
(347, 28, '林芝', 2),
(348, 28, '那曲', 2),
(349, 28, '日喀则', 2),
(350, 28, '山南', 2),
(351, 29, '乌鲁木齐', 2),
(352, 29, '阿克苏', 2),
(353, 29, '阿拉尔', 2),
(354, 29, '巴音郭楞', 2),
(355, 29, '博尔塔拉', 2),
(356, 29, '昌吉', 2),
(357, 29, '哈密', 2),
(358, 29, '和田', 2),
(359, 29, '喀什', 2),
(360, 29, '克拉玛依', 2),
(361, 29, '克孜勒苏', 2),
(362, 29, '石河子', 2),
(363, 29, '图木舒克', 2),
(364, 29, '吐鲁番', 2),
(365, 29, '五家渠', 2),
(366, 29, '伊犁', 2),
(367, 30, '昆明', 2),
(368, 30, '怒江', 2),
(369, 30, '普洱', 2),
(370, 30, '丽江', 2),
(371, 30, '保山', 2),
(372, 30, '楚雄', 2),
(373, 30, '大理', 2),
(374, 30, '德宏', 2),
(375, 30, '迪庆', 2),
(376, 30, '红河', 2),
(377, 30, '临沧', 2),
(378, 30, '曲靖', 2),
(379, 30, '文山', 2),
(380, 30, '西双版纳', 2),
(381, 30, '玉溪', 2),
(382, 30, '昭通', 2),
(383, 31, '杭州', 2),
(384, 31, '湖州', 2),
(385, 31, '嘉兴', 2),
(386, 31, '金华', 2),
(387, 31, '丽水', 2),
(388, 31, '宁波', 2),
(389, 31, '绍兴', 2),
(390, 31, '台州', 2),
(391, 31, '温州', 2),
(392, 31, '舟山', 2),
(393, 31, '衢州', 2),
(394, 32, '重庆', 2),
(395, 33, '香港', 2),
(396, 34, '澳门', 2),
(397, 35, '台湾', 2),
(398, 36, '迎江区', 3),
(399, 36, '大观区', 3),
(400, 36, '宜秀区', 3),
(401, 36, '桐城市', 3),
(402, 36, '怀宁县', 3),
(403, 36, '枞阳县', 3),
(404, 36, '潜山县', 3),
(405, 36, '太湖县', 3),
(406, 36, '宿松县', 3),
(407, 36, '望江县', 3),
(408, 36, '岳西县', 3),
(409, 37, '中市区', 3),
(410, 37, '东市区', 3),
(411, 37, '西市区', 3),
(412, 37, '郊区', 3),
(413, 37, '怀远县', 3),
(414, 37, '五河县', 3),
(415, 37, '固镇县', 3),
(416, 38, '居巢区', 3),
(417, 38, '庐江县', 3),
(418, 38, '无为县', 3),
(419, 38, '含山县', 3),
(420, 38, '和县', 3),
(421, 39, '贵池区', 3),
(422, 39, '东至县', 3),
(423, 39, '石台县', 3),
(424, 39, '青阳县', 3),
(425, 40, '琅琊区', 3),
(426, 40, '南谯区', 3),
(427, 40, '天长市', 3),
(428, 40, '明光市', 3),
(429, 40, '来安县', 3),
(430, 40, '全椒县', 3),
(431, 40, '定远县', 3),
(432, 40, '凤阳县', 3),
(433, 41, '蚌山区', 3),
(434, 41, '龙子湖区', 3),
(435, 41, '禹会区', 3),
(436, 41, '淮上区', 3),
(437, 41, '颍州区', 3),
(438, 41, '颍东区', 3),
(439, 41, '颍泉区', 3),
(440, 41, '界首市', 3),
(441, 41, '临泉县', 3),
(442, 41, '太和县', 3),
(443, 41, '阜南县', 3),
(444, 41, '颖上县', 3),
(445, 42, '相山区', 3),
(446, 42, '杜集区', 3),
(447, 42, '烈山区', 3),
(448, 42, '濉溪县', 3),
(449, 43, '田家庵区', 3),
(450, 43, '大通区', 3),
(451, 43, '谢家集区', 3),
(452, 43, '八公山区', 3),
(453, 43, '潘集区', 3),
(454, 43, '凤台县', 3),
(455, 44, '屯溪区', 3),
(456, 44, '黄山区', 3),
(457, 44, '徽州区', 3),
(458, 44, '歙县', 3),
(459, 44, '休宁县', 3),
(460, 44, '黟县', 3),
(461, 44, '祁门县', 3),
(462, 45, '金安区', 3),
(463, 45, '裕安区', 3),
(464, 45, '寿县', 3),
(465, 45, '霍邱县', 3),
(466, 45, '舒城县', 3),
(467, 45, '金寨县', 3),
(468, 45, '霍山县', 3),
(469, 46, '雨山区', 3),
(470, 46, '花山区', 3),
(471, 46, '金家庄区', 3),
(472, 46, '当涂县', 3),
(473, 47, '埇桥区', 3),
(474, 47, '砀山县', 3),
(475, 47, '萧县', 3),
(476, 47, '灵璧县', 3),
(477, 47, '泗县', 3),
(478, 48, '铜官山区', 3),
(479, 48, '狮子山区', 3),
(480, 48, '郊区', 3),
(481, 48, '铜陵县', 3),
(482, 49, '镜湖区', 3),
(483, 49, '弋江区', 3),
(484, 49, '鸠江区', 3),
(485, 49, '三山区', 3),
(486, 49, '芜湖县', 3),
(487, 49, '繁昌县', 3),
(488, 49, '南陵县', 3),
(489, 50, '宣州区', 3),
(490, 50, '宁国市', 3),
(491, 50, '郎溪县', 3),
(492, 50, '广德县', 3),
(493, 50, '泾县', 3),
(494, 50, '绩溪县', 3),
(495, 50, '旌德县', 3),
(496, 51, '涡阳县', 3),
(497, 51, '蒙城县', 3),
(498, 51, '利辛县', 3),
(499, 51, '谯城区', 3),
(500, 52, '东城区', 3),
(501, 52, '西城区', 3),
(502, 52, '海淀区', 3),
(503, 52, '朝阳区', 3),
(504, 52, '崇文区', 3),
(505, 52, '宣武区', 3),
(506, 52, '丰台区', 3),
(507, 52, '石景山区', 3),
(508, 52, '房山区', 3),
(509, 52, '门头沟区', 3),
(510, 52, '通州区', 3),
(511, 52, '顺义区', 3),
(512, 52, '昌平区', 3),
(513, 52, '怀柔区', 3),
(514, 52, '平谷区', 3),
(515, 52, '大兴区', 3),
(516, 52, '密云县', 3),
(517, 52, '延庆县', 3),
(518, 53, '鼓楼区', 3),
(519, 53, '台江区', 3),
(520, 53, '仓山区', 3),
(521, 53, '马尾区', 3),
(522, 53, '晋安区', 3),
(523, 53, '福清市', 3),
(524, 53, '长乐市', 3),
(525, 53, '闽侯县', 3),
(526, 53, '连江县', 3),
(527, 53, '罗源县', 3),
(528, 53, '闽清县', 3),
(529, 53, '永泰县', 3),
(530, 53, '平潭县', 3),
(531, 54, '新罗区', 3),
(532, 54, '漳平市', 3),
(533, 54, '长汀县', 3),
(534, 54, '永定县', 3),
(535, 54, '上杭县', 3),
(536, 54, '武平县', 3),
(537, 54, '连城县', 3),
(538, 55, '延平区', 3),
(539, 55, '邵武市', 3),
(540, 55, '武夷山市', 3),
(541, 55, '建瓯市', 3),
(542, 55, '建阳市', 3),
(543, 55, '顺昌县', 3),
(544, 55, '浦城县', 3),
(545, 55, '光泽县', 3),
(546, 55, '松溪县', 3),
(547, 55, '政和县', 3),
(548, 56, '蕉城区', 3),
(549, 56, '福安市', 3),
(550, 56, '福鼎市', 3),
(551, 56, '霞浦县', 3),
(552, 56, '古田县', 3),
(553, 56, '屏南县', 3),
(554, 56, '寿宁县', 3),
(555, 56, '周宁县', 3),
(556, 56, '柘荣县', 3),
(557, 57, '城厢区', 3),
(558, 57, '涵江区', 3),
(559, 57, '荔城区', 3),
(560, 57, '秀屿区', 3),
(561, 57, '仙游县', 3),
(562, 58, '鲤城区', 3),
(563, 58, '丰泽区', 3),
(564, 58, '洛江区', 3),
(565, 58, '清濛开发区', 3),
(566, 58, '泉港区', 3),
(567, 58, '石狮市', 3),
(568, 58, '晋江市', 3),
(569, 58, '南安市', 3),
(570, 58, '惠安县', 3),
(571, 58, '安溪县', 3),
(572, 58, '永春县', 3),
(573, 58, '德化县', 3),
(574, 58, '金门县', 3),
(575, 59, '梅列区', 3),
(576, 59, '三元区', 3),
(577, 59, '永安市', 3),
(578, 59, '明溪县', 3),
(579, 59, '清流县', 3),
(580, 59, '宁化县', 3),
(581, 59, '大田县', 3),
(582, 59, '尤溪县', 3),
(583, 59, '沙县', 3),
(584, 59, '将乐县', 3),
(585, 59, '泰宁县', 3),
(586, 59, '建宁县', 3),
(587, 60, '思明区', 3),
(588, 60, '海沧区', 3),
(589, 60, '湖里区', 3),
(590, 60, '集美区', 3),
(591, 60, '同安区', 3),
(592, 60, '翔安区', 3),
(593, 61, '芗城区', 3),
(594, 61, '龙文区', 3),
(595, 61, '龙海市', 3),
(596, 61, '云霄县', 3),
(597, 61, '漳浦县', 3),
(598, 61, '诏安县', 3),
(599, 61, '长泰县', 3),
(600, 61, '东山县', 3),
(601, 61, '南靖县', 3),
(602, 61, '平和县', 3),
(603, 61, '华安县', 3),
(604, 62, '皋兰县', 3),
(605, 62, '城关区', 3),
(606, 62, '七里河区', 3),
(607, 62, '西固区', 3),
(608, 62, '安宁区', 3),
(609, 62, '红古区', 3),
(610, 62, '永登县', 3),
(611, 62, '榆中县', 3),
(612, 63, '白银区', 3),
(613, 63, '平川区', 3),
(614, 63, '会宁县', 3),
(615, 63, '景泰县', 3),
(616, 63, '靖远县', 3),
(617, 64, '临洮县', 3),
(618, 64, '陇西县', 3),
(619, 64, '通渭县', 3),
(620, 64, '渭源县', 3),
(621, 64, '漳县', 3),
(622, 64, '岷县', 3),
(623, 64, '安定区', 3),
(624, 64, '安定区', 3),
(625, 65, '合作市', 3),
(626, 65, '临潭县', 3),
(627, 65, '卓尼县', 3),
(628, 65, '舟曲县', 3),
(629, 65, '迭部县', 3),
(630, 65, '玛曲县', 3),
(631, 65, '碌曲县', 3),
(632, 65, '夏河县', 3),
(633, 66, '嘉峪关市', 3),
(634, 67, '金川区', 3),
(635, 67, '永昌县', 3),
(636, 68, '肃州区', 3),
(637, 68, '玉门市', 3),
(638, 68, '敦煌市', 3),
(639, 68, '金塔县', 3),
(640, 68, '瓜州县', 3),
(641, 68, '肃北', 3),
(642, 68, '阿克塞', 3),
(643, 69, '临夏市', 3),
(644, 69, '临夏县', 3),
(645, 69, '康乐县', 3),
(646, 69, '永靖县', 3),
(647, 69, '广河县', 3),
(648, 69, '和政县', 3),
(649, 69, '东乡族自治县', 3),
(650, 69, '积石山', 3),
(651, 70, '成县', 3),
(652, 70, '徽县', 3),
(653, 70, '康县', 3),
(654, 70, '礼县', 3),
(655, 70, '两当县', 3),
(656, 70, '文县', 3),
(657, 70, '西和县', 3),
(658, 70, '宕昌县', 3),
(659, 70, '武都区', 3),
(660, 71, '崇信县', 3),
(661, 71, '华亭县', 3),
(662, 71, '静宁县', 3),
(663, 71, '灵台县', 3),
(664, 71, '崆峒区', 3),
(665, 71, '庄浪县', 3),
(666, 71, '泾川县', 3),
(667, 72, '合水县', 3),
(668, 72, '华池县', 3),
(669, 72, '环县', 3),
(670, 72, '宁县', 3),
(671, 72, '庆城县', 3),
(672, 72, '西峰区', 3),
(673, 72, '镇原县', 3),
(674, 72, '正宁县', 3),
(675, 73, '甘谷县', 3),
(676, 73, '秦安县', 3),
(677, 73, '清水县', 3),
(678, 73, '秦州区', 3),
(679, 73, '麦积区', 3),
(680, 73, '武山县', 3),
(681, 73, '张家川', 3),
(682, 74, '古浪县', 3),
(683, 74, '民勤县', 3),
(684, 74, '天祝', 3),
(685, 74, '凉州区', 3),
(686, 75, '高台县', 3),
(687, 75, '临泽县', 3),
(688, 75, '民乐县', 3),
(689, 75, '山丹县', 3),
(690, 75, '肃南', 3),
(691, 75, '甘州区', 3),
(692, 76, '从化市', 3),
(693, 76, '天河区', 3),
(694, 76, '东山区', 3),
(695, 76, '白云区', 3),
(696, 76, '海珠区', 3),
(697, 76, '荔湾区', 3),
(698, 76, '越秀区', 3),
(699, 76, '黄埔区', 3),
(700, 76, '番禺区', 3),
(701, 76, '花都区', 3),
(702, 76, '增城区', 3),
(703, 76, '从化区', 3),
(704, 76, '市郊', 3),
(705, 77, '福田区', 3),
(706, 77, '罗湖区', 3),
(707, 77, '南山区', 3),
(708, 77, '宝安区', 3),
(709, 77, '龙岗区', 3),
(710, 77, '盐田区', 3),
(711, 78, '湘桥区', 3),
(712, 78, '潮安县', 3),
(713, 78, '饶平县', 3),
(714, 79, '南城区', 3),
(715, 79, '东城区', 3),
(716, 79, '万江区', 3),
(717, 79, '莞城区', 3),
(718, 79, '石龙镇', 3),
(719, 79, '虎门镇', 3),
(720, 79, '麻涌镇', 3),
(721, 79, '道滘镇', 3),
(722, 79, '石碣镇', 3),
(723, 79, '沙田镇', 3),
(724, 79, '望牛墩镇', 3),
(725, 79, '洪梅镇', 3),
(726, 79, '茶山镇', 3),
(727, 79, '寮步镇', 3),
(728, 79, '大岭山镇', 3),
(729, 79, '大朗镇', 3),
(730, 79, '黄江镇', 3),
(731, 79, '樟木头', 3),
(732, 79, '凤岗镇', 3),
(733, 79, '塘厦镇', 3),
(734, 79, '谢岗镇', 3),
(735, 79, '厚街镇', 3),
(736, 79, '清溪镇', 3),
(737, 79, '常平镇', 3),
(738, 79, '桥头镇', 3),
(739, 79, '横沥镇', 3),
(740, 79, '东坑镇', 3),
(741, 79, '企石镇', 3),
(742, 79, '石排镇', 3),
(743, 79, '长安镇', 3),
(744, 79, '中堂镇', 3),
(745, 79, '高埗镇', 3),
(746, 80, '禅城区', 3),
(747, 80, '南海区', 3),
(748, 80, '顺德区', 3),
(749, 80, '三水区', 3),
(750, 80, '高明区', 3),
(751, 81, '东源县', 3),
(752, 81, '和平县', 3),
(753, 81, '源城区', 3),
(754, 81, '连平县', 3),
(755, 81, '龙川县', 3),
(756, 81, '紫金县', 3),
(757, 82, '惠阳区', 3),
(758, 82, '惠城区', 3),
(759, 82, '大亚湾', 3),
(760, 82, '博罗县', 3),
(761, 82, '惠东县', 3),
(762, 82, '龙门县', 3),
(763, 83, '江海区', 3),
(764, 83, '蓬江区', 3),
(765, 83, '新会区', 3),
(766, 83, '台山市', 3),
(767, 83, '开平市', 3),
(768, 83, '鹤山市', 3),
(769, 83, '恩平市', 3),
(770, 84, '榕城区', 3),
(771, 84, '普宁市', 3),
(772, 84, '揭东县', 3),
(773, 84, '揭西县', 3),
(774, 84, '惠来县', 3),
(775, 85, '茂南区', 3),
(776, 85, '茂港区', 3),
(777, 85, '高州市', 3),
(778, 85, '化州市', 3),
(779, 85, '信宜市', 3),
(780, 85, '电白县', 3),
(781, 86, '梅县', 3),
(782, 86, '梅江区', 3),
(783, 86, '兴宁市', 3),
(784, 86, '大埔县', 3),
(785, 86, '丰顺县', 3),
(786, 86, '五华县', 3),
(787, 86, '平远县', 3),
(788, 86, '蕉岭县', 3),
(789, 87, '清城区', 3),
(790, 87, '英德市', 3),
(791, 87, '连州市', 3),
(792, 87, '佛冈县', 3),
(793, 87, '阳山县', 3),
(794, 87, '清新县', 3),
(795, 87, '连山', 3),
(796, 87, '连南', 3),
(797, 88, '南澳县', 3),
(798, 88, '潮阳区', 3),
(799, 88, '澄海区', 3),
(800, 88, '龙湖区', 3),
(801, 88, '金平区', 3),
(802, 88, '濠江区', 3),
(803, 88, '潮南区', 3),
(804, 89, '城区', 3),
(805, 89, '陆丰市', 3),
(806, 89, '海丰县', 3),
(807, 89, '陆河县', 3),
(808, 90, '曲江县', 3),
(809, 90, '浈江区', 3),
(810, 90, '武江区', 3),
(811, 90, '曲江区', 3),
(812, 90, '乐昌市', 3),
(813, 90, '南雄市', 3),
(814, 90, '始兴县', 3),
(815, 90, '仁化县', 3),
(816, 90, '翁源县', 3),
(817, 90, '新丰县', 3),
(818, 90, '乳源', 3),
(819, 91, '江城区', 3),
(820, 91, '阳春市', 3),
(821, 91, '阳西县', 3),
(822, 91, '阳东县', 3),
(823, 92, '云城区', 3),
(824, 92, '罗定市', 3),
(825, 92, '新兴县', 3),
(826, 92, '郁南县', 3),
(827, 92, '云安县', 3),
(828, 93, '赤坎区', 3),
(829, 93, '霞山区', 3),
(830, 93, '坡头区', 3),
(831, 93, '麻章区', 3),
(832, 93, '廉江市', 3),
(833, 93, '雷州市', 3),
(834, 93, '吴川市', 3),
(835, 93, '遂溪县', 3),
(836, 93, '徐闻县', 3),
(837, 94, '肇庆市', 3),
(838, 94, '高要市', 3),
(839, 94, '四会市', 3),
(840, 94, '广宁县', 3),
(841, 94, '怀集县', 3),
(842, 94, '封开县', 3),
(843, 94, '德庆县', 3),
(844, 95, '石岐街道', 3),
(845, 95, '东区街道', 3),
(846, 95, '西区街道', 3),
(847, 95, '环城街道', 3),
(848, 95, '中山港街道', 3),
(849, 95, '五桂山街道', 3),
(850, 96, '香洲区', 3),
(851, 96, '斗门区', 3),
(852, 96, '金湾区', 3),
(853, 97, '邕宁区', 3),
(854, 97, '青秀区', 3),
(855, 97, '兴宁区', 3),
(856, 97, '良庆区', 3),
(857, 97, '西乡塘区', 3),
(858, 97, '江南区', 3),
(859, 97, '武鸣县', 3),
(860, 97, '隆安县', 3),
(861, 97, '马山县', 3),
(862, 97, '上林县', 3),
(863, 97, '宾阳县', 3),
(864, 97, '横县', 3),
(865, 98, '秀峰区', 3),
(866, 98, '叠彩区', 3),
(867, 98, '象山区', 3),
(868, 98, '七星区', 3),
(869, 98, '雁山区', 3),
(870, 98, '阳朔县', 3),
(871, 98, '临桂县', 3),
(872, 98, '灵川县', 3),
(873, 98, '全州县', 3),
(874, 98, '平乐县', 3),
(875, 98, '兴安县', 3),
(876, 98, '灌阳县', 3),
(877, 98, '荔浦县', 3),
(878, 98, '资源县', 3),
(879, 98, '永福县', 3),
(880, 98, '龙胜', 3),
(881, 98, '恭城', 3),
(882, 99, '右江区', 3),
(883, 99, '凌云县', 3),
(884, 99, '平果县', 3),
(885, 99, '西林县', 3),
(886, 99, '乐业县', 3),
(887, 99, '德保县', 3),
(888, 99, '田林县', 3),
(889, 99, '田阳县', 3),
(890, 99, '靖西县', 3),
(891, 99, '田东县', 3),
(892, 99, '那坡县', 3),
(893, 99, '隆林', 3),
(894, 100, '海城区', 3),
(895, 100, '银海区', 3),
(896, 100, '铁山港区', 3),
(897, 100, '合浦县', 3),
(898, 101, '江州区', 3),
(899, 101, '凭祥市', 3),
(900, 101, '宁明县', 3),
(901, 101, '扶绥县', 3),
(902, 101, '龙州县', 3),
(903, 101, '大新县', 3),
(904, 101, '天等县', 3),
(905, 102, '港口区', 3),
(906, 102, '防城区', 3),
(907, 102, '东兴市', 3),
(908, 102, '上思县', 3),
(909, 103, '港北区', 3),
(910, 103, '港南区', 3),
(911, 103, '覃塘区', 3),
(912, 103, '桂平市', 3),
(913, 103, '平南县', 3),
(914, 104, '金城江区', 3),
(915, 104, '宜州市', 3),
(916, 104, '天峨县', 3),
(917, 104, '凤山县', 3),
(918, 104, '南丹县', 3),
(919, 104, '东兰县', 3),
(920, 104, '都安', 3),
(921, 104, '罗城', 3),
(922, 104, '巴马', 3),
(923, 104, '环江', 3),
(924, 104, '大化', 3),
(925, 105, '八步区', 3),
(926, 105, '钟山县', 3),
(927, 105, '昭平县', 3),
(928, 105, '富川', 3),
(929, 106, '兴宾区', 3),
(930, 106, '合山市', 3),
(931, 106, '象州县', 3),
(932, 106, '武宣县', 3),
(933, 106, '忻城县', 3),
(934, 106, '金秀', 3),
(935, 107, '城中区', 3),
(936, 107, '鱼峰区', 3),
(937, 107, '柳北区', 3),
(938, 107, '柳南区', 3),
(939, 107, '柳江县', 3),
(940, 107, '柳城县', 3),
(941, 107, '鹿寨县', 3),
(942, 107, '融安县', 3),
(943, 107, '融水', 3),
(944, 107, '三江', 3),
(945, 108, '钦南区', 3),
(946, 108, '钦北区', 3),
(947, 108, '灵山县', 3),
(948, 108, '浦北县', 3),
(949, 109, '万秀区', 3),
(950, 109, '蝶山区', 3),
(951, 109, '长洲区', 3),
(952, 109, '岑溪市', 3),
(953, 109, '苍梧县', 3),
(954, 109, '藤县', 3),
(955, 109, '蒙山县', 3),
(956, 110, '玉州区', 3),
(957, 110, '北流市', 3),
(958, 110, '容县', 3),
(959, 110, '陆川县', 3),
(960, 110, '博白县', 3),
(961, 110, '兴业县', 3),
(962, 111, '南明区', 3),
(963, 111, '云岩区', 3),
(964, 111, '花溪区', 3),
(965, 111, '乌当区', 3),
(966, 111, '白云区', 3),
(967, 111, '小河区', 3),
(968, 111, '金阳新区', 3),
(969, 111, '新天园区', 3),
(970, 111, '清镇市', 3),
(971, 111, '开阳县', 3),
(972, 111, '修文县', 3),
(973, 111, '息烽县', 3),
(974, 112, '西秀区', 3),
(975, 112, '关岭', 3),
(976, 112, '镇宁', 3),
(977, 112, '紫云', 3),
(978, 112, '平坝县', 3),
(979, 112, '普定县', 3),
(980, 113, '毕节市', 3),
(981, 113, '大方县', 3),
(982, 113, '黔西县', 3),
(983, 113, '金沙县', 3),
(984, 113, '织金县', 3),
(985, 113, '纳雍县', 3),
(986, 113, '赫章县', 3),
(987, 113, '威宁', 3),
(988, 114, '钟山区', 3),
(989, 114, '六枝特区', 3),
(990, 114, '水城县', 3),
(991, 114, '盘县', 3),
(992, 115, '凯里市', 3),
(993, 115, '黄平县', 3),
(994, 115, '施秉县', 3),
(995, 115, '三穗县', 3),
(996, 115, '镇远县', 3),
(997, 115, '岑巩县', 3),
(998, 115, '天柱县', 3),
(999, 115, '锦屏县', 3),
(1000, 115, '剑河县', 3),
(1001, 115, '台江县', 3),
(1002, 115, '黎平县', 3),
(1003, 115, '榕江县', 3),
(1004, 115, '从江县', 3),
(1005, 115, '雷山县', 3),
(1006, 115, '麻江县', 3),
(1007, 115, '丹寨县', 3),
(1008, 116, '都匀市', 3),
(1009, 116, '福泉市', 3),
(1010, 116, '荔波县', 3),
(1011, 116, '贵定县', 3),
(1012, 116, '瓮安县', 3),
(1013, 116, '独山县', 3),
(1014, 116, '平塘县', 3),
(1015, 116, '罗甸县', 3),
(1016, 116, '长顺县', 3),
(1017, 116, '龙里县', 3),
(1018, 116, '惠水县', 3),
(1019, 116, '三都', 3),
(1020, 117, '兴义市', 3),
(1021, 117, '兴仁县', 3),
(1022, 117, '普安县', 3),
(1023, 117, '晴隆县', 3),
(1024, 117, '贞丰县', 3),
(1025, 117, '望谟县', 3),
(1026, 117, '册亨县', 3),
(1027, 117, '安龙县', 3),
(1028, 118, '铜仁市', 3),
(1029, 118, '江口县', 3),
(1030, 118, '石阡县', 3),
(1031, 118, '思南县', 3),
(1032, 118, '德江县', 3),
(1033, 118, '玉屏', 3),
(1034, 118, '印江', 3),
(1035, 118, '沿河', 3),
(1036, 118, '松桃', 3),
(1037, 118, '万山特区', 3),
(1038, 119, '红花岗区', 3),
(1039, 119, '务川县', 3),
(1040, 119, '道真县', 3),
(1041, 119, '汇川区', 3),
(1042, 119, '赤水市', 3),
(1043, 119, '仁怀市', 3),
(1044, 119, '遵义县', 3),
(1045, 119, '桐梓县', 3),
(1046, 119, '绥阳县', 3),
(1047, 119, '正安县', 3),
(1048, 119, '凤冈县', 3),
(1049, 119, '湄潭县', 3),
(1050, 119, '余庆县', 3),
(1051, 119, '习水县', 3),
(1052, 119, '道真', 3),
(1053, 119, '务川', 3),
(1054, 120, '秀英区', 3),
(1055, 120, '龙华区', 3),
(1056, 120, '琼山区', 3),
(1057, 120, '美兰区', 3),
(1058, 137, '市区', 3),
(1059, 137, '洋浦开发区', 3),
(1060, 137, '那大镇', 3),
(1061, 137, '王五镇', 3),
(1062, 137, '雅星镇', 3),
(1063, 137, '大成镇', 3),
(1064, 137, '中和镇', 3),
(1065, 137, '峨蔓镇', 3),
(1066, 137, '南丰镇', 3),
(1067, 137, '白马井镇', 3),
(1068, 137, '兰洋镇', 3),
(1069, 137, '和庆镇', 3),
(1070, 137, '海头镇', 3),
(1071, 137, '排浦镇', 3),
(1072, 137, '东成镇', 3),
(1073, 137, '光村镇', 3),
(1074, 137, '木棠镇', 3),
(1075, 137, '新州镇', 3),
(1076, 137, '三都镇', 3),
(1077, 137, '其他', 3),
(1078, 138, '长安区', 3),
(1079, 138, '桥东区', 3),
(1080, 138, '桥西区', 3),
(1081, 138, '新华区', 3),
(1082, 138, '裕华区', 3),
(1083, 138, '井陉矿区', 3),
(1084, 138, '高新区', 3),
(1085, 138, '辛集市', 3),
(1086, 138, '藁城市', 3),
(1087, 138, '晋州市', 3),
(1088, 138, '新乐市', 3),
(1089, 138, '鹿泉市', 3),
(1090, 138, '井陉县', 3),
(1091, 138, '正定县', 3),
(1092, 138, '栾城县', 3),
(1093, 138, '行唐县', 3),
(1094, 138, '灵寿县', 3),
(1095, 138, '高邑县', 3),
(1096, 138, '深泽县', 3),
(1097, 138, '赞皇县', 3),
(1098, 138, '无极县', 3),
(1099, 138, '平山县', 3),
(1100, 138, '元氏县', 3),
(1101, 138, '赵县', 3),
(1102, 139, '新市区', 3),
(1103, 139, '南市区', 3),
(1104, 139, '北市区', 3),
(1105, 139, '涿州市', 3),
(1106, 139, '定州市', 3),
(1107, 139, '安国市', 3),
(1108, 139, '高碑店市', 3),
(1109, 139, '满城县', 3),
(1110, 139, '清苑县', 3),
(1111, 139, '涞水县', 3),
(1112, 139, '阜平县', 3),
(1113, 139, '徐水县', 3),
(1114, 139, '定兴县', 3),
(1115, 139, '唐县', 3),
(1116, 139, '高阳县', 3),
(1117, 139, '容城县', 3),
(1118, 139, '涞源县', 3),
(1119, 139, '望都县', 3),
(1120, 139, '安新县', 3),
(1121, 139, '易县', 3),
(1122, 139, '曲阳县', 3),
(1123, 139, '蠡县', 3),
(1124, 139, '顺平县', 3),
(1125, 139, '博野县', 3),
(1126, 139, '雄县', 3),
(1127, 140, '运河区', 3),
(1128, 140, '新华区', 3),
(1129, 140, '泊头市', 3),
(1130, 140, '任丘市', 3),
(1131, 140, '黄骅市', 3),
(1132, 140, '河间市', 3),
(1133, 140, '沧县', 3),
(1134, 140, '青县', 3),
(1135, 140, '东光县', 3),
(1136, 140, '海兴县', 3),
(1137, 140, '盐山县', 3),
(1138, 140, '肃宁县', 3),
(1139, 140, '南皮县', 3),
(1140, 140, '吴桥县', 3),
(1141, 140, '献县', 3),
(1142, 140, '孟村', 3),
(1143, 141, '双桥区', 3),
(1144, 141, '双滦区', 3),
(1145, 141, '鹰手营子矿区', 3),
(1146, 141, '承德县', 3),
(1147, 141, '兴隆县', 3),
(1148, 141, '平泉县', 3),
(1149, 141, '滦平县', 3),
(1150, 141, '隆化县', 3),
(1151, 141, '丰宁', 3),
(1152, 141, '宽城', 3),
(1153, 141, '围场', 3),
(1154, 142, '从台区', 3),
(1155, 142, '复兴区', 3),
(1156, 142, '邯山区', 3),
(1157, 142, '峰峰矿区', 3),
(1158, 142, '武安市', 3),
(1159, 142, '邯郸县', 3),
(1160, 142, '临漳县', 3),
(1161, 142, '成安县', 3),
(1162, 142, '大名县', 3),
(1163, 142, '涉县', 3),
(1164, 142, '磁县', 3),
(1165, 142, '肥乡县', 3),
(1166, 142, '永年县', 3),
(1167, 142, '邱县', 3),
(1168, 142, '鸡泽县', 3),
(1169, 142, '广平县', 3),
(1170, 142, '馆陶县', 3),
(1171, 142, '魏县', 3),
(1172, 142, '曲周县', 3),
(1173, 143, '桃城区', 3),
(1174, 143, '冀州市', 3),
(1175, 143, '深州市', 3),
(1176, 143, '枣强县', 3),
(1177, 143, '武邑县', 3),
(1178, 143, '武强县', 3),
(1179, 143, '饶阳县', 3),
(1180, 143, '安平县', 3),
(1181, 143, '故城县', 3),
(1182, 143, '景县', 3),
(1183, 143, '阜城县', 3),
(1184, 144, '安次区', 3),
(1185, 144, '广阳区', 3),
(1186, 144, '霸州市', 3),
(1187, 144, '三河市', 3),
(1188, 144, '固安县', 3),
(1189, 144, '永清县', 3),
(1190, 144, '香河县', 3),
(1191, 144, '大城县', 3),
(1192, 144, '文安县', 3),
(1193, 144, '大厂', 3),
(1194, 145, '海港区', 3),
(1195, 145, '山海关区', 3),
(1196, 145, '北戴河区', 3),
(1197, 145, '昌黎县', 3),
(1198, 145, '抚宁县', 3),
(1199, 145, '卢龙县', 3),
(1200, 145, '青龙', 3),
(1201, 146, '路北区', 3),
(1202, 146, '路南区', 3),
(1203, 146, '古冶区', 3),
(1204, 146, '开平区', 3),
(1205, 146, '丰南区', 3),
(1206, 146, '丰润区', 3),
(1207, 146, '遵化市', 3),
(1208, 146, '迁安市', 3),
(1209, 146, '滦县', 3),
(1210, 146, '滦南县', 3),
(1211, 146, '乐亭县', 3),
(1212, 146, '迁西县', 3),
(1213, 146, '玉田县', 3),
(1214, 146, '唐海县', 3),
(1215, 147, '桥东区', 3),
(1216, 147, '桥西区', 3),
(1217, 147, '南宫市', 3),
(1218, 147, '沙河市', 3),
(1219, 147, '邢台县', 3),
(1220, 147, '临城县', 3),
(1221, 147, '内丘县', 3),
(1222, 147, '柏乡县', 3),
(1223, 147, '隆尧县', 3),
(1224, 147, '任县', 3),
(1225, 147, '南和县', 3),
(1226, 147, '宁晋县', 3),
(1227, 147, '巨鹿县', 3),
(1228, 147, '新河县', 3),
(1229, 147, '广宗县', 3),
(1230, 147, '平乡县', 3),
(1231, 147, '威县', 3),
(1232, 147, '清河县', 3),
(1233, 147, '临西县', 3),
(1234, 148, '桥西区', 3),
(1235, 148, '桥东区', 3),
(1236, 148, '宣化区', 3),
(1237, 148, '下花园区', 3),
(1238, 148, '宣化县', 3),
(1239, 148, '张北县', 3),
(1240, 148, '康保县', 3),
(1241, 148, '沽源县', 3),
(1242, 148, '尚义县', 3),
(1243, 148, '蔚县', 3),
(1244, 148, '阳原县', 3),
(1245, 148, '怀安县', 3),
(1246, 148, '万全县', 3),
(1247, 148, '怀来县', 3),
(1248, 148, '涿鹿县', 3),
(1249, 148, '赤城县', 3),
(1250, 148, '崇礼县', 3),
(1251, 149, '金水区', 3),
(1252, 149, '邙山区', 3),
(1253, 149, '二七区', 3),
(1254, 149, '管城区', 3),
(1255, 149, '中原区', 3),
(1256, 149, '上街区', 3),
(1257, 149, '惠济区', 3),
(1258, 149, '郑东新区', 3),
(1259, 149, '经济技术开发区', 3),
(1260, 149, '高新开发区', 3),
(1261, 149, '出口加工区', 3),
(1262, 149, '巩义市', 3),
(1263, 149, '荥阳市', 3),
(1264, 149, '新密市', 3),
(1265, 149, '新郑市', 3),
(1266, 149, '登封市', 3),
(1267, 149, '中牟县', 3),
(1268, 150, '西工区', 3),
(1269, 150, '老城区', 3),
(1270, 150, '涧西区', 3),
(1271, 150, '瀍河回族区', 3),
(1272, 150, '洛龙区', 3),
(1273, 150, '吉利区', 3),
(1274, 150, '偃师市', 3),
(1275, 150, '孟津县', 3),
(1276, 150, '新安县', 3),
(1277, 150, '栾川县', 3),
(1278, 150, '嵩县', 3),
(1279, 150, '汝阳县', 3),
(1280, 150, '宜阳县', 3),
(1281, 150, '洛宁县', 3),
(1282, 150, '伊川县', 3),
(1283, 151, '鼓楼区', 3),
(1284, 151, '龙亭区', 3),
(1285, 151, '顺河回族区', 3),
(1286, 151, '金明区', 3),
(1287, 151, '禹王台区', 3),
(1288, 151, '杞县', 3),
(1289, 151, '通许县', 3),
(1290, 151, '尉氏县', 3),
(1291, 151, '开封县', 3),
(1292, 151, '兰考县', 3),
(1293, 152, '北关区', 3),
(1294, 152, '文峰区', 3),
(1295, 152, '殷都区', 3),
(1296, 152, '龙安区', 3),
(1297, 152, '林州市', 3),
(1298, 152, '安阳县', 3),
(1299, 152, '汤阴县', 3),
(1300, 152, '滑县', 3),
(1301, 152, '内黄县', 3),
(1302, 153, '淇滨区', 3),
(1303, 153, '山城区', 3),
(1304, 153, '鹤山区', 3),
(1305, 153, '浚县', 3),
(1306, 153, '淇县', 3),
(1307, 154, '济源市', 3),
(1308, 155, '解放区', 3),
(1309, 155, '中站区', 3),
(1310, 155, '马村区', 3),
(1311, 155, '山阳区', 3),
(1312, 155, '沁阳市', 3),
(1313, 155, '孟州市', 3),
(1314, 155, '修武县', 3),
(1315, 155, '博爱县', 3),
(1316, 155, '武陟县', 3),
(1317, 155, '温县', 3),
(1318, 156, '卧龙区', 3),
(1319, 156, '宛城区', 3),
(1320, 156, '邓州市', 3),
(1321, 156, '南召县', 3),
(1322, 156, '方城县', 3),
(1323, 156, '西峡县', 3),
(1324, 156, '镇平县', 3),
(1325, 156, '内乡县', 3),
(1326, 156, '淅川县', 3),
(1327, 156, '社旗县', 3),
(1328, 156, '唐河县', 3),
(1329, 156, '新野县', 3),
(1330, 156, '桐柏县', 3),
(1331, 157, '新华区', 3),
(1332, 157, '卫东区', 3),
(1333, 157, '湛河区', 3),
(1334, 157, '石龙区', 3),
(1335, 157, '舞钢市', 3),
(1336, 157, '汝州市', 3),
(1337, 157, '宝丰县', 3),
(1338, 157, '叶县', 3),
(1339, 157, '鲁山县', 3),
(1340, 157, '郏县', 3),
(1341, 158, '湖滨区', 3),
(1342, 158, '义马市', 3),
(1343, 158, '灵宝市', 3),
(1344, 158, '渑池县', 3),
(1345, 158, '陕县', 3),
(1346, 158, '卢氏县', 3),
(1347, 159, '梁园区', 3),
(1348, 159, '睢阳区', 3),
(1349, 159, '永城市', 3),
(1350, 159, '民权县', 3),
(1351, 159, '睢县', 3),
(1352, 159, '宁陵县', 3),
(1353, 159, '虞城县', 3),
(1354, 159, '柘城县', 3),
(1355, 159, '夏邑县', 3),
(1356, 160, '卫滨区', 3),
(1357, 160, '红旗区', 3),
(1358, 160, '凤泉区', 3),
(1359, 160, '牧野区', 3),
(1360, 160, '卫辉市', 3),
(1361, 160, '辉县市', 3),
(1362, 160, '新乡县', 3),
(1363, 160, '获嘉县', 3),
(1364, 160, '原阳县', 3),
(1365, 160, '延津县', 3),
(1366, 160, '封丘县', 3),
(1367, 160, '长垣县', 3),
(1368, 161, '浉河区', 3),
(1369, 161, '平桥区', 3),
(1370, 161, '罗山县', 3),
(1371, 161, '光山县', 3),
(1372, 161, '新县', 3),
(1373, 161, '商城县', 3),
(1374, 161, '固始县', 3),
(1375, 161, '潢川县', 3),
(1376, 161, '淮滨县', 3),
(1377, 161, '息县', 3),
(1378, 162, '魏都区', 3),
(1379, 162, '禹州市', 3),
(1380, 162, '长葛市', 3),
(1381, 162, '许昌县', 3),
(1382, 162, '鄢陵县', 3),
(1383, 162, '襄城县', 3),
(1384, 163, '川汇区', 3),
(1385, 163, '项城市', 3),
(1386, 163, '扶沟县', 3),
(1387, 163, '西华县', 3),
(1388, 163, '商水县', 3),
(1389, 163, '沈丘县', 3),
(1390, 163, '郸城县', 3),
(1391, 163, '淮阳县', 3),
(1392, 163, '太康县', 3),
(1393, 163, '鹿邑县', 3),
(1394, 164, '驿城区', 3),
(1395, 164, '西平县', 3),
(1396, 164, '上蔡县', 3),
(1397, 164, '平舆县', 3),
(1398, 164, '正阳县', 3),
(1399, 164, '确山县', 3),
(1400, 164, '泌阳县', 3),
(1401, 164, '汝南县', 3),
(1402, 164, '遂平县', 3),
(1403, 164, '新蔡县', 3),
(1404, 165, '郾城区', 3),
(1405, 165, '源汇区', 3),
(1406, 165, '召陵区', 3),
(1407, 165, '舞阳县', 3),
(1408, 165, '临颍县', 3),
(1409, 166, '华龙区', 3),
(1410, 166, '清丰县', 3),
(1411, 166, '南乐县', 3),
(1412, 166, '范县', 3),
(1413, 166, '台前县', 3),
(1414, 166, '濮阳县', 3),
(1415, 167, '道里区', 3),
(1416, 167, '南岗区', 3),
(1417, 167, '动力区', 3),
(1418, 167, '平房区', 3),
(1419, 167, '香坊区', 3),
(1420, 167, '太平区', 3),
(1421, 167, '道外区', 3),
(1422, 167, '阿城区', 3),
(1423, 167, '呼兰区', 3),
(1424, 167, '松北区', 3),
(1425, 167, '尚志市', 3),
(1426, 167, '双城市', 3),
(1427, 167, '五常市', 3),
(1428, 167, '方正县', 3),
(1429, 167, '宾县', 3),
(1430, 167, '依兰县', 3),
(1431, 167, '巴彦县', 3),
(1432, 167, '通河县', 3),
(1433, 167, '木兰县', 3),
(1434, 167, '延寿县', 3),
(1435, 168, '萨尔图区', 3),
(1436, 168, '红岗区', 3),
(1437, 168, '龙凤区', 3),
(1438, 168, '让胡路区', 3),
(1439, 168, '大同区', 3),
(1440, 168, '肇州县', 3),
(1441, 168, '肇源县', 3),
(1442, 168, '林甸县', 3),
(1443, 168, '杜尔伯特', 3),
(1444, 169, '呼玛县', 3),
(1445, 169, '漠河县', 3),
(1446, 169, '塔河县', 3),
(1447, 170, '兴山区', 3),
(1448, 170, '工农区', 3),
(1449, 170, '南山区', 3),
(1450, 170, '兴安区', 3),
(1451, 170, '向阳区', 3),
(1452, 170, '东山区', 3),
(1453, 170, '萝北县', 3),
(1454, 170, '绥滨县', 3),
(1455, 171, '爱辉区', 3),
(1456, 171, '五大连池市', 3),
(1457, 171, '北安市', 3),
(1458, 171, '嫩江县', 3),
(1459, 171, '逊克县', 3),
(1460, 171, '孙吴县', 3),
(1461, 172, '鸡冠区', 3),
(1462, 172, '恒山区', 3),
(1463, 172, '城子河区', 3),
(1464, 172, '滴道区', 3),
(1465, 172, '梨树区', 3),
(1466, 172, '虎林市', 3),
(1467, 172, '密山市', 3),
(1468, 172, '鸡东县', 3),
(1469, 173, '前进区', 3),
(1470, 173, '郊区', 3),
(1471, 173, '向阳区', 3),
(1472, 173, '东风区', 3),
(1473, 173, '同江市', 3),
(1474, 173, '富锦市', 3),
(1475, 173, '桦南县', 3),
(1476, 173, '桦川县', 3),
(1477, 173, '汤原县', 3),
(1478, 173, '抚远县', 3),
(1479, 174, '爱民区', 3),
(1480, 174, '东安区', 3),
(1481, 174, '阳明区', 3),
(1482, 174, '西安区', 3),
(1483, 174, '绥芬河市', 3),
(1484, 174, '海林市', 3),
(1485, 174, '宁安市', 3),
(1486, 174, '穆棱市', 3),
(1487, 174, '东宁县', 3),
(1488, 174, '林口县', 3),
(1489, 175, '桃山区', 3),
(1490, 175, '新兴区', 3),
(1491, 175, '茄子河区', 3),
(1492, 175, '勃利县', 3),
(1493, 176, '龙沙区', 3),
(1494, 176, '昂昂溪区', 3),
(1495, 176, '铁峰区', 3),
(1496, 176, '建华区', 3),
(1497, 176, '富拉尔基区', 3),
(1498, 176, '碾子山区', 3),
(1499, 176, '梅里斯达斡尔区', 3),
(1500, 176, '讷河市', 3),
(1501, 176, '龙江县', 3),
(1502, 176, '依安县', 3),
(1503, 176, '泰来县', 3),
(1504, 176, '甘南县', 3),
(1505, 176, '富裕县', 3),
(1506, 176, '克山县', 3),
(1507, 176, '克东县', 3),
(1508, 176, '拜泉县', 3),
(1509, 177, '尖山区', 3),
(1510, 177, '岭东区', 3),
(1511, 177, '四方台区', 3),
(1512, 177, '宝山区', 3),
(1513, 177, '集贤县', 3),
(1514, 177, '友谊县', 3),
(1515, 177, '宝清县', 3),
(1516, 177, '饶河县', 3),
(1517, 178, '北林区', 3),
(1518, 178, '安达市', 3),
(1519, 178, '肇东市', 3),
(1520, 178, '海伦市', 3),
(1521, 178, '望奎县', 3),
(1522, 178, '兰西县', 3),
(1523, 178, '青冈县', 3),
(1524, 178, '庆安县', 3),
(1525, 178, '明水县', 3),
(1526, 178, '绥棱县', 3),
(1527, 179, '伊春区', 3),
(1528, 179, '带岭区', 3),
(1529, 179, '南岔区', 3),
(1530, 179, '金山屯区', 3),
(1531, 179, '西林区', 3),
(1532, 179, '美溪区', 3),
(1533, 179, '乌马河区', 3),
(1534, 179, '翠峦区', 3),
(1535, 179, '友好区', 3),
(1536, 179, '上甘岭区', 3),
(1537, 179, '五营区', 3),
(1538, 179, '红星区', 3),
(1539, 179, '新青区', 3),
(1540, 179, '汤旺河区', 3),
(1541, 179, '乌伊岭区', 3),
(1542, 179, '铁力市', 3),
(1543, 179, '嘉荫县', 3),
(1544, 180, '江岸区', 3),
(1545, 180, '武昌区', 3),
(1546, 180, '江汉区', 3),
(1547, 180, '硚口区', 3),
(1548, 180, '汉阳区', 3),
(1549, 180, '青山区', 3),
(1550, 180, '洪山区', 3),
(1551, 180, '东西湖区', 3),
(1552, 180, '汉南区', 3),
(1553, 180, '蔡甸区', 3),
(1554, 180, '江夏区', 3),
(1555, 180, '黄陂区', 3),
(1556, 180, '新洲区', 3),
(1557, 180, '经济开发区', 3),
(1558, 181, '仙桃市', 3),
(1559, 182, '鄂城区', 3),
(1560, 182, '华容区', 3),
(1561, 182, '梁子湖区', 3),
(1562, 183, '黄州区', 3),
(1563, 183, '麻城市', 3),
(1564, 183, '武穴市', 3),
(1565, 183, '团风县', 3),
(1566, 183, '红安县', 3),
(1567, 183, '罗田县', 3),
(1568, 183, '英山县', 3),
(1569, 183, '浠水县', 3),
(1570, 183, '蕲春县', 3),
(1571, 183, '黄梅县', 3),
(1572, 184, '黄石港区', 3),
(1573, 184, '西塞山区', 3),
(1574, 184, '下陆区', 3),
(1575, 184, '铁山区', 3),
(1576, 184, '大冶市', 3),
(1577, 184, '阳新县', 3),
(1578, 185, '东宝区', 3),
(1579, 185, '掇刀区', 3),
(1580, 185, '钟祥市', 3),
(1581, 185, '京山县', 3),
(1582, 185, '沙洋县', 3),
(1583, 186, '沙市区', 3),
(1584, 186, '荆州区', 3),
(1585, 186, '石首市', 3),
(1586, 186, '洪湖市', 3),
(1587, 186, '松滋市', 3),
(1588, 186, '公安县', 3),
(1589, 186, '监利县', 3),
(1590, 186, '江陵县', 3),
(1591, 187, '潜江市', 3),
(1592, 188, '神农架林区', 3),
(1593, 189, '张湾区', 3),
(1594, 189, '茅箭区', 3),
(1595, 189, '丹江口市', 3),
(1596, 189, '郧县', 3),
(1597, 189, '郧西县', 3),
(1598, 189, '竹山县', 3),
(1599, 189, '竹溪县', 3),
(1600, 189, '房县', 3),
(1601, 190, '曾都区', 3),
(1602, 190, '广水市', 3),
(1603, 191, '天门市', 3),
(1604, 192, '咸安区', 3),
(1605, 192, '赤壁市', 3),
(1606, 192, '嘉鱼县', 3),
(1607, 192, '通城县', 3),
(1608, 192, '崇阳县', 3),
(1609, 192, '通山县', 3),
(1610, 193, '襄城区', 3),
(1611, 193, '樊城区', 3),
(1612, 193, '襄阳区', 3),
(1613, 193, '老河口市', 3),
(1614, 193, '枣阳市', 3),
(1615, 193, '宜城市', 3),
(1616, 193, '南漳县', 3),
(1617, 193, '谷城县', 3),
(1618, 193, '保康县', 3),
(1619, 194, '孝南区', 3),
(1620, 194, '应城市', 3),
(1621, 194, '安陆市', 3),
(1622, 194, '汉川市', 3),
(1623, 194, '孝昌县', 3),
(1624, 194, '大悟县', 3),
(1625, 194, '云梦县', 3),
(1626, 195, '长阳', 3),
(1627, 195, '五峰', 3),
(1628, 195, '西陵区', 3),
(1629, 195, '伍家岗区', 3),
(1630, 195, '点军区', 3),
(1631, 195, '猇亭区', 3),
(1632, 195, '夷陵区', 3),
(1633, 195, '宜都市', 3),
(1634, 195, '当阳市', 3),
(1635, 195, '枝江市', 3),
(1636, 195, '远安县', 3),
(1637, 195, '兴山县', 3),
(1638, 195, '秭归县', 3),
(1639, 196, '恩施市', 3),
(1640, 196, '利川市', 3),
(1641, 196, '建始县', 3),
(1642, 196, '巴东县', 3),
(1643, 196, '宣恩县', 3),
(1644, 196, '咸丰县', 3),
(1645, 196, '来凤县', 3),
(1646, 196, '鹤峰县', 3),
(1647, 197, '岳麓区', 3),
(1648, 197, '芙蓉区', 3),
(1649, 197, '天心区', 3),
(1650, 197, '开福区', 3),
(1651, 197, '雨花区', 3),
(1652, 197, '开发区', 3),
(1653, 197, '浏阳市', 3),
(1654, 197, '长沙县', 3),
(1655, 197, '望城县', 3),
(1656, 197, '宁乡县', 3),
(1657, 198, '永定区', 3),
(1658, 198, '武陵源区', 3),
(1659, 198, '慈利县', 3),
(1660, 198, '桑植县', 3),
(1661, 199, '武陵区', 3),
(1662, 199, '鼎城区', 3),
(1663, 199, '津市市', 3),
(1664, 199, '安乡县', 3),
(1665, 199, '汉寿县', 3),
(1666, 199, '澧县', 3),
(1667, 199, '临澧县', 3),
(1668, 199, '桃源县', 3),
(1669, 199, '石门县', 3),
(1670, 200, '北湖区', 3),
(1671, 200, '苏仙区', 3),
(1672, 200, '资兴市', 3),
(1673, 200, '桂阳县', 3),
(1674, 200, '宜章县', 3),
(1675, 200, '永兴县', 3),
(1676, 200, '嘉禾县', 3),
(1677, 200, '临武县', 3),
(1678, 200, '汝城县', 3),
(1679, 200, '桂东县', 3),
(1680, 200, '安仁县', 3),
(1681, 201, '雁峰区', 3),
(1682, 201, '珠晖区', 3),
(1683, 201, '石鼓区', 3),
(1684, 201, '蒸湘区', 3),
(1685, 201, '南岳区', 3),
(1686, 201, '耒阳市', 3),
(1687, 201, '常宁市', 3),
(1688, 201, '衡阳县', 3),
(1689, 201, '衡南县', 3),
(1690, 201, '衡山县', 3),
(1691, 201, '衡东县', 3),
(1692, 201, '祁东县', 3),
(1693, 202, '鹤城区', 3),
(1694, 202, '靖州', 3),
(1695, 202, '麻阳', 3),
(1696, 202, '通道', 3),
(1697, 202, '新晃', 3),
(1698, 202, '芷江', 3),
(1699, 202, '沅陵县', 3),
(1700, 202, '辰溪县', 3),
(1701, 202, '溆浦县', 3),
(1702, 202, '中方县', 3),
(1703, 202, '会同县', 3),
(1704, 202, '洪江市', 3),
(1705, 203, '娄星区', 3),
(1706, 203, '冷水江市', 3),
(1707, 203, '涟源市', 3),
(1708, 203, '双峰县', 3),
(1709, 203, '新化县', 3),
(1710, 204, '城步', 3),
(1711, 204, '双清区', 3),
(1712, 204, '大祥区', 3),
(1713, 204, '北塔区', 3),
(1714, 204, '武冈市', 3),
(1715, 204, '邵东县', 3),
(1716, 204, '新邵县', 3),
(1717, 204, '邵阳县', 3),
(1718, 204, '隆回县', 3),
(1719, 204, '洞口县', 3),
(1720, 204, '绥宁县', 3),
(1721, 204, '新宁县', 3),
(1722, 205, '岳塘区', 3),
(1723, 205, '雨湖区', 3),
(1724, 205, '湘乡市', 3),
(1725, 205, '韶山市', 3),
(1726, 205, '湘潭县', 3),
(1727, 206, '吉首市', 3),
(1728, 206, '泸溪县', 3),
(1729, 206, '凤凰县', 3),
(1730, 206, '花垣县', 3),
(1731, 206, '保靖县', 3),
(1732, 206, '古丈县', 3),
(1733, 206, '永顺县', 3),
(1734, 206, '龙山县', 3),
(1735, 207, '赫山区', 3),
(1736, 207, '资阳区', 3),
(1737, 207, '沅江市', 3),
(1738, 207, '南县', 3),
(1739, 207, '桃江县', 3),
(1740, 207, '安化县', 3),
(1741, 208, '江华', 3),
(1742, 208, '冷水滩区', 3),
(1743, 208, '零陵区', 3),
(1744, 208, '祁阳县', 3),
(1745, 208, '东安县', 3),
(1746, 208, '双牌县', 3),
(1747, 208, '道县', 3),
(1748, 208, '江永县', 3),
(1749, 208, '宁远县', 3),
(1750, 208, '蓝山县', 3),
(1751, 208, '新田县', 3),
(1752, 209, '岳阳楼区', 3),
(1753, 209, '君山区', 3),
(1754, 209, '云溪区', 3),
(1755, 209, '汨罗市', 3),
(1756, 209, '临湘市', 3),
(1757, 209, '岳阳县', 3),
(1758, 209, '华容县', 3),
(1759, 209, '湘阴县', 3),
(1760, 209, '平江县', 3),
(1761, 210, '天元区', 3),
(1762, 210, '荷塘区', 3),
(1763, 210, '芦淞区', 3),
(1764, 210, '石峰区', 3),
(1765, 210, '醴陵市', 3),
(1766, 210, '株洲县', 3),
(1767, 210, '攸县', 3),
(1768, 210, '茶陵县', 3),
(1769, 210, '炎陵县', 3),
(1770, 211, '朝阳区', 3),
(1771, 211, '宽城区', 3),
(1772, 211, '二道区', 3),
(1773, 211, '南关区', 3),
(1774, 211, '绿园区', 3),
(1775, 211, '双阳区', 3),
(1776, 211, '净月潭开发区', 3),
(1777, 211, '高新技术开发区', 3),
(1778, 211, '经济技术开发区', 3),
(1779, 211, '汽车产业开发区', 3),
(1780, 211, '德惠市', 3),
(1781, 211, '九台市', 3),
(1782, 211, '榆树市', 3),
(1783, 211, '农安县', 3),
(1784, 212, '船营区', 3),
(1785, 212, '昌邑区', 3),
(1786, 212, '龙潭区', 3),
(1787, 212, '丰满区', 3),
(1788, 212, '蛟河市', 3),
(1789, 212, '桦甸市', 3),
(1790, 212, '舒兰市', 3),
(1791, 212, '磐石市', 3),
(1792, 212, '永吉县', 3),
(1793, 213, '洮北区', 3),
(1794, 213, '洮南市', 3),
(1795, 213, '大安市', 3),
(1796, 213, '镇赉县', 3),
(1797, 213, '通榆县', 3),
(1798, 214, '江源区', 3),
(1799, 214, '八道江区', 3),
(1800, 214, '长白', 3),
(1801, 214, '临江市', 3),
(1802, 214, '抚松县', 3),
(1803, 214, '靖宇县', 3),
(1804, 215, '龙山区', 3),
(1805, 215, '西安区', 3),
(1806, 215, '东丰县', 3),
(1807, 215, '东辽县', 3),
(1808, 216, '铁西区', 3),
(1809, 216, '铁东区', 3),
(1810, 216, '伊通', 3),
(1811, 216, '公主岭市', 3),
(1812, 216, '双辽市', 3),
(1813, 216, '梨树县', 3),
(1814, 217, '前郭尔罗斯', 3),
(1815, 217, '宁江区', 3),
(1816, 217, '长岭县', 3),
(1817, 217, '乾安县', 3),
(1818, 217, '扶余县', 3),
(1819, 218, '东昌区', 3),
(1820, 218, '二道江区', 3),
(1821, 218, '梅河口市', 3),
(1822, 218, '集安市', 3),
(1823, 218, '通化县', 3),
(1824, 218, '辉南县', 3),
(1825, 218, '柳河县', 3),
(1826, 219, '延吉市', 3),
(1827, 219, '图们市', 3),
(1828, 219, '敦化市', 3),
(1829, 219, '珲春市', 3),
(1830, 219, '龙井市', 3),
(1831, 219, '和龙市', 3),
(1832, 219, '安图县', 3),
(1833, 219, '汪清县', 3),
(1834, 220, '玄武区', 3),
(1835, 220, '鼓楼区', 3),
(1836, 220, '白下区', 3),
(1837, 220, '建邺区', 3),
(1838, 220, '秦淮区', 3),
(1839, 220, '雨花台区', 3),
(1840, 220, '下关区', 3),
(1841, 220, '栖霞区', 3),
(1842, 220, '浦口区', 3),
(1843, 220, '江宁区', 3),
(1844, 220, '六合区', 3),
(1845, 220, '溧水县', 3),
(1846, 220, '高淳县', 3),
(1847, 221, '沧浪区', 3),
(1848, 221, '金阊区', 3),
(1849, 221, '平江区', 3),
(1850, 221, '虎丘区', 3),
(1851, 221, '吴中区', 3),
(1852, 221, '相城区', 3),
(1853, 221, '园区', 3),
(1854, 221, '新区', 3),
(1855, 221, '常熟市', 3),
(1856, 221, '张家港市', 3),
(1857, 221, '玉山镇', 3),
(1858, 221, '巴城镇', 3),
(1859, 221, '周市镇', 3),
(1860, 221, '陆家镇', 3),
(1861, 221, '花桥镇', 3),
(1862, 221, '淀山湖镇', 3),
(1863, 221, '张浦镇', 3),
(1864, 221, '周庄镇', 3),
(1865, 221, '千灯镇', 3),
(1866, 221, '锦溪镇', 3),
(1867, 221, '开发区', 3),
(1868, 221, '吴江市', 3),
(1869, 221, '太仓市', 3),
(1870, 222, '崇安区', 3),
(1871, 222, '北塘区', 3),
(1872, 222, '南长区', 3),
(1873, 222, '锡山区', 3),
(1874, 222, '惠山区', 3),
(1875, 222, '滨湖区', 3),
(1876, 222, '新区', 3),
(1877, 222, '江阴市', 3),
(1878, 222, '宜兴市', 3),
(1879, 223, '天宁区', 3),
(1880, 223, '钟楼区', 3),
(1881, 223, '戚墅堰区', 3),
(1882, 223, '郊区', 3),
(1883, 223, '新北区', 3),
(1884, 223, '武进区', 3),
(1885, 223, '溧阳市', 3),
(1886, 223, '金坛市', 3),
(1887, 224, '清河区', 3),
(1888, 224, '清浦区', 3),
(1889, 224, '楚州区', 3),
(1890, 224, '淮阴区', 3),
(1891, 224, '涟水县', 3),
(1892, 224, '洪泽县', 3),
(1893, 224, '盱眙县', 3),
(1894, 224, '金湖县', 3),
(1895, 225, '新浦区', 3),
(1896, 225, '连云区', 3),
(1897, 225, '海州区', 3),
(1898, 225, '赣榆县', 3),
(1899, 225, '东海县', 3),
(1900, 225, '灌云县', 3),
(1901, 225, '灌南县', 3),
(1902, 226, '崇川区', 3),
(1903, 226, '港闸区', 3),
(1904, 226, '经济开发区', 3),
(1905, 226, '启东市', 3),
(1906, 226, '如皋市', 3),
(1907, 226, '通州市', 3),
(1908, 226, '海门市', 3),
(1909, 226, '海安县', 3),
(1910, 226, '如东县', 3),
(1911, 227, '宿城区', 3),
(1912, 227, '宿豫区', 3),
(1913, 227, '宿豫县', 3),
(1914, 227, '沭阳县', 3),
(1915, 227, '泗阳县', 3),
(1916, 227, '泗洪县', 3),
(1917, 228, '海陵区', 3),
(1918, 228, '高港区', 3),
(1919, 228, '兴化市', 3),
(1920, 228, '靖江市', 3),
(1921, 228, '泰兴市', 3),
(1922, 228, '姜堰市', 3),
(1923, 229, '云龙区', 3),
(1924, 229, '鼓楼区', 3),
(1925, 229, '九里区', 3),
(1926, 229, '贾汪区', 3),
(1927, 229, '泉山区', 3),
(1928, 229, '新沂市', 3),
(1929, 229, '邳州市', 3),
(1930, 229, '丰县', 3),
(1931, 229, '沛县', 3),
(1932, 229, '铜山县', 3),
(1933, 229, '睢宁县', 3),
(1934, 230, '城区', 3),
(1935, 230, '亭湖区', 3),
(1936, 230, '盐都区', 3),
(1937, 230, '盐都县', 3),
(1938, 230, '东台市', 3),
(1939, 230, '大丰市', 3),
(1940, 230, '响水县', 3),
(1941, 230, '滨海县', 3),
(1942, 230, '阜宁县', 3),
(1943, 230, '射阳县', 3),
(1944, 230, '建湖县', 3),
(1945, 231, '广陵区', 3),
(1946, 231, '维扬区', 3),
(1947, 231, '邗江区', 3),
(1948, 231, '仪征市', 3),
(1949, 231, '高邮市', 3),
(1950, 231, '江都市', 3),
(1951, 231, '宝应县', 3),
(1952, 232, '京口区', 3),
(1953, 232, '润州区', 3),
(1954, 232, '丹徒区', 3),
(1955, 232, '丹阳市', 3),
(1956, 232, '扬中市', 3),
(1957, 232, '句容市', 3),
(1958, 233, '东湖区', 3),
(1959, 233, '西湖区', 3),
(1960, 233, '青云谱区', 3),
(1961, 233, '湾里区', 3),
(1962, 233, '青山湖区', 3),
(1963, 233, '红谷滩新区', 3),
(1964, 233, '昌北区', 3),
(1965, 233, '高新区', 3),
(1966, 233, '南昌县', 3),
(1967, 233, '新建县', 3),
(1968, 233, '安义县', 3),
(1969, 233, '进贤县', 3),
(1970, 234, '临川区', 3),
(1971, 234, '南城县', 3),
(1972, 234, '黎川县', 3),
(1973, 234, '南丰县', 3),
(1974, 234, '崇仁县', 3),
(1975, 234, '乐安县', 3),
(1976, 234, '宜黄县', 3),
(1977, 234, '金溪县', 3),
(1978, 234, '资溪县', 3),
(1979, 234, '东乡县', 3),
(1980, 234, '广昌县', 3),
(1981, 235, '章贡区', 3),
(1982, 235, '于都县', 3),
(1983, 235, '瑞金市', 3),
(1984, 235, '南康市', 3),
(1985, 235, '赣县', 3),
(1986, 235, '信丰县', 3),
(1987, 235, '大余县', 3),
(1988, 235, '上犹县', 3),
(1989, 235, '崇义县', 3),
(1990, 235, '安远县', 3),
(1991, 235, '龙南县', 3),
(1992, 235, '定南县', 3),
(1993, 235, '全南县', 3),
(1994, 235, '宁都县', 3),
(1995, 235, '兴国县', 3),
(1996, 235, '会昌县', 3),
(1997, 235, '寻乌县', 3),
(1998, 235, '石城县', 3),
(1999, 236, '安福县', 3),
(2000, 236, '吉州区', 3),
(2001, 236, '青原区', 3),
(2002, 236, '井冈山市', 3),
(2003, 236, '吉安县', 3),
(2004, 236, '吉水县', 3),
(2005, 236, '峡江县', 3),
(2006, 236, '新干县', 3),
(2007, 236, '永丰县', 3),
(2008, 236, '泰和县', 3),
(2009, 236, '遂川县', 3),
(2010, 236, '万安县', 3),
(2011, 236, '永新县', 3),
(2012, 237, '珠山区', 3),
(2013, 237, '昌江区', 3),
(2014, 237, '乐平市', 3),
(2015, 237, '浮梁县', 3),
(2016, 238, '浔阳区', 3),
(2017, 238, '庐山区', 3),
(2018, 238, '瑞昌市', 3),
(2019, 238, '九江县', 3),
(2020, 238, '武宁县', 3),
(2021, 238, '修水县', 3),
(2022, 238, '永修县', 3),
(2023, 238, '德安县', 3),
(2024, 238, '星子县', 3),
(2025, 238, '都昌县', 3),
(2026, 238, '湖口县', 3),
(2027, 238, '彭泽县', 3),
(2028, 239, '安源区', 3),
(2029, 239, '湘东区', 3),
(2030, 239, '莲花县', 3),
(2031, 239, '芦溪县', 3),
(2032, 239, '上栗县', 3),
(2033, 240, '信州区', 3),
(2034, 240, '德兴市', 3),
(2035, 240, '上饶县', 3),
(2036, 240, '广丰县', 3),
(2037, 240, '玉山县', 3),
(2038, 240, '铅山县', 3),
(2039, 240, '横峰县', 3),
(2040, 240, '弋阳县', 3),
(2041, 240, '余干县', 3),
(2042, 240, '波阳县', 3),
(2043, 240, '万年县', 3),
(2044, 240, '婺源县', 3),
(2045, 241, '渝水区', 3),
(2046, 241, '分宜县', 3),
(2047, 242, '袁州区', 3),
(2048, 242, '丰城市', 3),
(2049, 242, '樟树市', 3),
(2050, 242, '高安市', 3),
(2051, 242, '奉新县', 3),
(2052, 242, '万载县', 3),
(2053, 242, '上高县', 3),
(2054, 242, '宜丰县', 3),
(2055, 242, '靖安县', 3),
(2056, 242, '铜鼓县', 3),
(2057, 243, '月湖区', 3),
(2058, 243, '贵溪市', 3),
(2059, 243, '余江县', 3),
(2060, 244, '沈河区', 3),
(2061, 244, '皇姑区', 3),
(2062, 244, '和平区', 3),
(2063, 244, '大东区', 3),
(2064, 244, '铁西区', 3),
(2065, 244, '苏家屯区', 3),
(2066, 244, '东陵区', 3),
(2067, 244, '沈北新区', 3),
(2068, 244, '于洪区', 3),
(2069, 244, '浑南新区', 3),
(2070, 244, '新民市', 3),
(2071, 244, '辽中县', 3),
(2072, 244, '康平县', 3),
(2073, 244, '法库县', 3),
(2074, 245, '西岗区', 3),
(2075, 245, '中山区', 3),
(2076, 245, '沙河口区', 3),
(2077, 245, '甘井子区', 3),
(2078, 245, '旅顺口区', 3),
(2079, 245, '金州区', 3),
(2080, 245, '开发区', 3),
(2081, 245, '瓦房店市', 3),
(2082, 245, '普兰店市', 3),
(2083, 245, '庄河市', 3),
(2084, 245, '长海县', 3),
(2085, 246, '铁东区', 3),
(2086, 246, '铁西区', 3),
(2087, 246, '立山区', 3),
(2088, 246, '千山区', 3),
(2089, 246, '岫岩', 3),
(2090, 246, '海城市', 3),
(2091, 246, '台安县', 3),
(2092, 247, '本溪', 3),
(2093, 247, '平山区', 3),
(2094, 247, '明山区', 3),
(2095, 247, '溪湖区', 3),
(2096, 247, '南芬区', 3),
(2097, 247, '桓仁', 3),
(2098, 248, '双塔区', 3),
(2099, 248, '龙城区', 3),
(2100, 248, '喀喇沁左翼蒙古族自治县', 3),
(2101, 248, '北票市', 3),
(2102, 248, '凌源市', 3),
(2103, 248, '朝阳县', 3),
(2104, 248, '建平县', 3),
(2105, 249, '振兴区', 3),
(2106, 249, '元宝区', 3),
(2107, 249, '振安区', 3),
(2108, 249, '宽甸', 3),
(2109, 249, '东港市', 3),
(2110, 249, '凤城市', 3),
(2111, 250, '顺城区', 3),
(2112, 250, '新抚区', 3),
(2113, 250, '东洲区', 3),
(2114, 250, '望花区', 3),
(2115, 250, '清原', 3),
(2116, 250, '新宾', 3),
(2117, 250, '抚顺县', 3),
(2118, 251, '阜新', 3),
(2119, 251, '海州区', 3),
(2120, 251, '新邱区', 3),
(2121, 251, '太平区', 3),
(2122, 251, '清河门区', 3),
(2123, 251, '细河区', 3),
(2124, 251, '彰武县', 3),
(2125, 252, '龙港区', 3),
(2126, 252, '南票区', 3),
(2127, 252, '连山区', 3),
(2128, 252, '兴城市', 3),
(2129, 252, '绥中县', 3),
(2130, 252, '建昌县', 3),
(2131, 253, '太和区', 3),
(2132, 253, '古塔区', 3),
(2133, 253, '凌河区', 3),
(2134, 253, '凌海市', 3),
(2135, 253, '北镇市', 3),
(2136, 253, '黑山县', 3),
(2137, 253, '义县', 3),
(2138, 254, '白塔区', 3),
(2139, 254, '文圣区', 3),
(2140, 254, '宏伟区', 3),
(2141, 254, '太子河区', 3),
(2142, 254, '弓长岭区', 3),
(2143, 254, '灯塔市', 3),
(2144, 254, '辽阳县', 3),
(2145, 255, '双台子区', 3),
(2146, 255, '兴隆台区', 3),
(2147, 255, '大洼县', 3),
(2148, 255, '盘山县', 3),
(2149, 256, '银州区', 3),
(2150, 256, '清河区', 3),
(2151, 256, '调兵山市', 3),
(2152, 256, '开原市', 3),
(2153, 256, '铁岭县', 3),
(2154, 256, '西丰县', 3),
(2155, 256, '昌图县', 3),
(2156, 257, '站前区', 3),
(2157, 257, '西市区', 3),
(2158, 257, '鲅鱼圈区', 3),
(2159, 257, '老边区', 3),
(2160, 257, '盖州市', 3),
(2161, 257, '大石桥市', 3),
(2162, 258, '回民区', 3),
(2163, 258, '玉泉区', 3),
(2164, 258, '新城区', 3),
(2165, 258, '赛罕区', 3),
(2166, 258, '清水河县', 3),
(2167, 258, '土默特左旗', 3),
(2168, 258, '托克托县', 3),
(2169, 258, '和林格尔县', 3),
(2170, 258, '武川县', 3),
(2171, 259, '阿拉善左旗', 3),
(2172, 259, '阿拉善右旗', 3),
(2173, 259, '额济纳旗', 3),
(2174, 260, '临河区', 3),
(2175, 260, '五原县', 3),
(2176, 260, '磴口县', 3),
(2177, 260, '乌拉特前旗', 3),
(2178, 260, '乌拉特中旗', 3),
(2179, 260, '乌拉特后旗', 3),
(2180, 260, '杭锦后旗', 3),
(2181, 261, '昆都仑区', 3),
(2182, 261, '青山区', 3),
(2183, 261, '东河区', 3),
(2184, 261, '九原区', 3),
(2185, 261, '石拐区', 3),
(2186, 261, '白云矿区', 3),
(2187, 261, '土默特右旗', 3),
(2188, 261, '固阳县', 3),
(2189, 261, '达尔罕茂明安联合旗', 3),
(2190, 262, '红山区', 3),
(2191, 262, '元宝山区', 3),
(2192, 262, '松山区', 3),
(2193, 262, '阿鲁科尔沁旗', 3),
(2194, 262, '巴林左旗', 3),
(2195, 262, '巴林右旗', 3),
(2196, 262, '林西县', 3),
(2197, 262, '克什克腾旗', 3),
(2198, 262, '翁牛特旗', 3),
(2199, 262, '喀喇沁旗', 3),
(2200, 262, '宁城县', 3),
(2201, 262, '敖汉旗', 3),
(2202, 263, '东胜区', 3),
(2203, 263, '达拉特旗', 3),
(2204, 263, '准格尔旗', 3),
(2205, 263, '鄂托克前旗', 3),
(2206, 263, '鄂托克旗', 3),
(2207, 263, '杭锦旗', 3),
(2208, 263, '乌审旗', 3),
(2209, 263, '伊金霍洛旗', 3),
(2210, 264, '海拉尔区', 3),
(2211, 264, '莫力达瓦', 3),
(2212, 264, '满洲里市', 3),
(2213, 264, '牙克石市', 3),
(2214, 264, '扎兰屯市', 3),
(2215, 264, '额尔古纳市', 3),
(2216, 264, '根河市', 3),
(2217, 264, '阿荣旗', 3),
(2218, 264, '鄂伦春自治旗', 3),
(2219, 264, '鄂温克族自治旗', 3),
(2220, 264, '陈巴尔虎旗', 3),
(2221, 264, '新巴尔虎左旗', 3),
(2222, 264, '新巴尔虎右旗', 3),
(2223, 265, '科尔沁区', 3),
(2224, 265, '霍林郭勒市', 3),
(2225, 265, '科尔沁左翼中旗', 3),
(2226, 265, '科尔沁左翼后旗', 3),
(2227, 265, '开鲁县', 3),
(2228, 265, '库伦旗', 3),
(2229, 265, '奈曼旗', 3),
(2230, 265, '扎鲁特旗', 3),
(2231, 266, '海勃湾区', 3),
(2232, 266, '乌达区', 3),
(2233, 266, '海南区', 3),
(2234, 267, '化德县', 3),
(2235, 267, '集宁区', 3),
(2236, 267, '丰镇市', 3),
(2237, 267, '卓资县', 3),
(2238, 267, '商都县', 3),
(2239, 267, '兴和县', 3),
(2240, 267, '凉城县', 3),
(2241, 267, '察哈尔右翼前旗', 3),
(2242, 267, '察哈尔右翼中旗', 3),
(2243, 267, '察哈尔右翼后旗', 3),
(2244, 267, '四子王旗', 3),
(2245, 268, '二连浩特市', 3),
(2246, 268, '锡林浩特市', 3),
(2247, 268, '阿巴嘎旗', 3),
(2248, 268, '苏尼特左旗', 3),
(2249, 268, '苏尼特右旗', 3),
(2250, 268, '东乌珠穆沁旗', 3),
(2251, 268, '西乌珠穆沁旗', 3),
(2252, 268, '太仆寺旗', 3),
(2253, 268, '镶黄旗', 3),
(2254, 268, '正镶白旗', 3),
(2255, 268, '正蓝旗', 3),
(2256, 268, '多伦县', 3),
(2257, 269, '乌兰浩特市', 3),
(2258, 269, '阿尔山市', 3),
(2259, 269, '科尔沁右翼前旗', 3),
(2260, 269, '科尔沁右翼中旗', 3),
(2261, 269, '扎赉特旗', 3),
(2262, 269, '突泉县', 3),
(2263, 270, '西夏区', 3),
(2264, 270, '金凤区', 3),
(2265, 270, '兴庆区', 3),
(2266, 270, '灵武市', 3),
(2267, 270, '永宁县', 3),
(2268, 270, '贺兰县', 3),
(2269, 271, '原州区', 3),
(2270, 271, '海原县', 3),
(2271, 271, '西吉县', 3),
(2272, 271, '隆德县', 3),
(2273, 271, '泾源县', 3),
(2274, 271, '彭阳县', 3),
(2275, 272, '惠农县', 3),
(2276, 272, '大武口区', 3),
(2277, 272, '惠农区', 3),
(2278, 272, '陶乐县', 3),
(2279, 272, '平罗县', 3),
(2280, 273, '利通区', 3),
(2281, 273, '中卫县', 3),
(2282, 273, '青铜峡市', 3),
(2283, 273, '中宁县', 3),
(2284, 273, '盐池县', 3),
(2285, 273, '同心县', 3),
(2286, 274, '沙坡头区', 3),
(2287, 274, '海原县', 3),
(2288, 274, '中宁县', 3),
(2289, 275, '城中区', 3),
(2290, 275, '城东区', 3),
(2291, 275, '城西区', 3),
(2292, 275, '城北区', 3),
(2293, 275, '湟中县', 3),
(2294, 275, '湟源县', 3),
(2295, 275, '大通', 3),
(2296, 276, '玛沁县', 3),
(2297, 276, '班玛县', 3),
(2298, 276, '甘德县', 3),
(2299, 276, '达日县', 3),
(2300, 276, '久治县', 3),
(2301, 276, '玛多县', 3),
(2302, 277, '海晏县', 3),
(2303, 277, '祁连县', 3),
(2304, 277, '刚察县', 3),
(2305, 277, '门源', 3),
(2306, 278, '平安县', 3),
(2307, 278, '乐都县', 3),
(2308, 278, '民和', 3),
(2309, 278, '互助', 3),
(2310, 278, '化隆', 3),
(2311, 278, '循化', 3),
(2312, 279, '共和县', 3),
(2313, 279, '同德县', 3),
(2314, 279, '贵德县', 3),
(2315, 279, '兴海县', 3),
(2316, 279, '贵南县', 3),
(2317, 280, '德令哈市', 3),
(2318, 280, '格尔木市', 3),
(2319, 280, '乌兰县', 3),
(2320, 280, '都兰县', 3),
(2321, 280, '天峻县', 3),
(2322, 281, '同仁县', 3),
(2323, 281, '尖扎县', 3),
(2324, 281, '泽库县', 3),
(2325, 281, '河南蒙古族自治县', 3),
(2326, 282, '玉树县', 3),
(2327, 282, '杂多县', 3),
(2328, 282, '称多县', 3),
(2329, 282, '治多县', 3),
(2330, 282, '囊谦县', 3),
(2331, 282, '曲麻莱县', 3),
(2332, 283, '市中区', 3),
(2333, 283, '历下区', 3),
(2334, 283, '天桥区', 3),
(2335, 283, '槐荫区', 3),
(2336, 283, '历城区', 3),
(2337, 283, '长清区', 3),
(2338, 283, '章丘市', 3),
(2339, 283, '平阴县', 3),
(2340, 283, '济阳县', 3),
(2341, 283, '商河县', 3),
(2342, 284, '市南区', 3),
(2343, 284, '市北区', 3),
(2344, 284, '城阳区', 3),
(2345, 284, '四方区', 3),
(2346, 284, '李沧区', 3),
(2347, 284, '黄岛区', 3),
(2348, 284, '崂山区', 3),
(2349, 284, '胶州市', 3),
(2350, 284, '即墨市', 3),
(2351, 284, '平度市', 3),
(2352, 284, '胶南市', 3),
(2353, 284, '莱西市', 3),
(2354, 285, '滨城区', 3),
(2355, 285, '惠民县', 3),
(2356, 285, '阳信县', 3),
(2357, 285, '无棣县', 3),
(2358, 285, '沾化县', 3),
(2359, 285, '博兴县', 3),
(2360, 285, '邹平县', 3),
(2361, 286, '德城区', 3),
(2362, 286, '陵县', 3),
(2363, 286, '乐陵市', 3),
(2364, 286, '禹城市', 3),
(2365, 286, '宁津县', 3),
(2366, 286, '庆云县', 3),
(2367, 286, '临邑县', 3),
(2368, 286, '齐河县', 3),
(2369, 286, '平原县', 3),
(2370, 286, '夏津县', 3),
(2371, 286, '武城县', 3),
(2372, 287, '东营区', 3),
(2373, 287, '河口区', 3),
(2374, 287, '垦利县', 3),
(2375, 287, '利津县', 3),
(2376, 287, '广饶县', 3),
(2377, 288, '牡丹区', 3),
(2378, 288, '曹县', 3),
(2379, 288, '单县', 3),
(2380, 288, '成武县', 3),
(2381, 288, '巨野县', 3),
(2382, 288, '郓城县', 3),
(2383, 288, '鄄城县', 3),
(2384, 288, '定陶县', 3),
(2385, 288, '东明县', 3),
(2386, 289, '市中区', 3),
(2387, 289, '任城区', 3),
(2388, 289, '曲阜市', 3),
(2389, 289, '兖州市', 3),
(2390, 289, '邹城市', 3),
(2391, 289, '微山县', 3),
(2392, 289, '鱼台县', 3),
(2393, 289, '金乡县', 3),
(2394, 289, '嘉祥县', 3),
(2395, 289, '汶上县', 3),
(2396, 289, '泗水县', 3),
(2397, 289, '梁山县', 3),
(2398, 290, '莱城区', 3),
(2399, 290, '钢城区', 3),
(2400, 291, '东昌府区', 3),
(2401, 291, '临清市', 3),
(2402, 291, '阳谷县', 3),
(2403, 291, '莘县', 3),
(2404, 291, '茌平县', 3),
(2405, 291, '东阿县', 3),
(2406, 291, '冠县', 3),
(2407, 291, '高唐县', 3),
(2408, 292, '兰山区', 3),
(2409, 292, '罗庄区', 3),
(2410, 292, '河东区', 3),
(2411, 292, '沂南县', 3),
(2412, 292, '郯城县', 3),
(2413, 292, '沂水县', 3),
(2414, 292, '苍山县', 3),
(2415, 292, '费县', 3),
(2416, 292, '平邑县', 3),
(2417, 292, '莒南县', 3),
(2418, 292, '蒙阴县', 3),
(2419, 292, '临沭县', 3),
(2420, 293, '东港区', 3),
(2421, 293, '岚山区', 3),
(2422, 293, '五莲县', 3),
(2423, 293, '莒县', 3),
(2424, 294, '泰山区', 3),
(2425, 294, '岱岳区', 3),
(2426, 294, '新泰市', 3),
(2427, 294, '肥城市', 3),
(2428, 294, '宁阳县', 3),
(2429, 294, '东平县', 3),
(2430, 295, '荣成市', 3),
(2431, 295, '乳山市', 3),
(2432, 295, '环翠区', 3),
(2433, 295, '文登市', 3),
(2434, 296, '潍城区', 3),
(2435, 296, '寒亭区', 3),
(2436, 296, '坊子区', 3),
(2437, 296, '奎文区', 3),
(2438, 296, '青州市', 3),
(2439, 296, '诸城市', 3),
(2440, 296, '寿光市', 3),
(2441, 296, '安丘市', 3),
(2442, 296, '高密市', 3),
(2443, 296, '昌邑市', 3),
(2444, 296, '临朐县', 3),
(2445, 296, '昌乐县', 3),
(2446, 297, '芝罘区', 3),
(2447, 297, '福山区', 3),
(2448, 297, '牟平区', 3),
(2449, 297, '莱山区', 3),
(2450, 297, '开发区', 3),
(2451, 297, '龙口市', 3),
(2452, 297, '莱阳市', 3),
(2453, 297, '莱州市', 3),
(2454, 297, '蓬莱市', 3),
(2455, 297, '招远市', 3),
(2456, 297, '栖霞市', 3),
(2457, 297, '海阳市', 3),
(2458, 297, '长岛县', 3),
(2459, 298, '市中区', 3),
(2460, 298, '山亭区', 3),
(2461, 298, '峄城区', 3),
(2462, 298, '台儿庄区', 3),
(2463, 298, '薛城区', 3),
(2464, 298, '滕州市', 3),
(2465, 299, '张店区', 3),
(2466, 299, '临淄区', 3),
(2467, 299, '淄川区', 3),
(2468, 299, '博山区', 3),
(2469, 299, '周村区', 3),
(2470, 299, '桓台县', 3),
(2471, 299, '高青县', 3),
(2472, 299, '沂源县', 3),
(2473, 300, '杏花岭区', 3),
(2474, 300, '小店区', 3),
(2475, 300, '迎泽区', 3),
(2476, 300, '尖草坪区', 3),
(2477, 300, '万柏林区', 3),
(2478, 300, '晋源区', 3),
(2479, 300, '高新开发区', 3),
(2480, 300, '民营经济开发区', 3),
(2481, 300, '经济技术开发区', 3),
(2482, 300, '清徐县', 3),
(2483, 300, '阳曲县', 3),
(2484, 300, '娄烦县', 3),
(2485, 300, '古交市', 3),
(2486, 301, '城区', 3),
(2487, 301, '郊区', 3);
INSERT INTO `city` (`id`, `pid`, `cityname`, `type`) VALUES
(2488, 301, '沁县', 3),
(2489, 301, '潞城市', 3),
(2490, 301, '长治县', 3),
(2491, 301, '襄垣县', 3),
(2492, 301, '屯留县', 3),
(2493, 301, '平顺县', 3),
(2494, 301, '黎城县', 3),
(2495, 301, '壶关县', 3),
(2496, 301, '长子县', 3),
(2497, 301, '武乡县', 3),
(2498, 301, '沁源县', 3),
(2499, 302, '城区', 3),
(2500, 302, '矿区', 3),
(2501, 302, '南郊区', 3),
(2502, 302, '新荣区', 3),
(2503, 302, '阳高县', 3),
(2504, 302, '天镇县', 3),
(2505, 302, '广灵县', 3),
(2506, 302, '灵丘县', 3),
(2507, 302, '浑源县', 3),
(2508, 302, '左云县', 3),
(2509, 302, '大同县', 3),
(2510, 303, '城区', 3),
(2511, 303, '高平市', 3),
(2512, 303, '沁水县', 3),
(2513, 303, '阳城县', 3),
(2514, 303, '陵川县', 3),
(2515, 303, '泽州县', 3),
(2516, 304, '榆次区', 3),
(2517, 304, '介休市', 3),
(2518, 304, '榆社县', 3),
(2519, 304, '左权县', 3),
(2520, 304, '和顺县', 3),
(2521, 304, '昔阳县', 3),
(2522, 304, '寿阳县', 3),
(2523, 304, '太谷县', 3),
(2524, 304, '祁县', 3),
(2525, 304, '平遥县', 3),
(2526, 304, '灵石县', 3),
(2527, 305, '尧都区', 3),
(2528, 305, '侯马市', 3),
(2529, 305, '霍州市', 3),
(2530, 305, '曲沃县', 3),
(2531, 305, '翼城县', 3),
(2532, 305, '襄汾县', 3),
(2533, 305, '洪洞县', 3),
(2534, 305, '吉县', 3),
(2535, 305, '安泽县', 3),
(2536, 305, '浮山县', 3),
(2537, 305, '古县', 3),
(2538, 305, '乡宁县', 3),
(2539, 305, '大宁县', 3),
(2540, 305, '隰县', 3),
(2541, 305, '永和县', 3),
(2542, 305, '蒲县', 3),
(2543, 305, '汾西县', 3),
(2544, 306, '离石市', 3),
(2545, 306, '离石区', 3),
(2546, 306, '孝义市', 3),
(2547, 306, '汾阳市', 3),
(2548, 306, '文水县', 3),
(2549, 306, '交城县', 3),
(2550, 306, '兴县', 3),
(2551, 306, '临县', 3),
(2552, 306, '柳林县', 3),
(2553, 306, '石楼县', 3),
(2554, 306, '岚县', 3),
(2555, 306, '方山县', 3),
(2556, 306, '中阳县', 3),
(2557, 306, '交口县', 3),
(2558, 307, '朔城区', 3),
(2559, 307, '平鲁区', 3),
(2560, 307, '山阴县', 3),
(2561, 307, '应县', 3),
(2562, 307, '右玉县', 3),
(2563, 307, '怀仁县', 3),
(2564, 308, '忻府区', 3),
(2565, 308, '原平市', 3),
(2566, 308, '定襄县', 3),
(2567, 308, '五台县', 3),
(2568, 308, '代县', 3),
(2569, 308, '繁峙县', 3),
(2570, 308, '宁武县', 3),
(2571, 308, '静乐县', 3),
(2572, 308, '神池县', 3),
(2573, 308, '五寨县', 3),
(2574, 308, '岢岚县', 3),
(2575, 308, '河曲县', 3),
(2576, 308, '保德县', 3),
(2577, 308, '偏关县', 3),
(2578, 309, '城区', 3),
(2579, 309, '矿区', 3),
(2580, 309, '郊区', 3),
(2581, 309, '平定县', 3),
(2582, 309, '盂县', 3),
(2583, 310, '盐湖区', 3),
(2584, 310, '永济市', 3),
(2585, 310, '河津市', 3),
(2586, 310, '临猗县', 3),
(2587, 310, '万荣县', 3),
(2588, 310, '闻喜县', 3),
(2589, 310, '稷山县', 3),
(2590, 310, '新绛县', 3),
(2591, 310, '绛县', 3),
(2592, 310, '垣曲县', 3),
(2593, 310, '夏县', 3),
(2594, 310, '平陆县', 3),
(2595, 310, '芮城县', 3),
(2596, 311, '莲湖区', 3),
(2597, 311, '新城区', 3),
(2598, 311, '碑林区', 3),
(2599, 311, '雁塔区', 3),
(2600, 311, '灞桥区', 3),
(2601, 311, '未央区', 3),
(2602, 311, '阎良区', 3),
(2603, 311, '临潼区', 3),
(2604, 311, '长安区', 3),
(2605, 311, '蓝田县', 3),
(2606, 311, '周至县', 3),
(2607, 311, '户县', 3),
(2608, 311, '高陵县', 3),
(2609, 312, '汉滨区', 3),
(2610, 312, '汉阴县', 3),
(2611, 312, '石泉县', 3),
(2612, 312, '宁陕县', 3),
(2613, 312, '紫阳县', 3),
(2614, 312, '岚皋县', 3),
(2615, 312, '平利县', 3),
(2616, 312, '镇坪县', 3),
(2617, 312, '旬阳县', 3),
(2618, 312, '白河县', 3),
(2619, 313, '陈仓区', 3),
(2620, 313, '渭滨区', 3),
(2621, 313, '金台区', 3),
(2622, 313, '凤翔县', 3),
(2623, 313, '岐山县', 3),
(2624, 313, '扶风县', 3),
(2625, 313, '眉县', 3),
(2626, 313, '陇县', 3),
(2627, 313, '千阳县', 3),
(2628, 313, '麟游县', 3),
(2629, 313, '凤县', 3),
(2630, 313, '太白县', 3),
(2631, 314, '汉台区', 3),
(2632, 314, '南郑县', 3),
(2633, 314, '城固县', 3),
(2634, 314, '洋县', 3),
(2635, 314, '西乡县', 3),
(2636, 314, '勉县', 3),
(2637, 314, '宁强县', 3),
(2638, 314, '略阳县', 3),
(2639, 314, '镇巴县', 3),
(2640, 314, '留坝县', 3),
(2641, 314, '佛坪县', 3),
(2642, 315, '商州区', 3),
(2643, 315, '洛南县', 3),
(2644, 315, '丹凤县', 3),
(2645, 315, '商南县', 3),
(2646, 315, '山阳县', 3),
(2647, 315, '镇安县', 3),
(2648, 315, '柞水县', 3),
(2649, 316, '耀州区', 3),
(2650, 316, '王益区', 3),
(2651, 316, '印台区', 3),
(2652, 316, '宜君县', 3),
(2653, 317, '临渭区', 3),
(2654, 317, '韩城市', 3),
(2655, 317, '华阴市', 3),
(2656, 317, '华县', 3),
(2657, 317, '潼关县', 3),
(2658, 317, '大荔县', 3),
(2659, 317, '合阳县', 3),
(2660, 317, '澄城县', 3),
(2661, 317, '蒲城县', 3),
(2662, 317, '白水县', 3),
(2663, 317, '富平县', 3),
(2664, 318, '秦都区', 3),
(2665, 318, '渭城区', 3),
(2666, 318, '杨陵区', 3),
(2667, 318, '兴平市', 3),
(2668, 318, '三原县', 3),
(2669, 318, '泾阳县', 3),
(2670, 318, '乾县', 3),
(2671, 318, '礼泉县', 3),
(2672, 318, '永寿县', 3),
(2673, 318, '彬县', 3),
(2674, 318, '长武县', 3),
(2675, 318, '旬邑县', 3),
(2676, 318, '淳化县', 3),
(2677, 318, '武功县', 3),
(2678, 319, '吴起县', 3),
(2679, 319, '宝塔区', 3),
(2680, 319, '延长县', 3),
(2681, 319, '延川县', 3),
(2682, 319, '子长县', 3),
(2683, 319, '安塞县', 3),
(2684, 319, '志丹县', 3),
(2685, 319, '甘泉县', 3),
(2686, 319, '富县', 3),
(2687, 319, '洛川县', 3),
(2688, 319, '宜川县', 3),
(2689, 319, '黄龙县', 3),
(2690, 319, '黄陵县', 3),
(2691, 320, '榆阳区', 3),
(2692, 320, '神木县', 3),
(2693, 320, '府谷县', 3),
(2694, 320, '横山县', 3),
(2695, 320, '靖边县', 3),
(2696, 320, '定边县', 3),
(2697, 320, '绥德县', 3),
(2698, 320, '米脂县', 3),
(2699, 320, '佳县', 3),
(2700, 320, '吴堡县', 3),
(2701, 320, '清涧县', 3),
(2702, 320, '子洲县', 3),
(2703, 321, '长宁区', 3),
(2704, 321, '闸北区', 3),
(2705, 321, '闵行区', 3),
(2706, 321, '徐汇区', 3),
(2707, 321, '浦东新区', 3),
(2708, 321, '杨浦区', 3),
(2709, 321, '普陀区', 3),
(2710, 321, '静安区', 3),
(2711, 321, '卢湾区', 3),
(2712, 321, '虹口区', 3),
(2713, 321, '黄浦区', 3),
(2714, 321, '南汇区', 3),
(2715, 321, '松江区', 3),
(2716, 321, '嘉定区', 3),
(2717, 321, '宝山区', 3),
(2718, 321, '青浦区', 3),
(2719, 321, '金山区', 3),
(2720, 321, '奉贤区', 3),
(2721, 321, '崇明县', 3),
(2722, 322, '青羊区', 3),
(2723, 322, '锦江区', 3),
(2724, 322, '金牛区', 3),
(2725, 322, '武侯区', 3),
(2726, 322, '成华区', 3),
(2727, 322, '龙泉驿区', 3),
(2728, 322, '青白江区', 3),
(2729, 322, '新都区', 3),
(2730, 322, '温江区', 3),
(2731, 322, '高新区', 3),
(2732, 322, '高新西区', 3),
(2733, 322, '都江堰市', 3),
(2734, 322, '彭州市', 3),
(2735, 322, '邛崃市', 3),
(2736, 322, '崇州市', 3),
(2737, 322, '金堂县', 3),
(2738, 322, '双流县', 3),
(2739, 322, '郫县', 3),
(2740, 322, '大邑县', 3),
(2741, 322, '蒲江县', 3),
(2742, 322, '新津县', 3),
(2743, 322, '都江堰市', 3),
(2744, 322, '彭州市', 3),
(2745, 322, '邛崃市', 3),
(2746, 322, '崇州市', 3),
(2747, 322, '金堂县', 3),
(2748, 322, '双流县', 3),
(2749, 322, '郫县', 3),
(2750, 322, '大邑县', 3),
(2751, 322, '蒲江县', 3),
(2752, 322, '新津县', 3),
(2753, 323, '涪城区', 3),
(2754, 323, '游仙区', 3),
(2755, 323, '江油市', 3),
(2756, 323, '盐亭县', 3),
(2757, 323, '三台县', 3),
(2758, 323, '平武县', 3),
(2759, 323, '安县', 3),
(2760, 323, '梓潼县', 3),
(2761, 323, '北川县', 3),
(2762, 324, '马尔康县', 3),
(2763, 324, '汶川县', 3),
(2764, 324, '理县', 3),
(2765, 324, '茂县', 3),
(2766, 324, '松潘县', 3),
(2767, 324, '九寨沟县', 3),
(2768, 324, '金川县', 3),
(2769, 324, '小金县', 3),
(2770, 324, '黑水县', 3),
(2771, 324, '壤塘县', 3),
(2772, 324, '阿坝县', 3),
(2773, 324, '若尔盖县', 3),
(2774, 324, '红原县', 3),
(2775, 325, '巴州区', 3),
(2776, 325, '通江县', 3),
(2777, 325, '南江县', 3),
(2778, 325, '平昌县', 3),
(2779, 326, '通川区', 3),
(2780, 326, '万源市', 3),
(2781, 326, '达县', 3),
(2782, 326, '宣汉县', 3),
(2783, 326, '开江县', 3),
(2784, 326, '大竹县', 3),
(2785, 326, '渠县', 3),
(2786, 327, '旌阳区', 3),
(2787, 327, '广汉市', 3),
(2788, 327, '什邡市', 3),
(2789, 327, '绵竹市', 3),
(2790, 327, '罗江县', 3),
(2791, 327, '中江县', 3),
(2792, 328, '康定县', 3),
(2793, 328, '丹巴县', 3),
(2794, 328, '泸定县', 3),
(2795, 328, '炉霍县', 3),
(2796, 328, '九龙县', 3),
(2797, 328, '甘孜县', 3),
(2798, 328, '雅江县', 3),
(2799, 328, '新龙县', 3),
(2800, 328, '道孚县', 3),
(2801, 328, '白玉县', 3),
(2802, 328, '理塘县', 3),
(2803, 328, '德格县', 3),
(2804, 328, '乡城县', 3),
(2805, 328, '石渠县', 3),
(2806, 328, '稻城县', 3),
(2807, 328, '色达县', 3),
(2808, 328, '巴塘县', 3),
(2809, 328, '得荣县', 3),
(2810, 329, '广安区', 3),
(2811, 329, '华蓥市', 3),
(2812, 329, '岳池县', 3),
(2813, 329, '武胜县', 3),
(2814, 329, '邻水县', 3),
(2815, 330, '利州区', 3),
(2816, 330, '元坝区', 3),
(2817, 330, '朝天区', 3),
(2818, 330, '旺苍县', 3),
(2819, 330, '青川县', 3),
(2820, 330, '剑阁县', 3),
(2821, 330, '苍溪县', 3),
(2822, 331, '峨眉山市', 3),
(2823, 331, '乐山市', 3),
(2824, 331, '犍为县', 3),
(2825, 331, '井研县', 3),
(2826, 331, '夹江县', 3),
(2827, 331, '沐川县', 3),
(2828, 331, '峨边', 3),
(2829, 331, '马边', 3),
(2830, 332, '西昌市', 3),
(2831, 332, '盐源县', 3),
(2832, 332, '德昌县', 3),
(2833, 332, '会理县', 3),
(2834, 332, '会东县', 3),
(2835, 332, '宁南县', 3),
(2836, 332, '普格县', 3),
(2837, 332, '布拖县', 3),
(2838, 332, '金阳县', 3),
(2839, 332, '昭觉县', 3),
(2840, 332, '喜德县', 3),
(2841, 332, '冕宁县', 3),
(2842, 332, '越西县', 3),
(2843, 332, '甘洛县', 3),
(2844, 332, '美姑县', 3),
(2845, 332, '雷波县', 3),
(2846, 332, '木里', 3),
(2847, 333, '东坡区', 3),
(2848, 333, '仁寿县', 3),
(2849, 333, '彭山县', 3),
(2850, 333, '洪雅县', 3),
(2851, 333, '丹棱县', 3),
(2852, 333, '青神县', 3),
(2853, 334, '阆中市', 3),
(2854, 334, '南部县', 3),
(2855, 334, '营山县', 3),
(2856, 334, '蓬安县', 3),
(2857, 334, '仪陇县', 3),
(2858, 334, '顺庆区', 3),
(2859, 334, '高坪区', 3),
(2860, 334, '嘉陵区', 3),
(2861, 334, '西充县', 3),
(2862, 335, '市中区', 3),
(2863, 335, '东兴区', 3),
(2864, 335, '威远县', 3),
(2865, 335, '资中县', 3),
(2866, 335, '隆昌县', 3),
(2867, 336, '东  区', 3),
(2868, 336, '西  区', 3),
(2869, 336, '仁和区', 3),
(2870, 336, '米易县', 3),
(2871, 336, '盐边县', 3),
(2872, 337, '船山区', 3),
(2873, 337, '安居区', 3),
(2874, 337, '蓬溪县', 3),
(2875, 337, '射洪县', 3),
(2876, 337, '大英县', 3),
(2877, 338, '雨城区', 3),
(2878, 338, '名山县', 3),
(2879, 338, '荥经县', 3),
(2880, 338, '汉源县', 3),
(2881, 338, '石棉县', 3),
(2882, 338, '天全县', 3),
(2883, 338, '芦山县', 3),
(2884, 338, '宝兴县', 3),
(2885, 339, '翠屏区', 3),
(2886, 339, '宜宾县', 3),
(2887, 339, '南溪县', 3),
(2888, 339, '江安县', 3),
(2889, 339, '长宁县', 3),
(2890, 339, '高县', 3),
(2891, 339, '珙县', 3),
(2892, 339, '筠连县', 3),
(2893, 339, '兴文县', 3),
(2894, 339, '屏山县', 3),
(2895, 340, '雁江区', 3),
(2896, 340, '简阳市', 3),
(2897, 340, '安岳县', 3),
(2898, 340, '乐至县', 3),
(2899, 341, '大安区', 3),
(2900, 341, '自流井区', 3),
(2901, 341, '贡井区', 3),
(2902, 341, '沿滩区', 3),
(2903, 341, '荣县', 3),
(2904, 341, '富顺县', 3),
(2905, 342, '江阳区', 3),
(2906, 342, '纳溪区', 3),
(2907, 342, '龙马潭区', 3),
(2908, 342, '泸县', 3),
(2909, 342, '合江县', 3),
(2910, 342, '叙永县', 3),
(2911, 342, '古蔺县', 3),
(2912, 343, '和平区', 3),
(2913, 343, '河西区', 3),
(2914, 343, '南开区', 3),
(2915, 343, '河北区', 3),
(2916, 343, '河东区', 3),
(2917, 343, '红桥区', 3),
(2918, 343, '东丽区', 3),
(2919, 343, '津南区', 3),
(2920, 343, '西青区', 3),
(2921, 343, '北辰区', 3),
(2922, 343, '塘沽区', 3),
(2923, 343, '汉沽区', 3),
(2924, 343, '大港区', 3),
(2925, 343, '武清区', 3),
(2926, 343, '宝坻区', 3),
(2927, 343, '经济开发区', 3),
(2928, 343, '宁河县', 3),
(2929, 343, '静海县', 3),
(2930, 343, '蓟县', 3),
(2931, 344, '城关区', 3),
(2932, 344, '林周县', 3),
(2933, 344, '当雄县', 3),
(2934, 344, '尼木县', 3),
(2935, 344, '曲水县', 3),
(2936, 344, '堆龙德庆县', 3),
(2937, 344, '达孜县', 3),
(2938, 344, '墨竹工卡县', 3),
(2939, 345, '噶尔县', 3),
(2940, 345, '普兰县', 3),
(2941, 345, '札达县', 3),
(2942, 345, '日土县', 3),
(2943, 345, '革吉县', 3),
(2944, 345, '改则县', 3),
(2945, 345, '措勤县', 3),
(2946, 346, '昌都县', 3),
(2947, 346, '江达县', 3),
(2948, 346, '贡觉县', 3),
(2949, 346, '类乌齐县', 3),
(2950, 346, '丁青县', 3),
(2951, 346, '察雅县', 3),
(2952, 346, '八宿县', 3),
(2953, 346, '左贡县', 3),
(2954, 346, '芒康县', 3),
(2955, 346, '洛隆县', 3),
(2956, 346, '边坝县', 3),
(2957, 347, '林芝县', 3),
(2958, 347, '工布江达县', 3),
(2959, 347, '米林县', 3),
(2960, 347, '墨脱县', 3),
(2961, 347, '波密县', 3),
(2962, 347, '察隅县', 3),
(2963, 347, '朗县', 3),
(2964, 348, '那曲县', 3),
(2965, 348, '嘉黎县', 3),
(2966, 348, '比如县', 3),
(2967, 348, '聂荣县', 3),
(2968, 348, '安多县', 3),
(2969, 348, '申扎县', 3),
(2970, 348, '索县', 3),
(2971, 348, '班戈县', 3),
(2972, 348, '巴青县', 3),
(2973, 348, '尼玛县', 3),
(2974, 349, '日喀则市', 3),
(2975, 349, '南木林县', 3),
(2976, 349, '江孜县', 3),
(2977, 349, '定日县', 3),
(2978, 349, '萨迦县', 3),
(2979, 349, '拉孜县', 3),
(2980, 349, '昂仁县', 3),
(2981, 349, '谢通门县', 3),
(2982, 349, '白朗县', 3),
(2983, 349, '仁布县', 3),
(2984, 349, '康马县', 3),
(2985, 349, '定结县', 3),
(2986, 349, '仲巴县', 3),
(2987, 349, '亚东县', 3),
(2988, 349, '吉隆县', 3),
(2989, 349, '聂拉木县', 3),
(2990, 349, '萨嘎县', 3),
(2991, 349, '岗巴县', 3),
(2992, 350, '乃东县', 3),
(2993, 350, '扎囊县', 3),
(2994, 350, '贡嘎县', 3),
(2995, 350, '桑日县', 3),
(2996, 350, '琼结县', 3),
(2997, 350, '曲松县', 3),
(2998, 350, '措美县', 3),
(2999, 350, '洛扎县', 3),
(3000, 350, '加查县', 3),
(3001, 350, '隆子县', 3),
(3002, 350, '错那县', 3),
(3003, 350, '浪卡子县', 3),
(3004, 351, '天山区', 3),
(3005, 351, '沙依巴克区', 3),
(3006, 351, '新市区', 3),
(3007, 351, '水磨沟区', 3),
(3008, 351, '头屯河区', 3),
(3009, 351, '达坂城区', 3),
(3010, 351, '米东区', 3),
(3011, 351, '乌鲁木齐县', 3),
(3012, 352, '阿克苏市', 3),
(3013, 352, '温宿县', 3),
(3014, 352, '库车县', 3),
(3015, 352, '沙雅县', 3),
(3016, 352, '新和县', 3),
(3017, 352, '拜城县', 3),
(3018, 352, '乌什县', 3),
(3019, 352, '阿瓦提县', 3),
(3020, 352, '柯坪县', 3),
(3021, 353, '阿拉尔市', 3),
(3022, 354, '库尔勒市', 3),
(3023, 354, '轮台县', 3),
(3024, 354, '尉犁县', 3),
(3025, 354, '若羌县', 3),
(3026, 354, '且末县', 3),
(3027, 354, '焉耆', 3),
(3028, 354, '和静县', 3),
(3029, 354, '和硕县', 3),
(3030, 354, '博湖县', 3),
(3031, 355, '博乐市', 3),
(3032, 355, '精河县', 3),
(3033, 355, '温泉县', 3),
(3034, 356, '呼图壁县', 3),
(3035, 356, '米泉市', 3),
(3036, 356, '昌吉市', 3),
(3037, 356, '阜康市', 3),
(3038, 356, '玛纳斯县', 3),
(3039, 356, '奇台县', 3),
(3040, 356, '吉木萨尔县', 3),
(3041, 356, '木垒', 3),
(3042, 357, '哈密市', 3),
(3043, 357, '伊吾县', 3),
(3044, 357, '巴里坤', 3),
(3045, 358, '和田市', 3),
(3046, 358, '和田县', 3),
(3047, 358, '墨玉县', 3),
(3048, 358, '皮山县', 3),
(3049, 358, '洛浦县', 3),
(3050, 358, '策勒县', 3),
(3051, 358, '于田县', 3),
(3052, 358, '民丰县', 3),
(3053, 359, '喀什市', 3),
(3054, 359, '疏附县', 3),
(3055, 359, '疏勒县', 3),
(3056, 359, '英吉沙县', 3),
(3057, 359, '泽普县', 3),
(3058, 359, '莎车县', 3),
(3059, 359, '叶城县', 3),
(3060, 359, '麦盖提县', 3),
(3061, 359, '岳普湖县', 3),
(3062, 359, '伽师县', 3),
(3063, 359, '巴楚县', 3),
(3064, 359, '塔什库尔干', 3),
(3065, 360, '克拉玛依市', 3),
(3066, 361, '阿图什市', 3),
(3067, 361, '阿克陶县', 3),
(3068, 361, '阿合奇县', 3),
(3069, 361, '乌恰县', 3),
(3070, 362, '石河子市', 3),
(3071, 363, '图木舒克市', 3),
(3072, 364, '吐鲁番市', 3),
(3073, 364, '鄯善县', 3),
(3074, 364, '托克逊县', 3),
(3075, 365, '五家渠市', 3),
(3076, 366, '阿勒泰市', 3),
(3077, 366, '布克赛尔', 3),
(3078, 366, '伊宁市', 3),
(3079, 366, '布尔津县', 3),
(3080, 366, '奎屯市', 3),
(3081, 366, '乌苏市', 3),
(3082, 366, '额敏县', 3),
(3083, 366, '富蕴县', 3),
(3084, 366, '伊宁县', 3),
(3085, 366, '福海县', 3),
(3086, 366, '霍城县', 3),
(3087, 366, '沙湾县', 3),
(3088, 366, '巩留县', 3),
(3089, 366, '哈巴河县', 3),
(3090, 366, '托里县', 3),
(3091, 366, '青河县', 3),
(3092, 366, '新源县', 3),
(3093, 366, '裕民县', 3),
(3094, 366, '和布克赛尔', 3),
(3095, 366, '吉木乃县', 3),
(3096, 366, '昭苏县', 3),
(3097, 366, '特克斯县', 3),
(3098, 366, '尼勒克县', 3),
(3099, 366, '察布查尔', 3),
(3100, 367, '盘龙区', 3),
(3101, 367, '五华区', 3),
(3102, 367, '官渡区', 3),
(3103, 367, '西山区', 3),
(3104, 367, '东川区', 3),
(3105, 367, '安宁市', 3),
(3106, 367, '呈贡县', 3),
(3107, 367, '晋宁县', 3),
(3108, 367, '富民县', 3),
(3109, 367, '宜良县', 3),
(3110, 367, '嵩明县', 3),
(3111, 367, '石林县', 3),
(3112, 367, '禄劝', 3),
(3113, 367, '寻甸', 3),
(3114, 368, '兰坪', 3),
(3115, 368, '泸水县', 3),
(3116, 368, '福贡县', 3),
(3117, 368, '贡山', 3),
(3118, 369, '宁洱', 3),
(3119, 369, '思茅区', 3),
(3120, 369, '墨江', 3),
(3121, 369, '景东', 3),
(3122, 369, '景谷', 3),
(3123, 369, '镇沅', 3),
(3124, 369, '江城', 3),
(3125, 369, '孟连', 3),
(3126, 369, '澜沧', 3),
(3127, 369, '西盟', 3),
(3128, 370, '古城区', 3),
(3129, 370, '宁蒗', 3),
(3130, 370, '玉龙', 3),
(3131, 370, '永胜县', 3),
(3132, 370, '华坪县', 3),
(3133, 371, '隆阳区', 3),
(3134, 371, '施甸县', 3),
(3135, 371, '腾冲县', 3),
(3136, 371, '龙陵县', 3),
(3137, 371, '昌宁县', 3),
(3138, 372, '楚雄市', 3),
(3139, 372, '双柏县', 3),
(3140, 372, '牟定县', 3),
(3141, 372, '南华县', 3),
(3142, 372, '姚安县', 3),
(3143, 372, '大姚县', 3),
(3144, 372, '永仁县', 3),
(3145, 372, '元谋县', 3),
(3146, 372, '武定县', 3),
(3147, 372, '禄丰县', 3),
(3148, 373, '大理市', 3),
(3149, 373, '祥云县', 3),
(3150, 373, '宾川县', 3),
(3151, 373, '弥渡县', 3),
(3152, 373, '永平县', 3),
(3153, 373, '云龙县', 3),
(3154, 373, '洱源县', 3),
(3155, 373, '剑川县', 3),
(3156, 373, '鹤庆县', 3),
(3157, 373, '漾濞', 3),
(3158, 373, '南涧', 3),
(3159, 373, '巍山', 3),
(3160, 374, '潞西市', 3),
(3161, 374, '瑞丽市', 3),
(3162, 374, '梁河县', 3),
(3163, 374, '盈江县', 3),
(3164, 374, '陇川县', 3),
(3165, 375, '香格里拉县', 3),
(3166, 375, '德钦县', 3),
(3167, 375, '维西', 3),
(3168, 376, '泸西县', 3),
(3169, 376, '蒙自县', 3),
(3170, 376, '个旧市', 3),
(3171, 376, '开远市', 3),
(3172, 376, '绿春县', 3),
(3173, 376, '建水县', 3),
(3174, 376, '石屏县', 3),
(3175, 376, '弥勒县', 3),
(3176, 376, '元阳县', 3),
(3177, 376, '红河县', 3),
(3178, 376, '金平', 3),
(3179, 376, '河口', 3),
(3180, 376, '屏边', 3),
(3181, 377, '临翔区', 3),
(3182, 377, '凤庆县', 3),
(3183, 377, '云县', 3),
(3184, 377, '永德县', 3),
(3185, 377, '镇康县', 3),
(3186, 377, '双江', 3),
(3187, 377, '耿马', 3),
(3188, 377, '沧源', 3),
(3189, 378, '麒麟区', 3),
(3190, 378, '宣威市', 3),
(3191, 378, '马龙县', 3),
(3192, 378, '陆良县', 3),
(3193, 378, '师宗县', 3),
(3194, 378, '罗平县', 3),
(3195, 378, '富源县', 3),
(3196, 378, '会泽县', 3),
(3197, 378, '沾益县', 3),
(3198, 379, '文山县', 3),
(3199, 379, '砚山县', 3),
(3200, 379, '西畴县', 3),
(3201, 379, '麻栗坡县', 3),
(3202, 379, '马关县', 3),
(3203, 379, '丘北县', 3),
(3204, 379, '广南县', 3),
(3205, 379, '富宁县', 3),
(3206, 380, '景洪市', 3),
(3207, 380, '勐海县', 3),
(3208, 380, '勐腊县', 3),
(3209, 381, '红塔区', 3),
(3210, 381, '江川县', 3),
(3211, 381, '澄江县', 3),
(3212, 381, '通海县', 3),
(3213, 381, '华宁县', 3),
(3214, 381, '易门县', 3),
(3215, 381, '峨山', 3),
(3216, 381, '新平', 3),
(3217, 381, '元江', 3),
(3218, 382, '昭阳区', 3),
(3219, 382, '鲁甸县', 3),
(3220, 382, '巧家县', 3),
(3221, 382, '盐津县', 3),
(3222, 382, '大关县', 3),
(3223, 382, '永善县', 3),
(3224, 382, '绥江县', 3),
(3225, 382, '镇雄县', 3),
(3226, 382, '彝良县', 3),
(3227, 382, '威信县', 3),
(3228, 382, '水富县', 3),
(3229, 383, '西湖区', 3),
(3230, 383, '上城区', 3),
(3231, 383, '下城区', 3),
(3232, 383, '拱墅区', 3),
(3233, 383, '滨江区', 3),
(3234, 383, '江干区', 3),
(3235, 383, '萧山区', 3),
(3236, 383, '余杭区', 3),
(3237, 383, '市郊', 3),
(3238, 383, '建德市', 3),
(3239, 383, '富阳市', 3),
(3240, 383, '临安市', 3),
(3241, 383, '桐庐县', 3),
(3242, 383, '淳安县', 3),
(3243, 384, '吴兴区', 3),
(3244, 384, '南浔区', 3),
(3245, 384, '德清县', 3),
(3246, 384, '长兴县', 3),
(3247, 384, '安吉县', 3),
(3248, 385, '南湖区', 3),
(3249, 385, '秀洲区', 3),
(3250, 385, '海宁市', 3),
(3251, 385, '嘉善县', 3),
(3252, 385, '平湖市', 3),
(3253, 385, '桐乡市', 3),
(3254, 385, '海盐县', 3),
(3255, 386, '婺城区', 3),
(3256, 386, '金东区', 3),
(3257, 386, '兰溪市', 3),
(3258, 386, '市区', 3),
(3259, 386, '佛堂镇', 3),
(3260, 386, '上溪镇', 3),
(3261, 386, '义亭镇', 3),
(3262, 386, '大陈镇', 3),
(3263, 386, '苏溪镇', 3),
(3264, 386, '赤岸镇', 3),
(3265, 386, '东阳市', 3),
(3266, 386, '永康市', 3),
(3267, 386, '武义县', 3),
(3268, 386, '浦江县', 3),
(3269, 386, '磐安县', 3),
(3270, 387, '莲都区', 3),
(3271, 387, '龙泉市', 3),
(3272, 387, '青田县', 3),
(3273, 387, '缙云县', 3),
(3274, 387, '遂昌县', 3),
(3275, 387, '松阳县', 3),
(3276, 387, '云和县', 3),
(3277, 387, '庆元县', 3),
(3278, 387, '景宁', 3),
(3279, 388, '海曙区', 3),
(3280, 388, '江东区', 3),
(3281, 388, '江北区', 3),
(3282, 388, '镇海区', 3),
(3283, 388, '北仑区', 3),
(3284, 388, '鄞州区', 3),
(3285, 388, '余姚市', 3),
(3286, 388, '慈溪市', 3),
(3287, 388, '奉化市', 3),
(3288, 388, '象山县', 3),
(3289, 388, '宁海县', 3),
(3290, 389, '越城区', 3),
(3291, 389, '上虞市', 3),
(3292, 389, '嵊州市', 3),
(3293, 389, '绍兴县', 3),
(3294, 389, '新昌县', 3),
(3295, 389, '诸暨市', 3),
(3296, 390, '椒江区', 3),
(3297, 390, '黄岩区', 3),
(3298, 390, '路桥区', 3),
(3299, 390, '温岭市', 3),
(3300, 390, '临海市', 3),
(3301, 390, '玉环县', 3),
(3302, 390, '三门县', 3),
(3303, 390, '天台县', 3),
(3304, 390, '仙居县', 3),
(3305, 391, '鹿城区', 3),
(3306, 391, '龙湾区', 3),
(3307, 391, '瓯海区', 3),
(3308, 391, '瑞安市', 3),
(3309, 391, '乐清市', 3),
(3310, 391, '洞头县', 3),
(3311, 391, '永嘉县', 3),
(3312, 391, '平阳县', 3),
(3313, 391, '苍南县', 3),
(3314, 391, '文成县', 3),
(3315, 391, '泰顺县', 3),
(3316, 392, '定海区', 3),
(3317, 392, '普陀区', 3),
(3318, 392, '岱山县', 3),
(3319, 392, '嵊泗县', 3),
(3320, 393, '衢州市', 3),
(3321, 393, '江山市', 3),
(3322, 393, '常山县', 3),
(3323, 393, '开化县', 3),
(3324, 393, '龙游县', 3),
(3325, 394, '合川区', 3),
(3326, 394, '江津区', 3),
(3327, 394, '南川区', 3),
(3328, 394, '永川区', 3),
(3329, 394, '南岸区', 3),
(3330, 394, '渝北区', 3),
(3331, 394, '万盛区', 3),
(3332, 394, '大渡口区', 3),
(3333, 394, '万州区', 3),
(3334, 394, '北碚区', 3),
(3335, 394, '沙坪坝区', 3),
(3336, 394, '巴南区', 3),
(3337, 394, '涪陵区', 3),
(3338, 394, '江北区', 3),
(3339, 394, '九龙坡区', 3),
(3340, 394, '渝中区', 3),
(3341, 394, '黔江开发区', 3),
(3342, 394, '长寿区', 3),
(3343, 394, '双桥区', 3),
(3344, 394, '綦江县', 3),
(3345, 394, '潼南县', 3),
(3346, 394, '铜梁县', 3),
(3347, 394, '大足县', 3),
(3348, 394, '荣昌县', 3),
(3349, 394, '璧山县', 3),
(3350, 394, '垫江县', 3),
(3351, 394, '武隆县', 3),
(3352, 394, '丰都县', 3),
(3353, 394, '城口县', 3),
(3354, 394, '梁平县', 3),
(3355, 394, '开县', 3),
(3356, 394, '巫溪县', 3),
(3357, 394, '巫山县', 3),
(3358, 394, '奉节县', 3),
(3359, 394, '云阳县', 3),
(3360, 394, '忠县', 3),
(3361, 394, '石柱', 3),
(3362, 394, '彭水', 3),
(3363, 394, '酉阳', 3),
(3364, 394, '秀山', 3),
(3365, 395, '沙田区', 3),
(3366, 395, '东区', 3),
(3367, 395, '观塘区', 3),
(3368, 395, '黄大仙区', 3),
(3369, 395, '九龙城区', 3),
(3370, 395, '屯门区', 3),
(3371, 395, '葵青区', 3),
(3372, 395, '元朗区', 3),
(3373, 395, '深水埗区', 3),
(3374, 395, '西贡区', 3),
(3375, 395, '大埔区', 3),
(3376, 395, '湾仔区', 3),
(3377, 395, '油尖旺区', 3),
(3378, 395, '北区', 3),
(3379, 395, '南区', 3),
(3380, 395, '荃湾区', 3),
(3381, 395, '中西区', 3),
(3382, 395, '离岛区', 3),
(3383, 396, '澳门', 3),
(3384, 397, '台北', 3),
(3385, 397, '高雄', 3),
(3386, 397, '基隆', 3),
(3387, 397, '台中', 3),
(3388, 397, '台南', 3),
(3389, 397, '新竹', 3),
(3390, 397, '嘉义', 3),
(3391, 397, '宜兰县', 3),
(3392, 397, '桃园县', 3),
(3393, 397, '苗栗县', 3),
(3394, 397, '彰化县', 3),
(3395, 397, '南投县', 3),
(3396, 397, '云林县', 3),
(3397, 397, '屏东县', 3),
(3398, 397, '台东县', 3),
(3399, 397, '花莲县', 3),
(3400, 397, '澎湖县', 3),
(3401, 3, '合肥', 2),
(3402, 3401, '庐阳区', 3),
(3403, 3401, '瑶海区', 3),
(3404, 3401, '蜀山区', 3),
(3405, 3401, '包河区', 3),
(3406, 3401, '长丰县', 3),
(3407, 3401, '肥东县', 3),
(3408, 3401, '肥西县', 3);

CREATE TABLE `colors` (
  `id` int(11) NOT NULL,
  `car_id` int(5) NOT NULL COMMENT '汽车ID',
  `color_name` varchar(255) COLLATE utf8_unicode_ci NOT NULL COMMENT '颜色名称',
  `sm_url` varchar(255) COLLATE utf8_unicode_ci NOT NULL COMMENT '小图片背景',
  `img_url` varchar(255) COLLATE utf8_unicode_ci NOT NULL COMMENT '汽车图片'
) ENGINE=InnoDB DEFAULT CHARSET=utf8 COLLATE=utf8_unicode_ci;

INSERT INTO `colors` (`id`, `car_id`, `color_name`, `sm_url`, `img_url`) VALUES
(8, 3, '罗马红', 'http://localhost:3000/uploads/7ff726177f9a0ee9be42bcc58162dca7', 'http://localhost:3000/uploads/edc3293f3e48384960f21dff2e47dffc'),
(24, 1, '汉玉白', 'http://localhost:3000/uploads/c8dfd1fd967a6e3f1a38d6693c8fe15c', 'http://localhost:3000/uploads/6160380841a490d0b573fb68360ee932'),
(25, 1, '珍珠银', 'http://localhost:3000/uploads/16693b88cb72fe7ab4a247883d12236a', 'http://localhost:3000/uploads/dad6a5e891b26a4037da8db83a4bb8c9'),
(26, 1, '钛晶灰', 'http://localhost:3000/uploads/9303f7234b049967d1caa2794362a742', 'http://localhost:3000/uploads/bb03485467128dc9bbf70e3323c8de63'),
(27, 2, '星夜蓝', 'http://localhost:3000/uploads/61b821f6902abc6a3b07d563faef8e36', 'http://localhost:3000/uploads/cc23680ba01568734e270aca7e29b6cc');

CREATE TABLE `inner_color` (
  `id` int(11) NOT NULL,
  `car_id` int(11) DEFAULT NULL COMMENT '汽车ID',
  `sm_url` varchar(255) COLLATE utf8_unicode_ci NOT NULL COMMENT '小背景图',
  `img_url` varchar(255) COLLATE utf8_unicode_ci NOT NULL COMMENT '内饰图片',
  `title` varchar(255) COLLATE utf8_unicode_ci DEFAULT NULL COMMENT '内饰标题',
  `description` varchar(255) COLLATE utf8_unicode_ci DEFAULT NULL COMMENT '内饰描述',
  `col_name` varchar(255) COLLATE utf8_unicode_ci DEFAULT NULL COMMENT '内饰颜色名称'
) ENGINE=InnoDB DEFAULT CHARSET=utf8 COLLATE=utf8_unicode_ci;

INSERT INTO `inner_color` (`id`, `car_id`, `sm_url`, `img_url`, `title`, `description`, `col_name`) VALUES
(26, 1, 'http://localhost:3000/uploads/706d1ca91b0c0567bc72d7cf23d5ea75', 'http://localhost:3000/uploads/3f17fa9348499c51092fa97635ea9e93', '高级皮质坐椅', '考究的包裹感，坐享豪华舒适感', '炫黑运动'),
(27, 1, 'http://localhost:3000/uploads/07cd42686bac30475181938a3104bf47', 'http://localhost:3000/uploads/732ac5cb26c70a0a20b62f7583366ea7', '高级皮质坐椅', '考究的包考究的包12321', '时尚黑');

CREATE TABLE `model` (
  `id` int(11) NOT NULL,
  `model_name` varchar(255) COLLATE utf8_unicode_ci NOT NULL COMMENT '型号名称'
) ENGINE=InnoDB DEFAULT CHARSET=utf8 COLLATE=utf8_unicode_ci;

INSERT INTO `model` (`id`, `model_name`) VALUES
(1, '智雅型'),
(2, '2020款博越 智雅型'),
(3, '2020款博越 智联型4G互联版'),
(4, '智联型 4G互联版'),
(5, '智慧型 4G互联版'),
(6, '智尊型 4G互联版');

CREATE TABLE `model_volume_base` (
  `id` int(11) NOT NULL,
  `model_id` int(11) NOT NULL,
  `volume_id` int(11) DEFAULT NULL,
  `car_id` int(11) DEFAULT NULL
) ENGINE=InnoDB DEFAULT CHARSET=utf8 COLLATE=utf8_unicode_ci;

INSERT INTO `model_volume_base` (`id`, `model_id`, `volume_id`, `car_id`) VALUES
(10, 1, 6, 1),
(11, 2, 15, 1),
(12, 4, 15, 1),
(13, 2, 34, 1),
(14, 1, 34, 1),
(15, 4, 34, 1),
(16, 1, 12, 1),
(17, 4, 12, 1),
(18, 5, 12, 1),
(19, 6, 12, 1),
(20, 2, 38, 3),
(21, 4, 38, 3),
(22, 1, 31, 3),
(23, 2, 31, 3),
(24, 3, 31, 3),
(25, 2, 8, 2),
(26, 4, 8, 2),
(27, 5, 37, 2),
(28, 2, 44, 2),
(29, 5, 44, 2),
(30, 3, 1, 8),
(31, 2, 4, 8),
(32, 4, 4, 8),
(33, 3, 6, 8);

CREATE TABLE `news` (
  `id` int(11) NOT NULL,
  `title` varchar(255) COLLATE utf8_unicode_ci NOT NULL COMMENT '标题',
  `description` varchar(255) COLLATE utf8_unicode_ci NOT NULL COMMENT '描述',
  `content` varchar(20000) COLLATE utf8_unicode_ci DEFAULT NULL COMMENT '内容',
  `bowser_count` int(255) DEFAULT 0 COMMENT '浏览量',
  `create_time` datetime DEFAULT NULL COMMENT '创建时间',
  `mod_time` datetime DEFAULT NULL COMMENT '修改时间',
  `like_count` int(255) DEFAULT 0 COMMENT '喜欢统计',
  `news_pic` varchar(255) COLLATE utf8_unicode_ci NOT NULL COMMENT '新闻封面图片',
  `share_count` int(255) DEFAULT 0 COMMENT '分享统计'
) ENGINE=InnoDB DEFAULT CHARSET=utf8 COLLATE=utf8_unicode_ci;

INSERT INTO `news` (`id`, `title`, `description`, `content`, `bowser_count`, `create_time`, `mod_time`, `like_count`, `news_pic`, `share_count`) VALUES
(1, '1111售价8.88-15.18万元 中国“三好SUV”博越家族成都车展上市', '11111吉利博越家族在成都车展正式上市。其中全新一代博越PRO共推出1.5TD、1.8TD...', '<p><br></p><p>&nbsp; &nbsp; &nbsp;&nbsp;<strong>（2019年9月5日 成都）</strong>吉利博<em>越家族在成都车展正式上市。</em>其中全新一代博越PRO共推出1.5TD、1.8TD两种排量共计6款车型，<strong>官方指导价为9.88-15.68万元。</strong>作为一款“云智能SUV”，博越PRO继博越开创中国汽车智能互<span style=\"color: rgb(161, 0, 0);\">联新时代之后，从车规级芯片、智能交互、云制造、智能安全四大方面再一次走在中国汽车智能化的前沿。在底盘、发动机、变速箱三大件上，博越PRO拥有豪华品牌沃尔沃和路特斯的技术赋能，达到中</span>国品牌较高水准。在颜值、驾乘、智能上全面新生，博越PRO致力于做中国SUV的“三好生”。博越PRO的推出，将深化吉利在紧凑型SUV领域战略布局，夯实吉利在SUV市场的领先优势。</p><p><br></p><p><br></p><p>&nbsp;</p><p><br></p><p><br></p><p class=\"ql-align-center\"><a href=\"https://boyue.geely.com/bypro\" rel=\"noopener noreferrer\" target=\"_blank\"><img src=\"https://geely-portal-prod-ntt-obs-02.obs.cn-east-2.myhwclouds.com/GeelyOfficial/Files/News/20190916news/pc/1.jpg\" alt=\"吉利博越PRO\"></a></p><p class=\"ql-align-center\"><br></p><p><br></p><p>&nbsp;</p><p><br></p><p>&nbsp; &nbsp; &nbsp; &nbsp;与此同时，现场还公布了博越家族的另一位成员2020款博越1.8TD、2.0L两种排量共5款车型，官方指导价为9.88-12.98万元。为回馈新老用户的支持，博越家族全系推出了“三大礼遇”优惠购车政策，金融礼：三年免息至高补贴7000元，置换礼：置换补贴至高5000元，尊享礼：5年全服务车联网免费流量，同时针对老车主推出GKUI19专享换机升级方案，博越车主专享限时8折优惠，且升级后享受5年车联网免费流量。<strong>厂家购置税补贴后，博越PRO实际售价为9.38-15.18万元。2020款博越直接下调市场指导价10000元，实际售价为8.88-11.98万元。</strong>博越家族的实际售价区间为<strong>8.88-15.18万元，</strong>这样的价格和政策令市场惊喜，凸显了博越一贯以来以合适价格为消费者提供高价值产品的理念，也表明了博越家族向更高市场目标发起冲击的决心和诚意。</p><p><br></p><p>&nbsp;</p><p><br></p><p><br></p><p class=\"ql-align-center\"><a href=\"https://boyue.geely.com/bypro\" rel=\"noopener noreferrer\" target=\"_blank\"><img src=\"https://geely-portal-prod-ntt-obs-02.obs.cn-east-2.myhwclouds.com/GeelyOfficial/Files/News/20190916news/pc/2.jpg\" alt=\"博越PRO\"></a></p><p class=\"ql-align-center\"><br></p><p><br></p><p><strong>&nbsp;</strong></p><p><br></p><p><br></p><p><strong>&nbsp; &nbsp; &nbsp; &nbsp;博越PRO竞逐智能网联汽车新时代</strong></p><p><br></p><p><br></p><p>&nbsp; &nbsp; &nbsp; &nbsp;近年来，在“科技吉利”发展战略下，吉利一直走在汽车智能化发展的前沿，致力于成为全球创新型科技公司。三年前，一句“你好 博越”开启汽车智能互联先河，三年后，博越PRO全面新生，通过对80万博越用户需求的深度理解，利用互联网、云计算、大数据、人工智能等创新技术，从四大方面竞逐全球智能网联汽车新时代。</p><p><br></p><p><br></p><p><strong>&nbsp; &nbsp; &nbsp; &nbsp;定义智能汽车“芯”标准。</strong>吉利是深度定义、自主开发汽车芯片的车企，博越PRO搭载了行业真正的车规级高性能芯片-E01，每秒运算超百万亿次，大大缩短了车机芯片与手机芯片的代差，带给用户如使用手机一般的流畅感。对于汽车来说，车载芯片安全稳定性尤为重要，要符合零下40°C至85°C的高温、高寒的耐久标准，还要经受高强度冲击振动、高精密制造工艺的挑战，研发成本更是手机芯片的两到三倍。吉利占领了这个智能网联汽车竞争的高点，将推动中国智能网联汽车进入“核心芯片竞争时代”。</p><p><br></p><p><br></p><p>&nbsp;</p><p><br></p><p><br></p><p class=\"ql-align-center\"><a href=\"https://boyue.geely.com/bypro\" rel=\"noopener noreferrer\" target=\"_blank\"><img src=\"https://geely-portal-prod-ntt-obs-02.obs.cn-east-2.myhwclouds.com/GeelyOfficial/Files/News/20190916news/pc/3.jpg\" alt=\"博越PRO\"></a></p><p class=\"ql-align-center\"><br></p><p><br></p><p><strong>&nbsp;</strong></p><p><br></p><p><br></p><p><strong>&nbsp; &nbsp; &nbsp; &nbsp;推动“智能交互”新标准。</strong>博越PRO搭载吉利自主开发、行业前沿的GKUI 19，拥有更开放的车机底层架构平台，能实现快速的自我迭代和进化，实现对话级别的“AI语音交互”，像朋友之间的交流一样顺畅。此外，GKUI 19拥有更开放的开发者平台，融合打通BAT、小米、京东等互联网全生态。实现一个ID打通娱乐、社交、智能家居、地图导航等用车全场景。今后，GKUI还将进一步扩大合作朋友圈，通过与更多的全球生态伙伴的合作，打造一个更具成长性的生态平台。</p><p><br></p><p><br></p><p><strong>&nbsp; &nbsp; &nbsp; &nbsp; 推动“云制造”新标准。</strong>吉利基于博越80万用户的真实用车大数据分析，在中国原创的用户主观满意度评价标准GCPA-101的高要求下，实现了线上虚拟仿真制造与线下智能工厂的数据互通，通过“用户云”大数据来指导修正“制造云”工艺，打造出更懂用户需求的SUV。博越PRO新增多项智能科技配置、超过30项NVH性能提升等数十项升级，都是根据用户的痛点和需求优化而来。</p><p><br></p><p>&nbsp;</p><p><br></p><p><br></p><p class=\"ql-align-center\"><a href=\"https://boyue.geely.com/bypro\" rel=\"noopener noreferrer\" target=\"_blank\"><strong><img src=\"https://geely-portal-prod-ntt-obs-02.obs.cn-east-2.myhwclouds.com/GeelyOfficial/Files/News/20190916news/pc/4.jpg\" alt=\"博越PRO\"></strong></a></p><p class=\"ql-align-center\"><br></p><p><br></p><p><br></p><p><br></p><p><br></p><p><strong>&nbsp;</strong></p><p><br></p><p><br></p><p><strong>&nbsp; &nbsp; &nbsp; &nbsp;推动“智能安全”新标准。</strong>博越PRO采用吉利独有的“安全识别圈”理念，搭载了行业前沿的L2级智能驾驶系统，将汽车安全提升到“智能安全”新高度，同时还配备了智能生态净化舱，AQS、PM2.5+负离子空气净化系统在车内营造出居家一般的智能舒适感，真正做到无处不“智”在。</p><p><br></p><p><br></p><p>&nbsp; &nbsp; &nbsp; &nbsp; 对吉利来讲，用户标准就是吉利的造车标准。博越PRO具有代际优势，参照消费者使用习惯来定义，真正打通了汽车与人类的“五感交互”：就像和老友聊天的亲近感、让“车内一小时”充满愉悦感、“您就是世界中心”的尊崇感、让机械座舱变身温馨家居的舒适感、驾控尽在掌握的安全感，全面刷新了SUV用户体验新高度。可以说，博越PRO的全面新生，也将是中国智能SUV消费者用车生活的全面新生。</p><p><br></p><p><br></p><p><strong>&nbsp; &nbsp; &nbsp; &nbsp; 豪华品牌技术赋能&nbsp; 三大件性能达到中国品牌SUV高水准</strong></p><p><br></p><p><br></p><p>&nbsp; &nbsp; &nbsp; &nbsp; 博越PRO搭载的1.8TD+7DCT、1.5TD+6AT、1.5TD+6MT三种动力组合，均满足新国六排放标准。其中，第三代1.8TD发动机最大功率135kW（184Ps），峰值扭矩相比上一代提升15N·m至300N·m。与之相匹配的7DCT变速箱，由沃尔沃与吉利汽车联合开发，传动效率高达97%，耐久性测试标准超欧标46%，经济性提升高达20%，实际油耗降低15%。</p><p><br></p><p><br></p><p>&nbsp;</p><p><br></p><p><br></p><p class=\"ql-align-center\"><a href=\"https://boyue.geely.com/bypro\" rel=\"noopener noreferrer\" target=\"_blank\"><strong><img src=\"https://geely-portal-prod-ntt-obs-02.obs.cn-east-2.myhwclouds.com/GeelyOfficial/Files/News/20190916news/pc/5.jpg\" alt=\"博越PRO\"></strong></a></p><p class=\"ql-align-center\"><br></p><p><br></p><p>&nbsp;</p><p><br></p><p><br></p><p>&nbsp; &nbsp; &nbsp; &nbsp; 全新1.5TD发动机由沃尔沃与吉利汽车联合开发，最大功率130kW（177Ps），峰值扭矩255N·m，匹配原装进口的爱信第三代6速手自一体变速箱，具备快速换挡、降低油耗的优异特性，百公里综合油耗仅7.2L。</p><p><br></p><p><br></p><p>&nbsp; &nbsp; &nbsp; &nbsp; 为提升驾控性能，博越PRO采用豪华赛车品牌路特斯专业级底盘调校，以及轻量化技术，后副车架采用“保时捷工程”重新设计，减重25%，底盘布局更美观、更舒适、排气管设计更平整，布局更合理，优化四轮减震，提升了抗震性能和NVH表现。双豪华品牌沃尔沃和路特斯的技术赋能，让博越PRO三大件全面新生，达到自主品牌高水准。</p><p><br></p><p><br></p><p>&nbsp; &nbsp; &nbsp; &nbsp;&nbsp;<strong>悬挂吉利最新黑车标 内饰典雅轻奢更具科技感</strong></p><p><br></p><p><br></p><p>&nbsp; &nbsp; &nbsp; &nbsp; 在造型设计上，博越PRO是顶级汽车设计大师彼得·霍布理率领吉利全球造型设计团队历时三年精心打造的匠心之作，经典一脉相承，兼具力量与运动，更显磅礴气势。刀锋凿线引擎盖设计，刚劲立体；宇宙回响造型格栅，张力十足；流水式LED转向灯，闪耀夺目。错落有致且极富张力的立体式家族前脸造型、兼具动感与优雅之美的“豹越式”车身设计、存在感十足的立体运动尾翼，加上前脸中央悬挂吉利最新黑色车标的点睛之笔，将“云智能SUV”的时尚感、运动感、科技感与未来感诠释得淋漓尽致。</p><p><br></p><p><br></p><p>&nbsp;</p><p><br></p><p><br></p><p class=\"ql-align-center\"><a href=\"https://boyue.geely.com/bypro\" rel=\"noopener noreferrer\" target=\"_blank\"><strong><img src=\"https://geely-portal-prod-ntt-obs-02.obs.cn-east-2.myhwclouds.com/GeelyOfficial/Files/News/20190916news/pc/6.jpg\" alt=\"博越PRO\"></strong></a></p><p class=\"ql-align-center\"><br></p><p><br></p><p>&nbsp;</p><p><br></p><p><br></p><p>&nbsp; &nbsp; &nbsp; &nbsp; &nbsp;内饰上，博越PRO将中国元素贯穿始终，典雅轻奢、豪华科技。车机与仪表双12.3英寸全液晶大屏、9英寸HUD抬头显示，实现三屏联动，打造沉浸式的科技氛围座舱。此外，博越PRO搭载12个BOSE豪华环绕音响、12向电动调节的NAPPA真皮座椅、带负离子功能及PM2.5净化功能的双区自动恒温空调，让用户坐享越级舒适空间。</p><p><br></p><p><br></p><p><strong>&nbsp; &nbsp; &nbsp; &nbsp; &nbsp;博越家族做中国SUV的“三好生”&nbsp; 双车战略提升吉利SUV势位</strong></p><p><br></p><p><br></p><p>&nbsp; &nbsp; &nbsp; &nbsp; &nbsp;三年前，博越凭借“好看、好开、好智能”的三好优势，以及智能互联SUV的出色实力，成为中国品牌中极快达成50万与80万辆销量的SUV，创造了业界瞩目的“博越速度”与“博越现象”，成为中国品牌里名副其实的极具竞争力、号召力、影响力的明星SUV。博越不仅开启吉利SUV发展新纪元，带动吉利SUV整体崛起，SUV也成为吉利绩优股版块。</p><p><br></p><p><br></p><p>&nbsp;</p><p><br></p><p><br></p><p class=\"ql-align-center\"><a href=\"https://boyue.geely.com/bypro\" rel=\"noopener noreferrer\" target=\"_blank\"><strong><img src=\"https://geely-portal-prod-ntt-obs-02.obs.cn-east-2.myhwclouds.com/GeelyOfficial/Files/News/20190916news/pc/7.jpg\" alt=\"博越PRO\"></strong></a></p><p class=\"ql-align-center\"><br></p><p><br></p><p>&nbsp;</p><p><br></p><p><br></p><p>&nbsp; &nbsp; &nbsp; &nbsp; 同时，博越是吉利首款向全球输出产品、技术和管理的车型，热销欧洲、亚洲、美洲16个国家，宝腾版博越上市以来连续7个月位居马来西亚SUV市场前列。同时，在《2018中国汽车保值率报告》中，博越也位居中国品牌SUV保值率前列，综合品质比肩主流合资。</p><p><br></p><p><br></p><p>&nbsp; &nbsp; &nbsp; &nbsp; 博越PRO上市后与2020款博越组成的“博越家族”，开启了吉利在紧凑型SUV领域的“双车战略”，让经典车型走向家族化发展：博越PRO致力于做中国SUV的“三好生”，与主流合资品牌展开全面竞争；2020款博越保持既有优势，满足三四线市场的新购和换购需求。极具竞争力的产品力和价格，创造了3年80万辆的“博越速度”，相信博越PRO与2020款博越将以1+1&gt;2的尖刀效应，继续巩固吉利在紧凑型SUV市场的良好优势，并向更高市场目标发起强有力冲击。</p><p><br></p><p><br></p><p>&nbsp;</p>', 16, '2019-09-13 00:00:00', '2020-03-29 21:02:29', 8, 'http://localhost:3000/uploads/1486cde73472a957ebea3d0b10ae9033', 0),
(2, '吉利汽车连续7年携手韩红开启“百人援川”公益行', '8月4日，“看见幸福 新远景SUV携手韩红爱心·百人援川”公益行动发布会在四...', '<p><br></p><p>&nbsp;</p><p><br></p><p><br></p><p>&nbsp;</p><p><br></p><p><br></p><p>&nbsp;&nbsp;&nbsp;&nbsp;&nbsp;&nbsp; 8月4日，“看见幸福 新远景SUV携手韩红爱心·百人援川”公益行动发布会在四川成都举行。发布会上，吉利汽车再次向韩红爱心慈善基金会捐赠30辆新远景SUV，作为本次“医疗巡诊专用车”，助力其在四川偏远地区开展为期15天的专业医疗援助。据悉，此次活动举办地成都，正是新远景SUV的生产基地，相信此次捐助的车辆，将寄托着四川吉利人对家乡的爱与希望，让更多人看见幸福。</p><p>&nbsp;</p><p><br></p><p><br></p><p>&nbsp;&nbsp;&nbsp;&nbsp;&nbsp;&nbsp; 今年是吉利汽车携手韩红“百人医疗援助系列行动”的第7年，自2013年至今，吉利汽车已累计捐赠195辆SUV，行驶近60万公里，穿越西部山海，行人间大爱，持续为最需要帮助的人带去幸福远景。</p><p><br></p><p><br></p><p>&nbsp;</p><p><br></p><p><br></p><p><img src=\"https://dm30webimages.geely.com/GeelyOfficial/Files/ImageSource/NEWS/G-NEWS-0807/1.jpg\"></p><p><br></p><p>&nbsp;</p><p><br></p><p>&nbsp;</p><p><br></p><p><br></p><p>&nbsp;&nbsp;&nbsp;&nbsp;&nbsp;&nbsp; 8月3日-17日，援川公益行动将由韩红亲自带队，由成都出发，沿川藏线一路前行，途径通江县、北川县、黑水县、阿坝县等四川2市3州9个偏远县区，全程3300公里。浙医二院眼科中心主任医师姚克、儿科专家崔玉涛等国内外医疗专家，连同蒋欣、陈明、光良等明星爱心人士，开展为期15天、共9场大型义诊会诊。沿途免费发放药品，普查地方疑难杂症，并重点为当地200位白内障患者免费实施手术，为重症贫困病患提供后续专业治疗。</p><p><br></p><p><br></p><p>&nbsp;</p><p><br></p><p><br></p><p>&nbsp;</p><p><br></p><p><br></p><p>&nbsp;</p><p><br></p><p><br></p><p><img src=\"https://dm30webimages.geely.com/GeelyOfficial/Files/ImageSource/NEWS/G-NEWS-0807/2.jpg\"></p><p><br></p><p><br></p><p>&nbsp;</p><p><br></p><p><br></p><p><br></p><p>&nbsp;</p><p><br></p><p>&nbsp;&nbsp;&nbsp;&nbsp;&nbsp;&nbsp;&nbsp;</p><p>此次援川公益行动路程距离长，海拔跨度大，路况复杂多变。肩负护航使命，30辆新远景SUV将作为医疗巡诊专用车，全力保障此次公益之行的顺利开展。整个行程中，新远景SUV将跨山谷、越高原，接受“蜀道”艰难、严苛的挑战。相信刚刚升级的新远景SUV国六版，将凭借更强劲的动力，更好助力爱心团队应对各种复杂路况，圆满完成援助任务。</p><p><br></p><p>&nbsp;</p><p><br></p><p><br></p><p>&nbsp;</p><p><br></p><p><br></p><p><img src=\"https://dm30webimages.geely.com/GeelyOfficial/Files/ImageSource/NEWS/G-NEWS-0807/3.jpg\"></p><p><br></p><p><br></p><p><br></p><p>&nbsp;</p><p><br></p><p>&nbsp;&nbsp;&nbsp;&nbsp;&nbsp;&nbsp;&nbsp;</p><p>据了解，自2012年成立以来，韩红爱心慈善基金会就持续开展针对西部偏远贫困地区的“百人医疗援助系列行动”。活动至今，足迹遍及新疆、青海、贵州、甘肃、宁夏、陕西等省、自治区多个贫困县市。</p><p><br></p><p>&nbsp;</p><p><br></p><p><br></p><p>&nbsp;&nbsp;&nbsp;&nbsp;&nbsp;&nbsp;&nbsp;</p><p>作为韩红爱心基金会公益战略合作伙伴，吉利汽车已连续7年助力“百人医疗援助系列行动”，累计向韩红爱心慈善基金会援疆、援青、援贵、援甘、援宁、援陕、援川捐赠了195辆吉利SUV，价值近2200万元。公益之路累计跨越7省80个县区，行驶近60万公里，相当于每次援助行动绕行地球两圈。</p><p><br></p><p><br></p><p>&nbsp;</p><p><br></p><p><br></p><p>&nbsp;</p><p><br></p><p><br></p><p><img src=\"https://dm30webimages.geely.com/GeelyOfficial/Files/ImageSource/NEWS/G-NEWS-0807/4.jpg\"></p><p><br></p><p>&nbsp;</p><p><br></p><p>&nbsp;&nbsp;&nbsp;&nbsp;&nbsp;&nbsp; 秉承远景家族以 “获得感”、“安全感”、“幸福感”，实现“让幸福更进一步”的品牌愿景，不断提升国民幸福指数，远景SUV自上市起，就是一款有爱、有温度的产品。上市至今，远景SUV凭借在空间、动力、安全性、舒适性配置等方面的优异表现，圆满完成了援甘、援宁、援陕等公益行动的保障任务，并受到韩红爱心团队以及当地受捐机构的一致称赞和好评。</p><p><br></p><p><br></p><p>&nbsp;</p><p><br></p><p><br></p><p>&nbsp;</p><p><br></p><p><br></p><p><img src=\"https://dm30webimages.geely.com/GeelyOfficial/Files/ImageSource/NEWS/G-NEWS-0807/5.jpg\"></p><p><br></p><p>&nbsp;</p><p><br></p><p>&nbsp;</p><p><br></p><p><br></p><p>&nbsp;&nbsp;&nbsp;&nbsp;&nbsp;&nbsp; 截至目前，远景家族已经获得超200万幸福家庭忠实信赖，其中，远景SUV已累计销量近34万辆，成为“8万级国民家用幸福座驾”。秉承公益初心，远景SUV不仅持续深度助力“韩红爱心·百人医疗援助系列行动”，同时，与生俱来的公益血液也在不断诠释远景SUV的幸福内涵，致力于感恩所有远景SUV车主、平凡的爱心英雄，汇聚大爱。据了解，远景SUV自上市起就设立“大学生幸福助学行动”，倡导车主与吉利共同凝聚爱心“幸福公益”，至今已累计捐助330万元，帮助来自全国各地的优秀贫困学生圆梦大学。</p><p><br></p><p><br></p><p>&nbsp;</p><p><br></p><p><br></p><p>&nbsp;</p><p><br></p><p><br></p><p><img src=\"https://dm30webimages.geely.com/GeelyOfficial/Files/ImageSource/NEWS/G-NEWS-0807/6.jpg\"></p><p><br></p><p>&nbsp;</p><p><br></p><p>&nbsp;</p><p><br></p><p><br></p><p>&nbsp;&nbsp;&nbsp;&nbsp;&nbsp;&nbsp; 吉利汽车是一个充满社会情怀的企业，始终坚持承担社会责任、力行公益。连续7年携手韩红“百人医疗援助系列行动”是吉利坚持“让世界感受爱”公益价值主张的延伸，也是吉利众多公益项目的幸福缩影。</p><p><br></p><p><br></p><p>&nbsp;</p><p><br></p><p><br></p><p>&nbsp;&nbsp;&nbsp;&nbsp;&nbsp;&nbsp;&nbsp;</p><p>据悉，吉利汽车通过实施“吉时雨”精准扶贫项目，对偏远地区发展进行重点帮扶，3年来投入资金超过3.7亿元；通过设立浙江省李书福公益基金会，开展吉利绿跑道乡村少年体育梦想计划、山村幼儿园等计划，支持教育事业发展，用实际行动积极承担社会责任。历年来，吉利汽车公益支持金额累计突破8亿，多次获得“中国最受尊敬企业”，“中国工业行业履行社会责任五星级企业”荣誉称号。在持续引领中国品牌汽车向上突破同时，吉利汽车也为中国企业履行社会责任做出了表率。</p><p><br></p><p><br></p><p>&nbsp;</p><p><br></p><p><br></p><p><br></p>', 40, '2019-08-06 00:00:00', '2020-03-19 20:14:56', 3, 'https://dm30webimages.geely.com/GeelyOfficial/Files/ImageSource/NEWS/G-NEWS-0807/T.jpg', 0),
(3, '吉利汽车上半年销量65万辆，市占率稳步提升', '吉利汽车上半年销量65万辆，市占率稳步提升', '<p><br></p><p>&nbsp;</p><p><br></p><p><br></p><p>&nbsp;&nbsp;&nbsp;&nbsp;&nbsp;&nbsp; 7月8日，吉利汽车控股有限公司（简称“吉利汽车”）（HK.0175）公布了2019年6月销量数据：6月销量90,875辆，环比增长0.63%。其中，海外出口量达6,234辆，新能源及电气化车型销量达15,985辆。上半年，吉利汽车累计总销量达651,680辆。上半年累计出口量达38,619辆，同比增长343.95%；新能源及电气化车型累计销量达57,600辆，同比增长301.06%。</p><p><br></p><p><br></p><p>&nbsp;</p><p><br></p><p><br></p><p>&nbsp;</p><p><br></p><p><br></p><p><br></p><p>&nbsp;<a href=\"https://www.geely.com/\" rel=\"noopener noreferrer\" target=\"_blank\"><img src=\"https://geely-portal-prod-ntt-obs-02.obs.myhwclouds.com/GeelyOfficial/Files/ImageSource/NEWS/G-NEWS-0712-1/PC/1.jpg\" alt=\"吉利汽车6月销量\"></a></p><p><br></p><p><br></p><p><br></p><p><br></p><p><br></p><p><br></p><p>&nbsp;</p><p><br></p><p><br></p><p>&nbsp;</p><p><br></p><p><br></p><p>&nbsp;&nbsp;&nbsp;&nbsp;&nbsp;&nbsp; 受中美贸易摩擦、国五与国六车型切换、新能源车退补等一系列因素影响，国内乘用车市场呈现持续下滑态势。吉利汽车保持战略定力，坚持高质量发展，持续推进产品结构调整，注重体系的健康和全价值链合作伙伴的可持续发展，终端表现良好，库销比处于健康水平，市场占有率稳步提升。目前海外市场拓展提速，新能源及电气化车型销量节节攀升，且已率先用技术开启了全系车型“国六B”新时代，并在上半年完成了大批量国五车型的切换，为下半年的“轻装上阵”奠定坚实基础，坚定助力中国品牌向上突围。</p><p><br></p><p><br></p><p>&nbsp;</p><p><br></p><p><br></p><p>&nbsp;&nbsp;&nbsp;&nbsp;&nbsp;&nbsp;<strong> 吉利、领克、几何三品牌同频发展，轿车、SUV、MPV全品类并进</strong></p><p><br></p><p><br></p><p>&nbsp;</p><p><br></p><p><br></p><p>&nbsp;&nbsp;&nbsp;&nbsp;&nbsp;&nbsp; 今年上半年，吉利汽车集团发布了“全新高端纯电品牌”几何，推出了嘉际、几何A、星越等多款全新车型，开创了吉利、领克、几何三个品牌齐头并进、同频发展的新格局，开启了轿车、SUV、MPV“三驾马车”全品类驱动的崭新征程。</p><p><br></p><p><br></p><p>&nbsp;</p><p><br></p><p><br></p><p>&nbsp;</p><p><br></p><p><br></p><p><img src=\"https://dm30webimages.geely.com/GeelyOfficial/Files/ImageSource/NEWS/G-NEWS-0712-1/PC/2.jpg\"></p><p><br></p><p>&nbsp;</p><p><br></p><p>&nbsp;</p><p><br></p><p><br></p><p>&nbsp;&nbsp;&nbsp;&nbsp;&nbsp;&nbsp; 回顾上半年，吉利汽车的SUV产品总销量达到365,389辆，在吉利总销量中占比56.07%。其中，“智能互联精品SUV”博越6月销量13,786辆，上半年累计销量109,714辆，稳居SUV市场前列阵营；跨界SUV帝豪GS 6月销量5,359辆，上半年累计销量51,458辆，持续竞逐跨界SUV细分市场。</p><p><br></p><p><br></p><p>&nbsp;</p><p><br></p><p><br></p><p>&nbsp;</p><p><br></p><p><br></p><p><a href=\"https://binyue.geely.com/binyue\" rel=\"noopener noreferrer\" target=\"_blank\"><img src=\"https://dm30webimages.geely.com/GeelyOfficial/Files/ImageSource/NEWS/G-NEWS-0712-1/PC/3.jpg\"></a></p><p><br></p><p>&nbsp;</p><p><br></p><p>&nbsp;</p><p><br></p><p><br></p><p>&nbsp;&nbsp;&nbsp;&nbsp;&nbsp;&nbsp; “高动力智慧SUV”缤越6月销量10,786辆，上半年累计销售69,051辆；远景SUV、远景X3在上半年销量分别达40,831辆、40,346辆；吉利高端新旗舰车型，吉利CMA架构下首款车型星越销量持续攀升，6月销量2,431辆，上市不到2个月累计销量3,540辆。</p><p><br></p><p><br></p><p>&nbsp;</p><p><br></p><p><br></p><p>&nbsp;</p><p><br></p><p><br></p><p><a href=\"https://xingyue.geely.com/xy\" rel=\"noopener noreferrer\" target=\"_blank\"><img src=\"https://dm30webimages.geely.com/GeelyOfficial/Files/ImageSource/NEWS/G-NEWS-0712-1/PC/4.jpg\"></a></p><p><br></p><p>&nbsp;</p><p><br></p><p>&nbsp;</p><p><br></p><p><br></p><p>&nbsp;&nbsp;&nbsp;&nbsp;&nbsp;&nbsp; 在轿车领域，吉利汽车多款车型更是在各细分市场全面助力中国品牌向上。其中，博瑞家族6月销量1,551辆，上半年累计销量13,050辆，持续保持中国品牌B级车市场前列；全新帝豪6月销量15,034辆，上半年累计销量109,171辆，毫无悬念地持续占据中国品牌轿车销量前列。</p><p><br></p><p><br></p><p>&nbsp;</p><p><br></p><p><br></p><p>&nbsp;</p><p><br></p><p><br></p><p><a href=\"https://br.geely.com/brge\" rel=\"noopener noreferrer\" target=\"_blank\"><img src=\"https://dm30webimages.geely.com/GeelyOfficial/Files/ImageSource/NEWS/G-NEWS-0712-1/PC/5.jpg\"></a></p><p><br></p><p>&nbsp;</p><p><br></p><p>&nbsp;</p><p><br></p><p><br></p><p>&nbsp;&nbsp;&nbsp;&nbsp;&nbsp;&nbsp; 帝豪GL与缤瑞6月分别销售了5,055辆与5,180辆，上半年累计销量分别为44,742辆与42,767辆，不断巩固吉利在A+级轿车优势；远景6月销量5,096辆，上半年累计销量39,595辆，牢牢把持A-级国产家轿销量榜前列。</p><p><br></p><p><br></p><p>&nbsp;</p><p><br></p><p><br></p><p>&nbsp;</p><p><br></p><p><br></p><p><a href=\"https://jiaji.geely.com/jj\" rel=\"noopener noreferrer\" target=\"_blank\"><img src=\"https://dm30webimages.geely.com/GeelyOfficial/Files/ImageSource/NEWS/G-NEWS-0712-1/PC/6.jpg\"></a></p><p><br></p><p>&nbsp;</p><p><br></p><p>&nbsp;</p><p><br></p><p><br></p><p>&nbsp;&nbsp;&nbsp;&nbsp;&nbsp; &nbsp; 在MPV市场，“高品智家享MPV”嘉际自3月份上市以来，销量逐月攀升，6月销量3,654辆创新高，进入MPV市场前列阵营。目前累计销量达14,939辆，成为吉利汽车新的市场增长点。</p><p><br></p><p><br></p><p>&nbsp;</p><p><br></p><p><br></p><p><br></p><p>&nbsp;&nbsp;&nbsp;&nbsp;&nbsp;&nbsp;&nbsp;</p><p>吉利和沃尔沃合资打造的新时代高端品牌——领克，6月销量8,655辆，上半年累计销量为55,877辆。其中，领克01、领克02和领克03在6月分别取得了4,533辆、2,029辆与2,093辆的销量成绩，上半年各自累计销量分别为26,184辆、11,801辆与17,892辆，成为中国汽车品牌冲击高端市场的强劲力量。</p><p><br></p><p>&nbsp;</p><p><br></p><p><br></p><p>&nbsp;</p><p><br></p><p><br></p><p><a href=\"https://www.lynkco.com.cn/cars/03\" rel=\"noopener noreferrer\" target=\"_blank\"><img src=\"https://dm30webimages.geely.com/GeelyOfficial/Files/ImageSource/NEWS/G-NEWS-0712-1/PC/7.jpg\"></a></p><p><br></p><p>&nbsp;</p><p><br></p><p>&nbsp;</p><p><br></p><p><br></p><p>&nbsp;&nbsp;&nbsp;&nbsp;&nbsp;&nbsp; 在新能源领域及电气化领域，吉利在上半年推出了几何A、帝豪GL PHEV、缤越PHEV等多款车型，上半年累计实现57,600辆的销量，同比增长301.06%。其中，“高维安全纯电座驾”几何A在6月销量创下新高，达到1,743辆，上市三个月累计销量达4,135辆，成为全球纯电市场中的“A选项”。</p><p><br></p><p><br></p><p>&nbsp;</p><p><br></p><p><br></p><p>&nbsp;</p><p><br></p><p><br></p><p><a href=\"https://dh.geely.com/dhglphev\" rel=\"noopener noreferrer\" target=\"_blank\"><img src=\"https://dm30webimages.geely.com/GeelyOfficial/Files/ImageSource/NEWS/G-NEWS-0712-1/PC/8.jpg\"></a></p><p><br></p><p>&nbsp;</p><p><br></p><p>&nbsp;</p><p><br></p><p><br></p><p>&nbsp;&nbsp;&nbsp;&nbsp;&nbsp;&nbsp; 2019年，吉利汽车提出了 “稳”字当头的发展战略，以市占率论英雄，着力提升经营质量，将全年销量目标下调10%至136万辆。据数据统计，今年1-5月吉利汽车的市占率，在去年6.3%的基础上，进一步提升至6.68%。</p><p><br></p><p><br></p><p>&nbsp;</p><p><br></p><p><br></p><p>&nbsp;&nbsp;&nbsp;&nbsp;&nbsp;&nbsp;&nbsp;</p><p>吉利汽车在保持市场占有率稳中有升的同时，产品结构也持续向高品质、高价值方向调整，强攻主流合资品牌市场，用户群体不断扩圈，平均售价和品牌附加值同步提升。今年上半年，吉利汽车8万元以上售价的产品销量占比达到80%以上，全系车型平均售价在2018年基础上进一步提升，达到10.14万元，在购买吉利汽车的消费者中，90/95后的占比超过51%，成为主力人群。</p><p><br></p><p><br></p><p>&nbsp;</p><p><br></p><p><br></p><p>&nbsp;</p><p><br></p><p><br></p><p><a href=\"https://www.geely.com/\" rel=\"noopener noreferrer\" target=\"_blank\"><img src=\"https://dm30webimages.geely.com/GeelyOfficial/Files/ImageSource/NEWS/G-NEWS-0712-1/PC/9.jpg\"></a></p><p><br></p><p>&nbsp;</p><p><br></p><p>&nbsp;</p><p><br></p><p>&nbsp;&nbsp;&nbsp;&nbsp;&nbsp;&nbsp; 未来，随着汽车市场逐渐转化为存量市场，集中度将持续提升，头部效应明显，品牌持续升级，核心技术能力不断增强的吉利汽车，继续保持稳健的高质量发展步伐。</p><p><br></p><p>&nbsp;</p><p><br></p><p><br></p><p>&nbsp;&nbsp;&nbsp;&nbsp;&nbsp;&nbsp; <strong>以技术、品质驱动&nbsp;&nbsp; 吉利坚持”高质量发展“的战略定力</strong></p><p><br></p><p><br></p><p>&nbsp;</p><p><br></p><p><br></p><p>&nbsp;&nbsp;&nbsp;&nbsp;&nbsp;&nbsp;</p><p>存量市场的竞争，主要靠技术立品牌，靠技术和产品赢市场。当下，整个汽车市场处于低迷时期，而吉利坚持以技术、品牌、融合发展为定力，以此抵抗各种政策和市场的不确定性因素，为中国品牌不断注入信心。</p><p><br></p><p><br></p><p>&nbsp;</p><p><br></p><p><br></p><p>&nbsp;&nbsp;&nbsp;&nbsp;&nbsp;&nbsp;</p><p>在技术领域，由核心架构、动力总成、新能源和智能网联技术构成核心竞争力，助力吉利产品竞争力显著提升。吉利与沃尔沃联合研发的CMA架构，在中国汽车品牌中率先实现架构全球化，有力推动吉利产品在造型设计，研发技术，动力性能，以及品质管控等方面的全面升级。大部分吉利车型均搭载吉利与沃尔沃联合开发的新一代发动机，技术上的领先确保吉利汽车全面开启“国六B”新时代。在电动化领域，吉利汽车在轻混、插混、纯电等新能源发展路径多线并举，覆盖了轿车、SUV与MPV全品类，彰显着吉利汽车作为新能源的行动派和实力派，在全面实现电气化上的决心。</p><p><br></p><p><br></p><p>&nbsp;</p><p><br></p><p><br></p><p>&nbsp;</p><p><br></p><p><br></p><p><a href=\"https://www.geely.com/\" rel=\"noopener noreferrer\" target=\"_blank\"><img src=\"https://dm30webimages.geely.com/GeelyOfficial/Files/ImageSource/NEWS/G-NEWS-0712-1/PC/10.jpg\"></a></p><p><br></p><p><br></p><p>&nbsp;</p><p><br></p><p><br></p><p>&nbsp;</p><p><br></p><p><br></p><p>&nbsp;&nbsp;&nbsp;&nbsp;&nbsp;&nbsp; 智能化、网联化是未来汽车行业的核心战略，目前吉利汽车在行业内新量产车型L2配置率和市占率均位于前列。今年5月，吉利汽车发布了“爬行者智能系统”。未来三年，吉利将以1亿公里的仿真路况实验，在全球范围内首先实现L3级别的量产。7月3日，吉利汽车发布了全新升级的GKUI 19以及业内首款量产车规级芯片E01，成为国内深度定义、主导开发汽车芯片核心技术的汽车企业，助力中国智能网联汽车进入“超级大脑”新时代。</p><p><br></p><p><br></p><p>&nbsp;</p><p><br></p><p><br></p><p>&nbsp;</p><p><br></p><p><br></p><p><a href=\"https://www.geometryauto.com/\" rel=\"noopener noreferrer\" target=\"_blank\"><img src=\"https://dm30webimages.geely.com/GeelyOfficial/Files/ImageSource/NEWS/G-NEWS-0712-1/PC/11.jpg\"></a></p><p><br></p><p>&nbsp;</p><p><br></p><p>&nbsp;</p><p><br></p><p><br></p><p>&nbsp;&nbsp;&nbsp;&nbsp;&nbsp;&nbsp;&nbsp; 在渠道上，吉利更注重体系的健康和全价值链合作伙伴的可持续发展。截至6月底，吉利库销比指数处于健康水平，好于行业平均水平，与日系品牌的库销比相仿，终端表现良好。健康的渠道生态赢得行业的普遍肯定，吉利新能源纯电品牌——几何，自4月11日发布以来，在渠道与服务方面保持着独立运营，目前已有经销商121家。</p><p><br></p><p><br></p><p>&nbsp;</p><p><br></p><p><br></p><p>&nbsp;&nbsp;&nbsp;&nbsp;&nbsp;&nbsp;&nbsp;</p><p>今年4月13日，吉利汽车正式成为2022年杭州亚运会官方合作伙伴。作为国内少有的赞助国际化大型综合性运动赛事的汽车企业，吉利也正式启动主题为“科技吉利，悦行亚运”的亚运战略，以此为开启全方位品牌升级行动，加速向核心技术领先、全球化布局发展、以用户为核心的创新型科技企业转型。</p><p><br></p><p><br></p><p>&nbsp;</p><p><br></p><p><br></p><p>&nbsp;</p><p><br></p><p><br></p><p>&nbsp;</p><p><br></p><p><br></p><p><a href=\"https://www.geely.com/\" rel=\"noopener noreferrer\" target=\"_blank\"><img src=\"https://dm30webimages.geely.com/GeelyOfficial/Files/ImageSource/NEWS/G-NEWS-0712-1/PC/12.jpg\"></a></p><p><br></p><p><br></p><p>&nbsp;</p><p><br></p><p><br></p><p>&nbsp;</p><p><br></p><p><br></p><p>&nbsp;&nbsp;&nbsp;&nbsp;&nbsp;&nbsp;&nbsp;</p><p>目前，吉利汽车在国六排放标准施行地区，已基本完成国五清库存工作。同时借助国六切换契机，博越、帝豪、远景等车型也同步完成了产品的焕新升级。健康的库销比也使得吉利渠道体系能够轻装上阵，迎接下半场的市场角逐。相信随着星越、嘉际等新车型的持续发力，博越PRO等全新车型的发布，吉利汽车将进一步坚定品牌自信、技术自信、产品自信和文化自信，不断提升市场占有率，坚定助力中国汽车产业迈向全球价值链中高端。</p><p><br></p><p><br></p><p><br></p>', 3, '2019-07-08 00:00:00', '2020-03-19 18:21:46', 4, 'https://dm30webimages.geely.com/GeelyOfficial/Files/ImageSource/NEWS/G-NEWS-0712-1/toutu.jpg', 0),
(4, '发布GKUI 19系统 博越PRO全球首发并开启预售', '发布GKUI 19系统 博越PRO全球首发并开启预售', '<div class=\"rich_text_content\" style=\"min-height: 30px; font-size: 16px; line-height: 25px;\">\r\n            <br>\r\n            <p>&nbsp;</p>\r\n<p>&nbsp;</p>\r\n<p>&nbsp;&nbsp;&nbsp;&nbsp;&nbsp;&nbsp; 【2019年7月3日 北京】&nbsp; 吉利正式发布了全新升级的GKUI 19吉客智能生态系统（简称“GKUI 19”）。搭载GKUI 19的“云智能SUV”——吉利博越PRO，也在此次发布会上全球亮相，并同步开启预售。</p>\r\n<p>&nbsp;</p>\r\n<p>&nbsp;</p>\r\n<p><img alt=\"\" src=\"https://dm30webimages.geely.com/GeelyOfficial/Files/ImageSource/NEWS/G-NEWS-0712-2/PC/1.jpg\" style=\"max-width: 100%; max-height: 100%; height: auto;\"></p>\r\n<p>&nbsp;</p>\r\n<p>&nbsp;</p>\r\n<p>&nbsp;&nbsp;&nbsp;&nbsp;&nbsp;&nbsp; GKUI 19搭载了自主主导开发、深度自定义的系统级量产车规级别高性能芯片E01，具备强大运算平台、优秀交互体验、全场景车联生态，并以多项硬核实力，实现了“人+车+家”智慧出行生态。凭借着GKUI 19，博越PRO再次站在智能网联技术的前沿，将智能互联精品SUV推进到比拼“超级大脑”的智能网联时代。</p>\r\n<p>&nbsp;</p>\r\n<p><strong>&nbsp;&nbsp;&nbsp;&nbsp;&nbsp;&nbsp; GKUI 19正式发布，博越PRO率先进阶“云智能SUV”</strong></p>\r\n<p>&nbsp;</p>\r\n<p>&nbsp;&nbsp;&nbsp;&nbsp;&nbsp;&nbsp; 此次发布的GKUI 19在2018年版的基础上，结合用户的生活方式和用车习惯，搭载性能更强的硬件平台。“一朵云”升级为 “AI云（AI Cloud）”，更多AI能力将赋予GKUI19全能体验；“一个桌面”升级为“控件生态”，实现控件交互，场景推荐；“一个ID”升级成“全能ID”打通更多互联场景；“一个生态系统”则升级为“开发者平台”，融入更丰富的互联网生态服务，并以“生态开放“为指引，发布第三方开发者平台；此外，还融入了车规级高性能芯片、智能出行手表等“智能硬件”，构建软硬件融合能力，聚焦全方位出行场景服务和智能交互体验，站在智能网联行业领域前沿。</p>\r\n<p>&nbsp;</p>\r\n<p>&nbsp;</p>\r\n<p><img alt=\"\" src=\"https://dm30webimages.geely.com/GeelyOfficial/Files/ImageSource/NEWS/G-NEWS-0712-2/PC/2.jpg\" style=\"max-width: 100%; max-height: 100%; height: auto;\"><br>\r\n&nbsp;</p>\r\n<p>&nbsp;</p>\r\n<p>&nbsp;</p>\r\n<p>&nbsp;&nbsp;&nbsp;&nbsp;&nbsp;&nbsp; 作为吉利在智能网联车载系统上的全新成果，GKUI 19创下行业“四个优势、五项更全”的优势，搭载自主主导开发、深度自定义的系统级量产车规级别高性能芯片，搭载中国汽车网联行业量产智能出行手表X WATCH，拥有主动学习、同步车机手机日程管理、智能预判的“超级大脑”的系统，搭载曹操品质顺风车打通智能出行生态；同时，实现一个ID打通百度、微信、支付宝等账户用车场景，百度、高德、腾讯地图一次配齐的导航服务，百度、京东、小米三大智能生态家居打通的全无边界车家互联，中控屏+仪表盘+HUD抬头显示仪+X WATCH+手机五屏数据实时互通的娱乐社交服务，以及随叫随到、能K歌、能看电影、能打电话等良好体验，让为消费者打造便捷、轻松的智慧出行生活。</p>\r\n<p>&nbsp;</p>\r\n<p>&nbsp;</p>\r\n<p>&nbsp;</p>\r\n<p><img alt=\"\" src=\"https://dm30webimages.geely.com/GeelyOfficial/Files/ImageSource/NEWS/G-NEWS-0712-2/PC/3.jpg\" style=\"max-width: 100%; max-height: 100%; height: auto;\"><br>\r\n&nbsp;</p>\r\n<p>&nbsp;</p>\r\n<p>&nbsp;</p>\r\n<p>&nbsp;&nbsp;&nbsp;&nbsp;&nbsp;&nbsp; 作为率先搭载GKUI 19的新车型，博越PRO拥有“超级大脑”，搭载车规级高性能芯片E01，具备强大的运算能力，会学习、能预判和主动推送私人服务，是一款智商高、情商高双Q爆表的SUV；如果你问了博越PRO一个它不知道的问题，它就会通过AI CLOUD云端主动学习，然后它会主动把学到的知识告诉你；戴上X WATCH，随时随地控制博越PRO，堪称“戴在手腕上”的SUV；打开手机APP就可以远程启动、开车窗、座椅加热、查看车况、日程提醒等，博越PRO也是“装在手机里”的SUV；通过手机蓝牙绑定，你的手机就可以代替车控钥匙，平时不用带钥匙只要有手机就能启动博越PRO，是“不用钥匙”也能开的SUV。</p>\r\n<p>&nbsp;</p>\r\n<p>&nbsp;</p>\r\n<p>&nbsp;</p>\r\n<p><img alt=\"\" src=\"https://dm30webimages.geely.com/GeelyOfficial/Files/ImageSource/NEWS/G-NEWS-0712-2/PC/4.jpg\" style=\"max-width: 100%; max-height: 100%; height: auto;\"><br>\r\n&nbsp;</p>\r\n<p>&nbsp;</p>\r\n<p>&nbsp;</p>\r\n<p>&nbsp;&nbsp;&nbsp;&nbsp;&nbsp;&nbsp; PRO是指专业、专属、更强大。作为吉利基于用户云、数据云、制造云倾力打造的“云智能SUV“，博越PRO是一款站在智能网联技术前沿，实现颜值PRO、驾控PRO、智能PRO、舒享PRO，让吉利在SUV智能化、网联化上走在前列。</p>\r\n<p>&nbsp;</p>\r\n<p><strong><br>\r\n&nbsp;&nbsp;&nbsp;&nbsp;&nbsp;&nbsp; 构建智慧出行新生态，吉利致力于站在全球智能网联汽车的前沿</strong></p>\r\n<p>&nbsp;</p>\r\n<p>&nbsp;</p>\r\n<p>&nbsp;&nbsp;&nbsp;&nbsp;&nbsp;&nbsp; 作为物联网智能终端的“第三移动空间”，智能网联汽车成为跨时代的“新物种”。得益于中国互联网的产业优势、规模庞大汽车市场的规模优势，中国汽车品牌已经走在智能网联技术的前沿，成为新一轮汽车产业变革的主战场，推进全球智能网联汽车发展。</p>\r\n<p>&nbsp;</p>\r\n<p>&nbsp;</p>\r\n<p>&nbsp;</p>\r\n<p><img alt=\"\" src=\"https://dm30webimages.geely.com/GeelyOfficial/Files/ImageSource/NEWS/G-NEWS-0712-2/PC/5.jpg\" style=\"max-width: 100%; max-height: 100%; height: auto;\"><br>\r\n&nbsp;</p>\r\n<p>&nbsp;</p>\r\n<p>&nbsp;</p>\r\n<p>&nbsp;&nbsp;&nbsp;&nbsp;&nbsp;&nbsp; 作为中国汽车品牌代表，吉利早在8年前就开始在智能网联汽车领域进行前瞻性的战略布局。2016年，推出的智能互联精品SUV——博越开启中国品牌SUV智能、互联时代，直面主流合资品牌竞争。同年，吉利创建了亿咖通科技，成为中国较早投身到智能网联核心技术研发的车企。吉利坚持以核心技术占领智能网联发展制高点，聚焦座舱智能化与整车智能化两大核心领域，投入了数十亿研发费用，以“破局者”的身份在核心领域层面与国际先进企业展开角逐。</p>\r\n<p>&nbsp;</p>\r\n<p>&nbsp;</p>\r\n<p><img alt=\"\" src=\"https://dm30webimages.geely.com/GeelyOfficial/Files/ImageSource/NEWS/G-NEWS-0712-2/PC/6.jpg\" style=\"max-width: 100%; max-height: 100%; height: auto;\"><br>\r\n&nbsp;</p>\r\n<p>&nbsp;</p>\r\n<p>&nbsp;</p>\r\n<p>&nbsp;&nbsp;&nbsp;&nbsp;&nbsp;&nbsp; 短短三年时间内，亿咖通科技在武汉、上海、北京、杭州、大连、瑞典哥德堡设立了分支机构以及研发中心，聚集了汽车电子、半导体、互联网、人工智能等领域高端人才，打造一支近2000人的专业研发团队。吉利致力于成为全球智能网联汽车优秀代表，加速向全球创新型科技企业转型的步伐。2018年3月，GKUI吉客智能生态系统横空出世，将汽车交互体验带入了新境界。截至目前，吉利旗下共有22款车型搭载了GKUI系统，装机量已超100万台，让智慧出行的便捷与温度更快触及消费者。</p>\r\n<p>&nbsp;</p>\r\n<p>&nbsp;</p>\r\n<p>&nbsp;</p>\r\n<p><img alt=\"\" src=\"https://dm30webimages.geely.com/GeelyOfficial/Files/ImageSource/NEWS/G-NEWS-0712-2/PC/7.jpg\" style=\"max-width: 100%; max-height: 100%; height: auto;\"><br>\r\n&nbsp;</p>\r\n<p>&nbsp;</p>\r\n<p>&nbsp;</p>\r\n<p>&nbsp;&nbsp;&nbsp;&nbsp;&nbsp;&nbsp; 不仅如此，吉利还遵循“互联共创、开放共享”的理念，携手百度、腾讯等互联网头部企业战略合作，共同研究探索AI在汽车领域的应用，加速中国智能网联汽车的普及，协同全球智能出行趋势。6月25日，与腾讯车联围绕智能网联服务、联合用户运营、AI及云技术等领域展开深度合作。时隔一个星期，吉利再次携手百度签署了战略合作协议。双方就智能网联、智能驾驶、智能家居、电子商务等AI技术在汽车、出行领域应用展开战略合作，共同研究、探索“汽车+AI”，携手加速中国智能汽车的普及，引导全球智能出行体验。</p>\r\n<p>&nbsp;</p>\r\n<p>&nbsp;</p>\r\n<p>&nbsp;</p>\r\n<p><img alt=\"\" src=\"https://dm30webimages.geely.com/GeelyOfficial/Files/ImageSource/NEWS/G-NEWS-0712-2/PC/8.jpg\" style=\"height: auto; max-width: 100%; max-height: 100%;\"><br>\r\n&nbsp;</p>\r\n<p>&nbsp;</p>\r\n<p>&nbsp;</p>\r\n<p>&nbsp;&nbsp;&nbsp;&nbsp;&nbsp;&nbsp; 目前，吉利已经在智能网联汽车领域占据了优势，是深度定义、主导开发汽车芯片核心技术的车企，将创新能力拓展和竞争优势延伸到核心领域，获得行业话语权。今后，吉利也将始终坚持“以用户为中心”，以拥有前瞻性和极致体验的产品赢得未来。“智能网联”也将成为吉利产品新的DNA和硬核竞争优势。</p>\r\n<p>&nbsp;</p>\r\n<p>&nbsp;</p>\r\n<p>&nbsp;</p>\r\n<p><img alt=\"\" src=\"https://dm30webimages.geely.com/GeelyOfficial/Files/ImageSource/NEWS/G-NEWS-0712-2/PC/9.jpg\" style=\"height: auto; max-width: 100%; max-height: 100%;\"><br>\r\n&nbsp;</p>\r\n<p>&nbsp;</p>\r\n<p>&nbsp;</p>\r\n<p>&nbsp;&nbsp;&nbsp;&nbsp;&nbsp;&nbsp; 浙江吉利控股集团总裁、吉利汽车集团总裁、CEO安聪慧表示：“万物互联的5G时代才刚刚开始，科技变革日新月异，未来智能网联世界五彩缤纷，蓝图宽广，为我们搭建了一个广阔的合作空间。吉利汽车也将以更开放、包容的心态，与全球合作伙伴携手，共同推进汽车智能网联产业发展，营造中国汽车品牌的竞争新优势。”<br>\r\n<br>\r\n<br>\r\n<br>\r\n</p>\r\n            <br>\r\n        </div>', 1, '2019-07-03 00:00:00', NULL, 2, 'https://dm30webimages.geely.com/GeelyOfficial/Files/ImageSource/NEWS/G-NEWS-0712-2/M/toutu.jpg', 0),
(5, '豪华运动SUV挑战者 售价13.58—21.68万元 吉利星越正式上市', '豪华运动SUV挑战者 售价13.58—21.68万元 吉利星越正式上市', '<div class=\"rich_text_content\" style=\"min-height: 30px; font-size: 16px; line-height: 25px;\">\r\n            <br>\r\n            <p>&nbsp; &nbsp; &nbsp; &nbsp; 5月10日，吉利星越正式上市，推出涵盖传统燃油、轻混、插混3种动力组合共11款车型，市场指导价范围为13.58—21.68万元。其中，星越400T（即智擎1.5TD PHEV）系列车型在新能源地补未实施的城市，均由吉利汽车先行补贴，各车型指导价均为综合补贴后全国统一价。此前限量预售的星越暗夜骑士版车型也公布了售价，价格为：19.18万元。<br>\r\n&nbsp;</p>\r\n<p style=\"text-align: center;\"><a href=\"https://www.geely.com/\"><img src=\"https://dm30webimages.geely.com/GeelyOfficial/Files/GeelyNews/NewsList/Content/2019/20190517pc/1.jpg\" alt=\"星越上市\" longdesc=\"星越上市\" style=\"max-width: 100%; max-height: 100%; height: auto;\"></a></p>\r\n<p style=\"text-align: center;\">（吉利品牌销售公司总经理宋军公布星越售价）</p>\r\n<p>&nbsp;</p>\r\n<p>&nbsp; &nbsp; &nbsp; &nbsp;为了让用户更轻松地拥抱星越所带来的高级出行生活，星越推出了“星享装备升级计划”：2019年6月30日之前订购 300T（即智擎1.5TD+7DCT）车型的所有用户，将获得价值6000元的48V BSG轻混系统的免费升级。2019年6月30日前订购全系耀星者的用户，免费升级价值12000元的星享娱乐装备，包含：全景星空天窗、12扬声器BOSE豪华高保真音响系统、GKUI APP远程控制与电动尾门。<br>\r\n&nbsp; &nbsp; &nbsp; &nbsp;同时，星越还推出了“星享无忧保障计划”：星越全系车型，赠送五年全时在线免费4G基础流量。购买智擎1.5TD车型的消费者，可直接享受8年或30万公里的发动机主要零部件超长质保。同时，购买智擎1.5TD PHEV车型的消费者，可享受电机电控8年或15万公里超长质保，首任车主动力电池的电芯终身质保。此外，在2019年6月30日前订购的用户，还可免费赠送价值4000元的充电桩一个。<br>\r\n&nbsp; &nbsp; &nbsp; &nbsp;针对全系车型，星越还推出了“星享轻松购车计划”：所有购买吉利星越的用户，都将享受至高5000元的金融贴息以及至高5000元的置换补贴。</p>\r\n<p>&nbsp;</p>\r\n<p style=\"text-align: center;\"><a href=\"https://www.geely.com/\"><img src=\"https://dm30webimages.geely.com/GeelyOfficial/Files/GeelyNews/NewsList/Content/2019/20190517pc/2.jpg\" alt=\"星越上市\" longdesc=\"星越\" style=\"max-width: 100%; max-height: 100%; height: auto;\"></a></p>\r\n<p style=\"text-align: center;\">（吉利控股集团总裁，吉利汽车集团CEO、总裁安聪慧致辞）</p>\r\n<p>&nbsp;&nbsp;</p>\r\n<p>&nbsp; &nbsp; &nbsp; &nbsp;作为首款基于吉利CMA架构开发的全新车型，星越凭借全新架构、全新设计、全新技术与全新品质，以极致、纯粹、率性、出挑的价值，为消费者带来了更高级的驾乘体验，成为豪华运动SUV的挑战者。</p>\r\n<p><strong></strong><strong>&nbsp;</strong></p>\r\n<p><strong>吉利CMA注入高阶基因，百公里加速实测仅需6.8秒</strong></p>\r\n<p>&nbsp; &nbsp; &nbsp; &nbsp;CMA是诞生于CEVT（吉利汽车欧洲研发中心）的中级车基础模块架构，也是面向全球工业4.0的产品诞生体系。CMA架构以全球更高标准为起点，在安全、可靠、品质三方面重新定义了全球标准新高度，在电子电气架构、底盘与动力总成等“新三大件”领域，同样具备全球领先优势。吉利基于”人本、创新、卓越”的品牌核心价值理念，在CMA架构全球领先的技术基础上，融入了中国驾驶DNA。</p>\r\n<p>&nbsp;</p>\r\n<p style=\"text-align: center;\"><a href=\"https://www.geely.com/\"><img src=\"https://dm30webimages.geely.com/GeelyOfficial/Files/GeelyNews/NewsList/Content/2019/20190517pc/3.jpg\" alt=\"星越上市\" longdesc=\"星越\" style=\"max-width: 100%; max-height: 100%; height: auto;\"></a></p>\r\n<p style=\"text-align: center;\">（吉利汽车集团研究总院首席架构工程师 Kent Ove Bovellan讲解吉利CMA）</p>\r\n<p>&nbsp;</p>\r\n<p>&nbsp; &nbsp; &nbsp; &nbsp;作为基于吉利CMA打造的首款高阶运动SUV，星越拥有丰富的动力系统。其中，高性能2.0TD发动机采用全铝材质，最大功率为175kW，峰值扭矩为350N•m，可满足国6b与欧6d等全球严苛的排放标准，与之匹配的是速比更宽泛的爱信8AT变速箱。搭载这套动力总成的星越，0-100km/h加速度实测仅需6.8秒。</p>\r\n<p>&nbsp;</p>\r\n<p style=\"text-align: center;\"><a href=\"https://xingyue.geely.com/xy\"><img src=\"https://dm30webimages.geely.com/GeelyOfficial/Files/GeelyNews/NewsList/Content/2019/20190517pc/4.jpg\" alt=\"星越上市\" longdesc=\"星越\" style=\"max-width: 100%; max-height: 100%; height: auto;\"></a></p>\r\n<p>&nbsp;</p>\r\n<p>&nbsp; &nbsp; &nbsp; &nbsp;此外，星越还推出了以1.5TD+7DCT动力总成为基础，分别搭载48V轻度混合动力的MHEV和搭载插电混合动力的PHEV两个版本车型。该动力总成由吉利与沃尔沃联合研发，1.5TD发动机最大功率为130kW、最大扭矩为255 N•m；7DCT速湿式双离合传动效率最高可达97%，0.2秒内即可完成换挡。<br>\r\n&nbsp; &nbsp; &nbsp; &nbsp;作为一款搭载插电混合动力系统的溜背造型运动SUV，星越PHEV搭载了11.3kwh超高容量三元锂电池，纯电续航可达56km，整车最大功率达190kW、最大扭矩达到415N•m，百公里加权油耗仅1.6L。为了满足限牌、限购城市用户对更长纯电续航里程的需求，星越PHEV还推出了搭载15.2kWh更高容量电池的车型，纯电续航可达80km，百公里加权油耗仅1.2L。</p>\r\n<p>&nbsp;</p>\r\n<p style=\"text-align: center;\"><a href=\"https://xingyue.geely.com/xy\"><img src=\"https://dm30webimages.geely.com/GeelyOfficial/Files/GeelyNews/NewsList/Content/2019/20190517pc/5.jpg\" alt=\"星越上市\" longdesc=\"星越\" style=\"max-width: 100%; max-height: 100%; height: auto;\"></a></p>\r\n<p>&nbsp;</p>\r\n<p>&nbsp; &nbsp; &nbsp; &nbsp;星越MHEV车型则匹配了吉利自主研发的48V BSG轻混系统，在48V电机的辅助下，1.5TD发动机起步加速更快、节油效率更高，整车最大功率达140kW，并实现了百公里仅5.6L的综合工况油耗。</p>\r\n<p><strong>&nbsp;</strong></p>\r\n<p><strong>星越刷新中国品牌SUV驾控体验</strong></p>\r\n<p>&nbsp; &nbsp; &nbsp; &nbsp;星越采用了前麦弗逊＋后多连杆独立悬架，得益于吉利CMA架构卓越的底盘调校技术，以及多项精准操控配置的应用，让星越在运动性和舒适性之间实现了适合中国用户的极致平衡，为用户带来了“人车一体、直觉驾控、意动即动”的全新操控体验。</p>\r\n<p>&nbsp;</p>\r\n<p style=\"text-align: center;\"><a href=\"https://xingyue.geely.com/xy\"><img src=\"https://dm30webimages.geely.com/GeelyOfficial/Files/GeelyNews/NewsList/Content/2019/20190517pc/6.jpg\" alt=\"星越上市\" longdesc=\"星越\" style=\"max-width: 100%; max-height: 100%; height: auto;\"></a></p>\r\n<p style=\"text-align: center;\">（博格华纳第五代电液式四驱系统）</p>\r\n<p style=\"text-align: center;\">&nbsp;</p>\r\n<p>&nbsp; &nbsp; &nbsp; &nbsp;星越搭载了博格华纳第五代电液式四驱系统，前后轮最大扭矩分配比可达50:50，输出给后轴的扭矩最高可达到1050N•m，同时NVH性能更优越。这套四驱系统将让星越面对非铺装路面、湿滑路面等路况时，表现出更出色的行驶性能。<br>\r\n&nbsp; &nbsp; &nbsp; &nbsp;星越还配备了来自蒂森克虏伯的DP-EPS齿条式电子助力转向，传动比达到15.7，并配备了固特异20\'Eagle F1夏季花纹轮胎，以及322*28mm规格的大尺寸前制动盘，实测百公里制动距离低于36m。</p>\r\n<p>&nbsp;</p>\r\n<p style=\"text-align: center;\"><a href=\"https://xingyue.geely.com/xy\"><img src=\"https://dm30webimages.geely.com/GeelyOfficial/Files/GeelyNews/NewsList/Content/2019/20190517pc/7.jpg\" alt=\"星越上市\" longdesc=\"星越\" style=\"max-width: 100%; max-height: 100%; height: auto;\"></a></p>\r\n<p style=\"text-align: center;\">（蒂森克虏伯DP-EPS齿条式电子助力转向）</p>\r\n<p>&nbsp;</p>\r\n<p>&nbsp; &nbsp; &nbsp; &nbsp;此外，AGS智能可变进气格栅通过主动调节格栅开度，可以降低星越整车风阻、提高发动机温升、改善空调采暖。而博世9.3代高动态版ESP则让星越整体车身动态控制变得更细腻、噪声更小，给用户的驾驶带来更加安全、贴心、惬意的操控体验。</p>\r\n<p>&nbsp;</p>\r\n<p><strong>“高、精、尖”配置，定义高级出行生活价值主张</strong></p>\r\n<p>&nbsp; &nbsp; &nbsp; &nbsp;在智能科技与人性化配置上，星越用“高级”装备为用户带来出行专属感、用“精准”装备为用户带来出行的安全与实用、用“尖叫”装备为用户带来出行的惊喜与好玩，从全感官刷新中国汽车的价值体验。</p>\r\n<p>&nbsp;</p>\r\n<p style=\"text-align: center;\"><a href=\"https://xingyue.geely.com/xy\"><img src=\"https://dm30webimages.geely.com/GeelyOfficial/Files/GeelyNews/NewsList/Content/2019/20190517pc/8.jpg\" alt=\"星越上市\" longdesc=\"人脸识别,星越智能\" style=\"width: 1540px; height: auto; max-width: 100%; max-height: 100%;\"></a></p>\r\n<p style=\"text-align: center;\">（人脸识别FACE-ID系统）</p>\r\n<p>&nbsp;</p>\r\n<p>&nbsp; &nbsp; &nbsp; &nbsp;星越搭载了人脸识别FACE-ID系统，通过采集人脸信息来对驾驶员身份进行验证，进而按预设选项自动调整座椅、外后视镜、车载娱乐喜好等多种配置。该系统还可根据眨眼频率、打哈欠、打电话、抽烟等动作，评测司机疲劳状态，并及时预警驾驶员注意行车安全。<br>\r\n车机方面，星越搭载了吉利最新的吉客智能生态系统（GKUI2.0），这套系统在桌面交互、智能语音识别、地图导航等功能上实现全面迭代升级，可随时根据用户的喜好自定义设置娱乐多媒体、导航、日程提醒等功能。</p>\r\n<p>&nbsp;</p>\r\n<p style=\"text-align: center;\"><a href=\"https://xingyue.geely.com/xy\"><img alt=\"\" src=\"https://dm30webimages.geely.com/GeelyOfficial/Files/GeelyNews/NewsList/Content/2019/20190517pc/9.jpg\" longdesc=\"智能领航系统,ICC\" style=\"max-width: 100%; max-height: 100%; height: auto;\"></a></p>\r\n<p style=\"text-align: center;\">(ICC智能领航系统)</p>\r\n<p>&nbsp;</p>\r\n<p>&nbsp; &nbsp; &nbsp; &nbsp;在安全智能驾驶上，星越采用了20个传感器，高清摄像头配合长距广角毫米波雷达与宽距广角超声波雷达，真正实现L2级安全智能驾驶，让驾驶者享受从未有过的轻松、安全驾驭。</p>\r\n<p>&nbsp;</p>\r\n<p style=\"text-align: center;\"><a href=\"https://xingyue.geely.com/xy\"><img src=\"https://dm30webimages.geely.com/GeelyOfficial/Files/GeelyNews/NewsList/Content/2019/20190517pc/10.jpg\" alt=\"三屏互动\" longdesc=\"三屏互动\" style=\"max-width: 100%; max-height: 100%; height: auto;\"></a></p>\r\n<p style=\"text-align: center;\">（三屏互动）</p>\r\n<p>&nbsp;</p>\r\n<p>&nbsp; &nbsp; &nbsp; &nbsp;尤为值得一提的是，星越还配备了9寸全彩HUD抬头显示系统，与中控屏、仪表盘实现了三屏互动，不仅可显示车辆行驶速度、导航、续航里程等9种车辆信息，还可以根据环境自动调节背景光亮度，让用户获取驾驶信息更方便简洁，大幅提升了行车乐趣和驾驶安全。<br>\r\n&nbsp; &nbsp; &nbsp; &nbsp;星越还搭载了来自法雷奥ADB矩阵式LED大灯，拥有106颗LED灯泡，具备13种智能切换模式，以智能光束，更精准、多角度、多模式、自适应调节等优势，帮助驾驶者在夜晚行车时解决盲区的困扰。</p>\r\n<p>&nbsp;</p>\r\n<p style=\"text-align: center;\"><a href=\"https://xingyue.geely.com/xy\"><img src=\"https://dm30webimages.geely.com/GeelyOfficial/Files/GeelyNews/NewsList/Content/2019/20190517pc/11.jpg\" alt=\"星越音响\" style=\"max-width: 100%; max-height: 100%; height: auto;\"></a></p>\r\n<p style=\"text-align: center;\">(BOSE豪华高保真音响)</p>\r\n<p>&nbsp;</p>\r\n<p>&nbsp; &nbsp; &nbsp; &nbsp;为星越量身打造的BOSE豪华高保真音响，配备12个扬声器经过专业调教，还原真实的声音。专属驾驶者高阶聆听体验的驾驶座优先模式，每个角落都可以感受流动音符的全车平衡模式，更有虚拟环绕模式，带来宽广的空间感和沉浸式的环绕音效，犹如置身演奏现场。<br>\r\n&nbsp; &nbsp; &nbsp; &nbsp;为让用户体验到更舒适、更惬意、更高级的出行生活，星越还搭载了巴黎进口香氛系统、Napa+麂皮通风座椅、无线充电、冷热杯托，呼吸氛围灯、电动尾门等人性化舒适配置，为用户营造出更具质感、更显品位与格调的沉浸式感官座舱。</p>\r\n<p><strong>&nbsp;</strong></p>\r\n<p><strong>定格“动感瞬间”，星越定义SUV设计新审美、新流行</strong></p>\r\n<p>&nbsp; &nbsp; &nbsp; &nbsp;星越采用了“动感瞬间”设计理念，在“时光竞速美学”的基础上，从生活中捕捉动感的瞬间，融入到静态的设计风格里面，定格每一个动感瞬间。十足带感的纯粹轿跑造型、充满极致的运动姿态定义了SUV新的审美，创造新的流行。</p>\r\n<p>&nbsp;</p>\r\n<p style=\"text-align: center;\"><a href=\"https://xingyue.geely.com/xy\"><img src=\"https://dm30webimages.geely.com/GeelyOfficial/Files/GeelyNews/NewsList/Content/2019/20190517pc/12.jpg\" alt=\"星越设计师\" style=\"max-width: 100%; max-height: 100%; height: auto;\"></a></p>\r\n<p style=\"text-align: center;\">（吉利汽车集团设计中心中国区总经理 Guy Burgoyne讲解星越设计）</p>\r\n<p>&nbsp;</p>\r\n<p>&nbsp; &nbsp; &nbsp; &nbsp;外观上，星越全系均采用了吉利全黑配色车标，整体前脸格栅上窄下宽，格栅最外层还采用了红色线圈包围，极具运动气息；星河回旋后尾灯通过横向镀铬装饰条相连，拉宽了尾部的视觉效果；车顶线条从主驾头顶为最高点开始下滑到车尾，实现了溜背设计14°下溜夹角的黄金夹角，既保证了溜背时的顺畅度，又造就了内部空间的宽广视野。得益于吉利CMA架构的高度灵活性和可拓展性，星越的前悬与后悬更短，高宽比仅为0.87，带来了蓄势待发的动感姿态与宽敞空间，实现了溜背造型与实用空间的极致平衡。</p>\r\n<p>&nbsp;</p>\r\n<p style=\"text-align: center;\"><a href=\"https://xingyue.geely.com/xy\"><img src=\"https://dm30webimages.geely.com/GeelyOfficial/Files/GeelyNews/NewsList/Content/2019/20190517pc/13.jpg\" alt=\"星越上市\" style=\"max-width: 100%; max-height: 100%; height: auto;\"></a></p>\r\n<p>&nbsp;</p>\r\n<p>&nbsp; &nbsp; &nbsp; &nbsp;内饰上，星越打造了以驾驶者为中心的运动科技座舱。中控屏略微向驾驶席倾斜，并通过不规则的饰条与仪表盘连为一体，呈现出别具一格的连屏视觉效果。跃动星轨副仪表台打破常规的平行关系，采用出血的设计手法，叠层造型立体前卫。同时，对立翻折的空调出风口、折纸艺术车门板、回形中央控制区、电子档把等别具一格的细节，共同为用户营造出运动与科技气息。</p>\r\n<p>&nbsp;</p>\r\n<p style=\"text-align: center;\"><a href=\"https://xingyue.geely.com/xy\"><img src=\"https://dm30webimages.geely.com/GeelyOfficial/Files/GeelyNews/NewsList/Content/2019/20190517pc/14.jpg\" alt=\"星越上市\" style=\"max-width: 100%; max-height: 100%; height: auto;\"></a></p>\r\n<p>&nbsp;</p>\r\n<p>&nbsp; &nbsp; &nbsp; &nbsp;作为吉利CMA架构的首款高阶运动SUV，星越以快人一步的高级动力，装备齐全的“高、精、尖”科技以及腔调十足的高级品味、极致的人性化，成为更懂中国消费者的运动SUV，驱势每一位用户的高级生活；也必将以“势随我动”的姿态，引领运动SUV市场的全新风潮。</p>\r\n<div>&nbsp;</div>\r\n            <br>\r\n        </div>', 6, '2019-05-10 00:00:00', NULL, 3, 'https://dm30webimages.geely.com/GeelyOfficial/Files/GeelyNews/NewsList/Content/2019/20190517-NEWS/0.jpg', 0),
(6, '科技吉利，悦行亚运 吉利汽车成为2022年杭州亚运会官方汽车服务合作伙伴 创新科技全方位赋能亚运', '科技吉利，悦行亚运 吉利汽车成为2022年杭州亚运会官方汽车服务合作伙伴 创新科技全方位赋能亚运', '<div class=\"rich_text_content\" style=\"min-height: 30px; font-size: 16px; line-height: 25px;\">\r\n            <br>\r\n            <p>&nbsp; &nbsp; &nbsp;（4月13日，杭州）今天，2022年第19届亚运会汽车服务官方合作伙伴签约仪式暨吉利汽车亚运战略启动新闻发布会在杭州国际博览中心举行。吉利汽车与第19届亚运会组委会正式签约，成为杭州亚运会官方汽车服务合作伙伴，并正式启动主题为“科技吉利，悦行亚运”的亚运战略。<br>\r\n&nbsp; &nbsp; &nbsp; &nbsp;作为首家赞助国际大型综合性运动赛事的中国汽车品牌，吉利汽车将通过绿色科技、智能科技、人文责任等举措，在2022年实现区域范围内完全自动驾驶等智慧出行生活场景，全方位赋能杭州亚运会。<br>\r\n&nbsp; &nbsp; &nbsp; &nbsp;亚奥理事会主席艾哈迈德亲王为发布会发来贺词，亚奥理事会终身名誉副主席魏纪中宣读了贺信。亚组委副主席、国家体育总局副局长、中国奥委会副主席李颖川，亚组委副主席兼秘书长、杭州市委副书记、市长徐立毅，亚组委副秘书长、浙江省政府副秘书长蔡晓春，亚组委副秘书长、浙江省体育局局长郑瑶，亚组委副秘书长、杭州市副市长陈卫强，浙江吉利控股集团董事长李书福，浙江吉利控股集团总裁、吉利汽车集团CEO、总裁安聪慧，吉利汽车亚运推广形象大使孙杨及国内外新闻媒体等近四百人共同见证这一振奋人心的时刻。<br>\r\n&nbsp; &nbsp; &nbsp; &nbsp;亚运战略的启动，标志着吉利汽车品牌升级征程进入全新阶段。<br>\r\n<br>\r\n<strong>创新科技 全方位赋能杭州亚运</strong></p>\r\n<p>&nbsp; &nbsp; &nbsp; &nbsp;亚洲已成为21世纪全球经济社会发展最具活力的地区之一，四年一度的亚运会则是全亚洲人民加强交流、增进了解的绝佳舞台。2018年9月2日，随着杭州作为第19届亚运会举办城市接过亚运会旗帜，亚运会由此正式进入“杭州时间”。<br>\r\n&nbsp; &nbsp; &nbsp; &nbsp;亚奥理事会主席艾哈迈德亲王在贺词中指出：“欢迎吉利作为杭州亚运会首家官方合作伙伴，加入亚运大家庭，感谢吉利为第19届亚运会举办所做出的创新和努力。吉利发展迅速，已经成为全球汽车产业举足轻重的品牌，是新能源技术、智能网联技术、自动驾驶技术等核心技术领域的全球领军者。我相信，吉利汽车将以科技赋能亚运，为参加第19届亚运会的全体运动员、教练员、官员、观众等所有人带来非凡的出行体验，向全世界展现中国科技的活力。”<br>\r\n&nbsp; &nbsp; &nbsp; &nbsp;亚组委副主席、国家体育总局副局长、中国奥委会副主席李颖川在致辞中指出：“亚运会作为重要的国际综合性运动会，是亚洲经济、文化、体育交融的重要平台。对企业来说，参与亚运会将有效提升企业的知名度和美誉度，使自身获得更高质量的发展。今天的发布会，标志着亚组委与吉利合作的全面展开。真诚希望吉利以此为契机，获得更好更快的发展，为杭州亚运会提供有力支持，为参赛者、观赛者提供更优质的服务。”<br>\r\n&nbsp; &nbsp; &nbsp; &nbsp;亚组委副主席兼秘书长、杭州市委副书记、市长徐立毅在致辞中表示：“作为杭州的一张‘金名片’，多年来，吉利汽车专注实业、扎根杭州、立足全国、放眼全球，为中国汽车品牌迈上中高端、走向全世界做出了重要贡献。吉利以‘造最安全、最环保、最节能的好车’为企业使命、‘电动化、智能化、精品化、国际化’的发展战略与杭州亚运会‘绿色、智能、节俭、文明’的办会理念高度契合，这为双方深度合作奠定了坚实基础。我们相信，吉利通过加入亚运大家庭，必将能够借助亚运的平台，获得更大的发展。”<br>\r\n&nbsp; &nbsp; &nbsp; &nbsp;浙江吉利控股集团总裁、吉利汽车集团CEO、总裁安聪慧在致辞中表示：“作为国内首家成为大型综合性洲际运动赛事官方合作伙伴的中国汽车企业，吉利汽车携手亚运，不仅是对家乡举办亚运盛事的积极支持与参与，更是对亚运精神的高度认同。吉利汽车将以全球领先的自动驾驶和前沿车联网技术，聚焦智慧出行服务，打造绿色、智慧亚运。”<br>\r\n&nbsp; &nbsp; &nbsp; &nbsp;吉利汽车全力打造PMA纯电动平台，到2022年将实现轿车、SUV、MPV全品类车型涵盖，并将全面搭载全球领先的高等级自动驾驶技术和智能网联技术。杭州亚运会召开期间，吉利汽车将在亚运区域内全面实现自动驾驶，打造智慧亚运村等智慧出行生活场景。<br>\r\n&nbsp; &nbsp; &nbsp; &nbsp;在发挥绿色智能科技优势的同时，吉利还将借助亚运平台开展营销升级，提升用户体验，并通过“吉利亚运林”、“寻找2022个亚运梦想”和“一带一路亚运行”等公益项目，助力更多人实现梦想，进而全面彰显吉利汽车全球领先的科技实力和不断向上进取的品牌精神。<br>\r\n&nbsp; &nbsp; &nbsp; &nbsp;发布会现场，吉利汽车品牌形象大使、游泳世界冠军孙杨被聘为吉利汽车亚运推广形象大使。对此孙杨表示，相信吉利汽车会向全世界展现出中国品牌的力量，而自己也将和吉利汽车一起为亚运加油，在亚运舞台上创造荣誉和辉煌。<br>\r\n<br>\r\n<strong>携手亚运为契机，助推品牌持续向上</strong></p>\r\n<p>&nbsp; &nbsp; &nbsp; &nbsp;当前，国内汽车市场正从增量市场过渡到存量市场，竞争格局已经从产品竞争升级成产品、技术及品牌的多维竞争，其中品牌更是成为市场竞争的焦点。伴随中国汽车品牌的“向上”趋势，近年来吉利汽车稳健推进高质量发展，实现了跨越式发展，成为消费者熟知和喜爱的中国汽车品牌。<br>\r\n&nbsp; &nbsp; &nbsp; &nbsp;以携手2022年杭州亚运会为契机，吉利汽车正式启动全方位品牌升级行动，加速向核心技术领先、全球化布局发展、以用户为核心的创新型科技企业转型。在延续品牌体系的基础上，吉利汽车在发布会现场提出了以人本、创新、卓越为核心关键词的全新品牌核心价值。<br>\r\n&nbsp; &nbsp; &nbsp; &nbsp;从1990年北京到2022年杭州，亚运会见证了中国人民对于体育运动与日俱增的热爱，以及对积极健康生活方式的不懈追求。与杭州亚运会携手，始终贯彻以人为本理念的吉利汽车，将以体育运动作为连接用户的纽带，借助亚运平台展开营销行动，倾听用户的需求，不断巩固拓展800万用户基盘，提升产品和服务体验，为用户创造更高价值。<br>\r\n&nbsp; &nbsp; &nbsp; &nbsp;在全球科技革命与产业变革的背景下，吉利汽车着眼全球，把握“电动化、智能化、网络化、共享化”发展方向，以用户为核心，以创新为引领，在新能源、自动驾驶、移动出行等核心技术领域不断进取，持续为用户带来智能、绿色、个性、品质的出行体验，积极向科技型出行公司转型。<br>\r\n&nbsp; &nbsp; &nbsp; &nbsp;高品质的产品及服务，无疑是用户感知品牌提升的重要触点。追求卓越的吉利汽车坚持产品为王，实施全球精品车发展战略，从设计研发、生产制造、供应链等领域提升全球体系化竞争能力。随着未来两年迎来产品大年，吉利汽车将通过一款又一款具备全球竞争力的精品车，推动中国制造、中国品牌迈向全球价值链中高端。<br>\r\n&nbsp; &nbsp; &nbsp; &nbsp;安聪慧指出：“等到2022年，杭州亚运会将在我们脚下的这片热土上举办，届时，无论是出行系统、环保节能、智能科技等方面，都将呈现出超乎我们想象的精彩。吉利汽车愿意与亚奥理事会、国家体育总局、浙江省政府和杭州市政府一起为举办一届全新的亚运会而竭尽全力。”</p>\r\n<div>&nbsp;</div>\r\n            <br>\r\n        </div>', 3, '2019-04-13 00:00:00', NULL, 2, 'https://dm30webimages.geely.com/GeelyOfficial/Files/GeelyNews/NewsList/Content/2019/20190424GNEWS.jpg', 0),
(7, '吉利汽车3月销量超12万辆 环比大增49%，一季度销量366588辆', '吉利汽车3月销量超12万辆 环比大增49%，一季度销量366588辆', '<div class=\"rich_text_content\" style=\"min-height: 30px; font-size: 16px; line-height: 25px;\">\r\n            <br>\r\n            <p>&nbsp;&nbsp;&nbsp;&nbsp;&nbsp;&nbsp; 4月8日，吉利汽车控股有限公司（简称“吉利汽车”）（HK.0175）公布了3月份销量公告：当月销量为124643辆，同比增长3%，环比大增49%。目前，吉利汽车今年第一季度的总销量达到366588辆。在整体车市负增长的大环境下，吉利汽车跑赢大盘实现市场占有率的稳步提升，展现出很强的抗寒能力和强大的市场号召力。值得关注的是，2019年3月，吉利汽车出口量增长超四倍达7954辆，一季度吉利海外销量19815辆，同比增长超5倍，吉利全球化步伐正在提速。</p>\r\n<p>&nbsp;</p>\r\n<p><a href=\"http://www.geely.com/zh-CN\"><img src=\"https://dm30webimages.geely.com/GeelyOfficial/Files/ImageSource/NEWS/G-NEWS-190412/PC/1.jpg\" alt=\"吉利汽车\" title=\"3月销量\" style=\"max-width: 100%; max-height: 100%; height: auto;\"></a></p>\r\n<p>&nbsp;</p>\r\n<p>&nbsp;&nbsp;&nbsp;&nbsp;&nbsp;&nbsp; 3月，博瑞家族共销售2510辆，一季度销量7913辆，累计销量已突破18万辆，稳居中国品牌B级车市场前列。</p>\r\n<p>&nbsp;</p>\r\n<p>&nbsp;</p>\r\n<p><a href=\"https://br.geely.com/brge\"><img src=\"https://dm30webimages.geely.com/GeelyOfficial/Files/ImageSource/NEWS/G-NEWS-190412/PC/2.jpg\" alt=\"博瑞GE\" style=\"max-width: 100%; max-height: 100%; height: auto;\"></a></p>\r\n<p>&nbsp;</p>\r\n<p>&nbsp;&nbsp;&nbsp;&nbsp;&nbsp;&nbsp; 博越3月售出22367辆，一季度共售出64883辆。上市3年来，博越销量已经突破70万辆，长期稳居SUV市场头部阵营。</p>\r\n<p>&nbsp;</p>\r\n<p><a href=\"https://boyue.geely.com/by\"><img src=\"https://dm30webimages.geely.com/GeelyOfficial/Files/ImageSource/NEWS/G-NEWS-190412/PC/3.jpg\" alt=\"博越销量\" style=\"max-width: 100%; max-height: 100%; height: auto;\"></a></p>\r\n<p>&nbsp;</p>\r\n<p>&nbsp;&nbsp;&nbsp;&nbsp;&nbsp;&nbsp; 作为吉利品牌和产品年轻化的代表作，缤系3月销售20710辆，一季度共销售61941辆。其中缤越3月销量12693辆，上市5个月累计销量58783辆。缤瑞３月销量达到了8017辆，一季度共销售26519辆。缤系作为吉利新推出的车系，持续稳定的热销充分展示吉利对市场需求的精准洞察和精品车的锻造能力。</p>\r\n<p>&nbsp;</p>\r\n<p><a href=\"https://binrui.geely.com/binrui\"><img src=\"https://dm30webimages.geely.com/GeelyOfficial/Files/ImageSource/NEWS/G-NEWS-190412/PC/4.jpg\" style=\"width: 1540px; height: auto; max-width: 100%; max-height: 100%;\" alt=\"缤瑞\"></a></p>\r\n<p>&nbsp;</p>\r\n<p>&nbsp;&nbsp;&nbsp;&nbsp;&nbsp;&nbsp; 3月份，帝豪家族取得了39649辆的销量成绩，一季度总销量123166辆。其中，帝豪3月销量21472辆，一季度销量61836辆，继续竞逐中国品牌轿车市场。帝豪GS 3月份销量10151辆，一季度销量33354辆，在中国跨界SUV市场独树一帜。帝豪GL 3月销量8026辆，一季度销量27976辆，继续聚焦中国A+级轿车市场。</p>\r\n<p>&nbsp;</p>\r\n<p><a href=\"https://promotion.geely.com/emgrand/index.html\"><img src=\"https://dm30webimages.geely.com/GeelyOfficial/Files/ImageSource/NEWS/G-NEWS-190412/PC/5.jpg\" alt=\"帝豪\" style=\"max-width: 100%; max-height: 100%; height: auto;\"></a></p>\r\n<p>&nbsp;</p>\r\n<p>&nbsp;&nbsp;&nbsp;&nbsp;&nbsp;&nbsp; 3月份，远景家族共售出27257辆，一季度累计销量76671辆。其中，国民幸福家轿全新远景销量7940辆，一季度累计销量22742辆；3月，远景SUV、远景X3、远景S1三款SUV产品分别销售了10057辆、7823辆、1437辆，一季度累计销量分别为25336辆、22613辆、5978辆，助力吉利在SUV市场深耕发展。</p>\r\n<p>&nbsp;</p>\r\n<p><a href=\"https://yj.geely.com/xyj\"><img src=\"https://dm30webimages.geely.com/GeelyOfficial/Files/ImageSource/NEWS/G-NEWS-190412/PC/6.jpg\" alt=\"远景家族\" style=\"max-width: 100%; max-height: 100%; height: auto;\"></a></p>\r\n<p>&nbsp;</p>\r\n<p>&nbsp;&nbsp;&nbsp;&nbsp;&nbsp;&nbsp; 3月11号上市的吉利首款MPV车型嘉际，上市即热销，上市20天销量3085辆，尽显爆款潜质。吉利在MPV市场后发先至，引领MPV市场向高端、精品、家用化升级，也将开启吉利“轿车、SUV、MPV”三驾马车齐头并进的全新时代。</p>\r\n<p>&nbsp;</p>\r\n<p><a href=\"https://jiaji.geely.com/jj\"><img src=\"https://dm30webimages.geely.com/GeelyOfficial/Files/ImageSource/NEWS/G-NEWS-190412/PC/7.jpg\" alt=\"吉利嘉际\" style=\"max-width: 100%; max-height: 100%; height: auto;\"></a></p>\r\n<p>&nbsp;</p>\r\n<p>&nbsp;&nbsp;&nbsp;&nbsp;&nbsp;&nbsp;&nbsp; 新生代高端品牌领克3月总销量达9065辆，一季度共售出28929辆，继续引领中国汽车品牌向中高端市场发起有力冲击。其中，领克01销量4054辆，一季度销量13473辆；高性能轿跑SUV领克02销量2003辆，一季度销量5721辆，领克02的高性能版于3月18日上市，进一步满足大众对性能车的需求；上市仅5个月的领潮运动轿车领克03销量稳中有进，3月销量达3008辆，目前总销量达到18993辆。\r\n</p>\r\n<p>&nbsp;</p>\r\n<p>&nbsp;</p>\r\n<p><a href=\"http://www.lynkco.com.cn/zh-CN/Cars/03\"><img src=\"https://dm30webimages.geely.com/GeelyOfficial/Files/ImageSource/NEWS/G-NEWS-190412/PC/8.jpg\" alt=\"领克\" style=\"max-width: 100%; max-height: 100%; height: auto;\"></a></p>\r\n<p>&nbsp;</p>\r\n<p>&nbsp;&nbsp;&nbsp;&nbsp;&nbsp;&nbsp; 随着“蓝色吉利行动”新能源战略的持续推进和落地，吉利新能源及电气化车型阵容已渐成规模，并成为吉利销量增长新动能。3月份，吉利新能源及电气化车型共销售8122辆，一季度销量23340辆。其中，帝豪EV 3月取得了4207辆的销量成绩。</p>\r\n<p>&nbsp;</p>\r\n<p><img src=\"https://dm30webimages.geely.com/GeelyOfficial/Files/ImageSource/NEWS/G-NEWS-190412/PC/9.jpg\" alt=\"吉利新能源\" style=\"max-width: 100%; max-height: 100%; height: auto;\"></p>\r\n<p>&nbsp;</p>\r\n<p>&nbsp;&nbsp;&nbsp;&nbsp;&nbsp;&nbsp; 面对复杂多变的市场环境，吉利汽车深化全球精品车发展战略同时，坚定不移提升品牌势位，2019年推出多款新车，进军更多的细分市场。4月11日，全新纯电轿车几何A将正式上市，随后，“高阶运动SUV”星越、领克品牌全新车型等多款新产品及近10款改款车型将陆续上市，相信有精品车型的持续热销，加上多款极具竞争力的新品渐次发力，吉利汽车将迎来更加强劲地增长。<br>\r\n<br>\r\n</p>\r\n            <br>\r\n        </div>', 1, '2019-04-12 00:00:00', NULL, 0, 'https://dm30webimages.geely.com/GeelyOfficial/Files/News/M.jpg', 0);
INSERT INTO `news` (`id`, `title`, `description`, `content`, `bowser_count`, `create_time`, `mod_time`, `like_count`, `news_pic`, `share_count`) VALUES
(8, '高端精品家用MPV 售价9.98-18.28万元 吉利嘉际正式上市', '高端精品家用MPV 售价9.98-18.28万元 吉利嘉际正式上市', '<div class=\"rich_text_content\" style=\"min-height: 30px; font-size: 16px; line-height: 25px;\">\r\n            <br>\r\n            <p>&nbsp;</p>\r\n<p>&nbsp; &nbsp; &nbsp; &nbsp;3月11日，备受瞩目的高端精品家用MPV——吉利嘉际在珠海长隆出众上市，推出涵盖传统动力、轻混、插混4种动力组合共11款车型，售价区间为9.98-18.28万元。作为专为新生代多人口年轻家庭打造的精品MPV，嘉际凭借潮范、暖心、智能、驾控的出众硬实力，满足家庭全员全时、全域、全场景的用车需求。</p>\r\n<p>&nbsp;</p>\r\n<p style=\"text-align: center;\"><a href=\"http://jiaji.geely.com/JJ\"><img src=\"https://dm30webimages.geely.com/GeelyOfficial/Files/ImageSource/NEWS/G-NEWS-190312/pc/1.jpg\" alt=\"嘉际上市\" longdesc=\"嘉际上市\" style=\"max-width: 100%; max-height: 100%; height: auto;\"></a></p>\r\n<p>&nbsp;</p>\r\n<p><a href=\"http://jiaji.geely.com/JJ\"><img src=\"https://dm30webimages.geely.com/GeelyOfficial/Files/ImageSource/NEWS/G-NEWS-190312/pc/2.jpg\" alt=\"嘉际上市价格\" longdesc=\"嘉际上市价格\" style=\"max-width: 100%; max-height: 100%; height: auto;\"></a></p>\r\n<p>&nbsp;</p>\r\n<p>&nbsp; &nbsp; &nbsp; &nbsp; 嘉际PHEV车型将为限牌限购城市年轻家庭带来更多样的动力选择。在地补未实施的城市，吉利汽车决定由厂家先行补贴。综合补贴后，嘉际PHEV全国市场指导价为15.98-18.28万元。此外，2019年6月30日前订购PHEV车型的用户，还可参与吉利嘉际“PHEV插混无忧”计划，获赠价值4000元的充电桩和首任车主动力电池的电芯终身质保，享受电机电控系统8年或15万公里超长质保。</p>\r\n<p>&nbsp;</p>\r\n<p style=\"text-align: center;\"><a href=\"http://jiaji.geely.com/JJ\"><img alt=\"安慧聪\" src=\"https://dm30webimages.geely.com/GeelyOfficial/Files/ImageSource/NEWS/G-NEWS-190312/pc/3.jpg\" longdesc=\"安慧聪\" style=\"max-width: 100%; max-height: 100%; height: auto;\"></a></p>\r\n<p>&nbsp;</p>\r\n<p>&nbsp; &nbsp; &nbsp; &nbsp; 为了让广大消费者轻松享受到节能电气技术带来的超值体验，嘉际还推出了“MHEV轻混升级”计划，凡是2019年5月31日前，订购嘉际1.5TD+7DCT车型的用户，将获得赠送价值5000元的48V BSG轻混系统，尽享免费升级礼遇。</p>\r\n<p>&nbsp;</p>\r\n<p style=\"text-align: center;\"><a href=\"http://jiaji.geely.com/JJ\"><img src=\"https://dm30webimages.geely.com/GeelyOfficial/Files/ImageSource/NEWS/G-NEWS-190312/pc/4.jpg\" alt=\"宋军\" longdesc=\"宋军\" style=\"max-width: 100%; max-height: 100%; height: auto;\"></a></p>\r\n<p style=\"text-align: center;\">&nbsp;</p>\r\n<p>&nbsp; &nbsp; &nbsp; &nbsp;与此同时，为了让用户真正做到“为爱出众”，吉利汽车针对嘉际还重磅推出了享金融、享焕新、享流量、享服务的四重“超值服务”计划：2019年6月30日前订车用户，可享受60期低月供或18期0利息、至高4000元置换补贴以及5年全时在线免费流量；所有购买1.5TD车型的用户，均可享受发动机主要零部件8年或30万公里超长质保。</p>\r\n<p>&nbsp;</p>\r\n<p style=\"text-align: left;\"><strong>搭载L2级智能驾驶MPV&nbsp; 17项智能黑科技刷出MPV安全新高度</strong></p>\r\n<p>&nbsp;</p>\r\n<p>&nbsp; &nbsp; &nbsp; &nbsp;承载家庭多人口出行，MPV的安全无疑是最重要的。嘉际沿袭吉利汽车一贯的高安全性标准，采用吉利“安全识别圈”技术理念，搭载ICC智能领航系统、博世全自动泊车系统、RCW后碰撞预警功能、RCTA倒车侧向辅助功能等17项在豪华车上才配备的智能驾驶黑科技，成为国内搭载L2级智能驾驶的MPV，同时，也提升了MPV智能安全的高度。</p>\r\n<p>&nbsp;</p>\r\n<p style=\"text-align: center;\"><a href=\"http://jiaji.geely.com/JJ\"><img src=\"https://dm30webimages.geely.com/GeelyOfficial/Files/ImageSource/NEWS/G-NEWS-190312/pc/5.jpg\" alt=\"ICC智能领航系统\" longdesc=\"ICC智能领航系统\" style=\"width: 1540px; height: auto; max-width: 100%; max-height: 100%;\"></a><span style=\"text-align: left;\">ICC智能领航系统</span></p>\r\n<p style=\"text-align: center;\"><span style=\"text-align: left;\">&nbsp;</span></p>\r\n<p style=\"text-align: left;\"><span style=\"text-align: left;\">&nbsp; &nbsp; &nbsp; &nbsp;</span><span style=\"text-align: left;\">嘉际搭载的ICC智能领航系统，由全速ACC自适应巡航控制系统和LKA车道保持辅助系统融合升级而成，可在城市道路、高速公路等多场景下的全速域范围内，通过车距控制、车速调节、转向调整，实现跟随前车寻迹驾驶，让驾驶更简单，操控更便捷，出行更轻松。同时，配备博世全自动泊车系统可自动搜索车位，一键操作即能实现垂直泊入、水平泊入和水平泊出车位，全程无需操控油门、刹车和换挡，加上3D显示的360°高清全景影像系统，时刻掌握泊车状态，安全又省心。</span></p>\r\n<p>&nbsp;</p>\r\n<p style=\"text-align: center;\"><a href=\"http://jiaji.geely.com/JJ\"><img src=\"https://dm30webimages.geely.com/GeelyOfficial/Files/ImageSource/NEWS/G-NEWS-190312/pc/6.jpg\" alt=\"博世全自动泊车系统-水平泊车\" longdesc=\"博世全自动泊车系统-水平泊车\" style=\"max-width: 100%; max-height: 100%; height: auto;\"></a>博世全自动泊车系统-水平泊车</p>\r\n<p>&nbsp;</p>\r\n<p>&nbsp; &nbsp; &nbsp; &nbsp;在控制系统反应及车辆稳定功能的重要智能安全配置上，嘉际还搭载博世9.3版ESP车身电子稳定系统、RCW后碰撞预警功能、RCTA倒车侧向辅助功能，随时随地保障行车安全。其中，RCW后碰撞预警功能可实时监测本车后方的目标，警示后方可能追尾的车辆，有效降低追尾风险；RCTA倒车侧向辅助功能能实时监测倒车过程中左右及后方各35米范围内来车和行人，全面保障安全倒车。</p>\r\n<p>&nbsp;</p>\r\n<p style=\"text-align: center;\"><a href=\"http://jiaji.geely.com/JJ\"><img src=\"https://dm30webimages.geely.com/GeelyOfficial/Files/ImageSource/NEWS/G-NEWS-190312/pc/7.jpg\" alt=\"RCTA倒车侧向辅助功能\" longdesc=\"RCTA倒车侧向辅助功能\" style=\"max-width: 100%; max-height: 100%; height: auto;\"></a><span style=\"text-align: left;\">RCTA倒车侧向辅助功能</span></p>\r\n<p style=\"text-align: center;\"><span style=\"text-align: left;\">&nbsp;</span></p>\r\n<p>&nbsp; &nbsp; &nbsp; &nbsp;此外，8安全气囊、AEB城市预碰撞安全系统、FCW前碰撞预警功能、LDW车道偏离预警系统、LCA变道辅助系统、BSD盲点监测系统、SLIF速度限制提醒功能以及IHBC智能远光灯控制系统等多重安全配置，也为嘉际所配备，全方位、立体化地保障家庭出行的安全。</p>\r\n<p style=\"text-align: left;\"><strong>&nbsp;</strong></p>\r\n<p style=\"text-align: left;\"><strong>国内上市插混MPV&nbsp; 加速MPV进入新能源时代</strong></p>\r\n<p>&nbsp;</p>\r\n<p>&nbsp; &nbsp; &nbsp; &nbsp;在动力上，嘉际是目前市场上覆盖轻混、插混、传统动力系统的高端精品家用MPV，提供1.5TD PHEV、1.5TD MHEV、1.8TD自动挡传统燃油动力、1.5TD手动挡传统燃油动力4种动力组合，多元动力选择全方位满足用户期待。</p>\r\n<p>&nbsp; &nbsp; &nbsp; &nbsp;嘉际新能源车型均搭载吉利与沃尔沃联合开发的高效能1.5TD发动机。其中，嘉际 PHEV作为中国上市插电混合动力MPV车型，成为限牌限购城市家庭购车的优选项，其采用由欧洲研发中心开发的1.5TD+7DCTH混动系统，整车最大功率达190kW，最大扭矩达到385 N•m，百公里综合油耗仅1.6L，快速充电时间不超过1.5小时。</p>\r\n<p>&nbsp;</p>\r\n<p style=\"text-align: center;\"><a href=\"http://jiaji.geely.com/JJ\"><img src=\"https://dm30webimages.geely.com/GeelyOfficial/Files/ImageSource/NEWS/G-NEWS-190312/pc/8.jpg\" alt=\"嘉际发动机\" longdesc=\"嘉际发动机\" style=\"max-width: 100%; max-height: 100%; height: auto;\"></a><span style=\"text-align: left;\">嘉际MHEV 1.5TD发动机</span></p>\r\n<p>&nbsp;</p>\r\n<p>&nbsp; &nbsp; &nbsp; &nbsp;嘉际MHEV搭载吉利自主研发的48V BSG轻混系统，匹配的湿式7DCT高效传动变速箱，可达到97%的传输效率，整车的最大功率达140kW，最大扭矩达300N•m，百公里油耗仅5.9L，带来更强动力和超低油耗。<br>\r\n&nbsp; &nbsp; &nbsp; &nbsp;为满足消费者的多元化需求，嘉际还推出1.8TD、1.5TD传统燃油动力车型，其中，1.8TD发动机荣获“中国心”十佳发动机，匹配6AT变速箱，整车最大功率达135kW，最大扭矩为300N•m，在动力性、经济性和NVH性能上的综合表现均达到国际前列水平。<br>\r\n&nbsp; &nbsp; &nbsp; &nbsp;针对年轻家庭出行的定位，嘉际的底盘调校在操控表现上同样出色。在全球汽车工程公司摩缇马帝专业底盘调校团队的操刀下，嘉际历时3年，经过300多轮次实车调校匹配、和超过15万公里的累计调校里程，在全球不同路况下完成底盘测试及优化，使整车舒适性和操控性达到更好平衡。此外，经过205万公里耐久试验，保障车辆品质，让出行无后顾之忧。</p>\r\n<p><strong>&nbsp;</strong></p>\r\n<p><strong>开创“暖心亲子模式”&nbsp; 堪称家庭出游的“暖心大白”</strong></p>\r\n<p>&nbsp;</p>\r\n<p>&nbsp; &nbsp; &nbsp; &nbsp;专为年轻家庭打造，嘉际将舒适性提升到全新高度。基于亚洲人体工程学设计，嘉际采用由顶级供应商麦格纳提供、吉利的I-sofa魔方科技座椅，基于亚洲人体工程学设计，极大提升包裹性、支撑性和减震性，带来至尊豪华舒适感。同时，嘉际提供2+2+2 、2+2+3 、2+3+2 三种座椅布局，可拓展出16种座椅摆放形式。其中，在2+2+2和2+2+3座椅布局车型中，前排与二排独立座椅可向后翻折至165°，搭配太空睡眠头枕，形成太空畅睡模式，让家人在旅途中能以更放松的姿态，得到更充分舒适的休息。</p>\r\n<p>&nbsp;</p>\r\n<p style=\"text-align: center;\"><a href=\"http://jiaji.geely.com/JJ\"><img src=\"https://dm30webimages.geely.com/GeelyOfficial/Files/ImageSource/NEWS/G-NEWS-190312/pc/9.jpg\" alt=\"嘉际座椅\" longdesc=\"嘉际座椅\" style=\"max-width: 100%; max-height: 100%; height: auto;\"></a></p>\r\n<p>\r\n&nbsp; &nbsp;<br>\r\n&nbsp; &nbsp; &nbsp; &nbsp;值得一提的是，嘉际充分考虑儿童出行需求，开创暖心的GKUI亲子模式。当孩子在车上犯困时，身边的亲人可实现自定义空调调节、音量调节、自动关闭车窗和天窗、进入伴听儿童歌曲播放模式、萌男童人机语音交流等功能；另外，嘉际还采用太空级静音科技，凭借ANC主动降噪系统，利用声波抵消技术，平衡噪音，呈现无比静谧的空间。</p>\r\n<p>&nbsp;</p>\r\n<p><a href=\"http://jiaji.geely.com/JJ\"><img src=\"https://dm30webimages.geely.com/GeelyOfficial/Files/ImageSource/NEWS/G-NEWS-190312/pc/10.jpg\" alt=\"嘉际配置\" longdesc=\"嘉际配置\" style=\"max-width: 100%; max-height: 100%; height: auto;\"></a></p>\r\n<p>&nbsp;</p>\r\n<p>&nbsp; &nbsp; &nbsp; &nbsp;此外，嘉际还采用更令人舒心的环保内饰，以及AQS空气质量管理系统、PM2.5过滤器与负离子发生器高效净化组合，打造出了空气更加清新的生态净化座舱，加上具有保温、保冷、加热、制冷四大功能，搭载的冷暖杯托，以及3组国际通用ISOFIX儿童座椅接口等设计，倾力为儿童营造一个如家一般温馨、舒适的乘坐环境。</p>\r\n<p><strong>&nbsp;</strong></p>\r\n<p><strong>“三体融合”潮美车身&nbsp; 重新定义MPV设计美学&nbsp;</strong></p>\r\n<p>&nbsp;</p>\r\n<p>&nbsp; &nbsp; &nbsp; &nbsp;不负“MPV变革者”美誉，嘉际在造型设计上，也打破了传统MPV给人臃肿的印象，尽显轻盈从容。嘉际立足于年轻消费者的审美和需求，采用“多元平衡”设计理念，打造出融合轿车高宽比车身、SUV力量感与通过性、MPV多元空间优势于一体的“三体融合”车身，展现出动感、时尚、前卫的高颜值，以潮美风范重新定义MPV的设计美学。</p>\r\n<p>&nbsp;</p>\r\n<p style=\"text-align: center;\"><a href=\"http://jiaji.geely.com/JJ\"><img src=\"https://dm30webimages.geely.com/GeelyOfficial/Files/ImageSource/NEWS/G-NEWS-190312/pc/11.jpg\" alt=\"嘉际设计美学\" longdesc=\"嘉际设计美学\" style=\"max-width: 100%; max-height: 100%; height: auto;\"></a></p>\r\n<p style=\"text-align: center;\">&nbsp;</p>\r\n<p>&nbsp; &nbsp; &nbsp; &nbsp;嘉际前脸采用了一体式悬浮设计，极具辨识度的家族式星河回纹前格栅，配合V字形的镀铬饰条，巧妙地与两侧的流星之翼前大灯融为一体，勾勒出嘉际充满张力的大V锐翼前脸。车身侧面，锋锐式双腰线随着车身向后微微上扬，搭配下方从前轮横扫至后轮凌厉的下裙线，带来强劲有力的视觉感观。<br>\r\n&nbsp; &nbsp; &nbsp; &nbsp;同时，嘉际配备18英寸星轨回旋轮毂，拥有比肩城市SUV的165mm高离地间隙，看上去稳健有力，极具力量感与速度感。</p>\r\n<p>&nbsp;</p>\r\n<p><a href=\"http://jiaji.geely.com/JJ\"><img src=\"https://dm30webimages.geely.com/GeelyOfficial/Files/ImageSource/NEWS/G-NEWS-190312/pc/12.jpg\" alt=\"嘉际内饰\" longdesc=\"嘉际内饰\" style=\"max-width: 100%; max-height: 100%; height: auto;\"></a></p>\r\n<p>&nbsp;</p>\r\n<p>&nbsp; &nbsp; &nbsp; &nbsp;内饰方面，嘉际采用环阔一体式科技驾驶舱设计，包括领航式悬浮中控台、12.3英寸悬浮式智能宽屏、三辐式多功能方向盘、炫酷手势感应顶灯、72色流光氛围灯，以及0.84㎡超大云际智能全景天窗等全景时空座舱设计布局，配合佛罗伦萨米、纽约灰、干邑棕三种内饰配色，充满了科技感和轻奢质感。其中，0.84㎡超大云际智能全景天窗呈现出航天级标准的可见视野，带来独特的时空纵深感。<br>\r\n&nbsp; &nbsp; &nbsp; &nbsp;凭借在智能安全、动力操控、空间布局、造型设计等方面的全方位突破，吉利嘉际诠释了高端精品家用MPV的品质内涵。这款在“千家万人公测”中被验证过的MPV，不仅开拓吉利在MPV领域的新版图，助力吉利迈入轿车、SUV、MPV“三驾马车”并驾齐驱的新时代，更将凭借硬核实力，成为吉利精品化战略下的又一代表车型，直面主流合资品牌MPV竞争。</p>\r\n<div>&nbsp;</div>\r\n            <br>\r\n        </div>', 2, '2019-03-12 00:00:00', NULL, 2, 'https://dm30webimages.geely.com/GeelyOfficial/Files/ImageSource/NEWS/G-NEWS-190312/m/0.jpg', 0),
(9, '吉利汽车1月销量超15.8万辆，环比劲增70%，迎来2019年开门红', '吉利汽车1月销量超15.8万辆，环比劲增70%，迎来2019年开门红', '<div class=\"rich_text_content\" style=\"min-height: 30px; font-size: 16px; line-height: 25px;\">\r\n            <br>\r\n            <p>&nbsp;&nbsp;&nbsp;&nbsp;&nbsp;&nbsp; 2月11日，吉利汽车控股有限公司（简称“吉利汽车”）（HK.0175）公布了2019年1月销量数据：1月销量158,393辆，同比增长2%，环比增长约70%，迎来2019年市场的开门红。这一销量数据不仅刷新了吉利汽车单月销量历史新纪录，也创下终端销量历史新高。目前吉利已完成全年151万销量目标的10%。</p>\r\n<p>&nbsp;&nbsp;&nbsp;&nbsp;&nbsp;&nbsp; 从吉利汽车1月销量结构来看，吉利与领克两大品牌齐头并进。博越、缤瑞、缤越、帝豪GS、帝豪GL、帝豪、远景、远景SUV、远景X3共9款车型月销量过万；高端品牌领克持续热销，月销达12,588辆。传统燃油车和新能源及电气化车型全面开花，其中吉利新能源及电气化车型销量9,022辆，环比增长44%，持续呈现良好的增长态势。在2019年车市开局中，吉利汽车以稳健上扬的姿态，为2019年车市注入了一股暖流和信心，助力中国品牌自信向上。</p>\r\n<p style=\"text-align: left;\">\r\n<strong></strong></p>\r\n<p style=\"text-align: center;\"><strong>&nbsp;</strong></p>\r\n<p style=\"text-align: left;\"><strong>&nbsp;&nbsp;&nbsp;&nbsp;&nbsp;&nbsp; “博系”：博瑞家族3,365辆，博越27,503辆</strong></p>\r\n<p style=\"text-align: center;\">&nbsp;</p>\r\n<p style=\"text-align: center;\"><a href=\"https://br.geely.com/brge\"><img src=\"https://dm30webimages.geely.com/GeelyOfficial/Files/ImageSource/NEWS/G-NEWS-0214/PC/2.jpg\" alt=\"1月销量\" style=\"max-width: 100%; max-height: 100%; height: auto;\"></a></p>\r\n&nbsp;<br>\r\n<p style=\"text-align: left;\">&nbsp;&nbsp;&nbsp;&nbsp;&nbsp;&nbsp; 1月，博瑞家族销量3,365辆，环比增长110%。春节期间，在央视《挑战不可能》栏目镜头的见证下，博瑞GE L2级智能驾驶系统成功挑战，让大家领略了这款“科技智混新旗舰”的智驾魅力。</p>\r\n<p style=\"text-align: left;\">&nbsp;</p>\r\n<p style=\"text-align: center;\"><a href=\"https://boyue.geely.com/by\"><img alt=\"1月销量\" src=\"https://dm30webimages.geely.com/GeelyOfficial/Files/ImageSource/NEWS/G-NEWS-0214/PC/3.jpg\" style=\"max-width: 100%; max-height: 100%; height: auto;\"></a></p>\r\n<p style=\"text-align: left;\">&nbsp;</p>\r\n<p style=\"text-align: left;\">&nbsp;&nbsp;&nbsp;&nbsp;&nbsp;&nbsp; 博越1月销量27,503辆，环比增长61%。上市近3年来，总销量已突破68万辆，以月均两万辆的热销态势，稳居SUV市场销量前列阵营，再次彰显“智能互联SUV”的硬核实力。<br>\r\n<strong></strong></p>\r\n<p style=\"text-align: left;\"><strong>&nbsp;</strong></p>\r\n<p style=\"text-align: left;\"><strong>&nbsp;&nbsp;&nbsp;&nbsp;&nbsp;&nbsp; “缤系”：缤瑞12,480辆，缤越14,627辆</strong></p>\r\n<p style=\"text-align: center;\"><strong>&nbsp;</strong></p>\r\n<p style=\"text-align: right;\"><strong><a href=\"https://binyue.geely.com/zh-CN/binyue\"><img alt=\"1月销量\" src=\"https://dm30webimages.geely.com/GeelyOfficial/Files/ImageSource/NEWS/G-NEWS-0214/PC/4.jpg\" style=\"max-width: 100%; max-height: 100%; height: auto;\"></a></strong></p>\r\n<p>&nbsp;</p>\r\n&nbsp;&nbsp;&nbsp;&nbsp;&nbsp;&nbsp; 作为吉利品牌年轻化的代表，”缤系”车型销量均再创新高。其中，上市首月即破万的缤越1月销量达14,627辆，环比增长11%，上市3个月以来销量逐月攀升，目前累计销量达 38,110辆。\r\n<p>&nbsp;</p>\r\n<p style=\"text-align: center;\"><a href=\"https://binrui.geely.com/binrui\"><img alt=\"1月销量\" src=\"https://dm30webimages.geely.com/GeelyOfficial/Files/ImageSource/NEWS/G-NEWS-0214/PC/5.jpg\" style=\"max-width: 100%; max-height: 100%; height: auto;\"></a></p>\r\n<p style=\"text-align: left;\">&nbsp;\r\n</p>\r\n<p style=\"text-align: left;\">&nbsp;&nbsp;&nbsp;&nbsp;&nbsp;&nbsp; “A+级运动风轿车”缤瑞1月销量达到了12,480辆，环比增长21%，上市5个月总销量达到45,564辆。</p>\r\n<p style=\"text-align: left;\">\r\n<strong>&nbsp;</strong></p>\r\n<p style=\"text-align: left;\"><strong>&nbsp;&nbsp;&nbsp;&nbsp;&nbsp;&nbsp; “帝豪家族”：帝豪24,072辆，帝豪GS 15,481辆，帝豪GL 13,747辆</strong></p>\r\n<p style=\"text-align: left;\"><strong></strong>&nbsp;</p>\r\n<p style=\"text-align: left;\">&nbsp;&nbsp;&nbsp;&nbsp;&nbsp;&nbsp; 1月份，帝豪、帝豪GS、帝豪GL 3款车型持续保持破万势头，帝豪家族取得了53,300辆的销量成绩。其中，帝豪1月销量24,072辆，环比增长59%。帝豪GS1月份销量15,481辆，环比增长44%，连续21个月销量过万辆，持续竞逐城市跨界SUV市场。</p>\r\n<p style=\"text-align: left;\">&nbsp;</p>\r\n<p style=\"text-align: center;\"><a href=\"https://dh.geely.com/dhgs\"><img alt=\"1月销量\" src=\"https://dm30webimages.geely.com/GeelyOfficial/Files/ImageSource/NEWS/G-NEWS-0214/PC/6.jpg\" style=\"max-width: 100%; max-height: 100%; height: auto;\"></a></p>\r\n<p style=\"text-align: left;\">&nbsp;</p>\r\n&nbsp;&nbsp;&nbsp;&nbsp;&nbsp;&nbsp; A+级轿车帝豪GL1月销量13,747辆，环比增长84%，继续助力中国品牌轿车向上突破。<br>\r\n<p style=\"text-align: left;\">\r\n<strong></strong></p>\r\n<p style=\"text-align: center;\"><strong>&nbsp;</strong></p>\r\n<strong>&nbsp;&nbsp;&nbsp;&nbsp;&nbsp;&nbsp; “远景家族”：全新远景10,750辆，远景SUV 10,030辆，远景X3销量10,441辆</strong>\r\n<p style=\"text-align: left;\"><strong></strong>&nbsp;</p>\r\n<p style=\"text-align: left;\">&nbsp;&nbsp;&nbsp;&nbsp;&nbsp;&nbsp; 1月份，远景家族总销量34,539辆。其中，全新远景销量10,750辆，远景SUV、远景X3、远景S1三款SUV产品分别销售了10,030辆、10,441辆、3,307辆，环比增长率分别高达273%、239%与82%。</p>\r\n<p style=\"text-align: left;\">&nbsp;</p>\r\n<p style=\"text-align: center;\"><a href=\"https://yj.geely.com/zh-CN/yjsuv\"><img alt=\"1月销量\" src=\"https://dm30webimages.geely.com/GeelyOfficial/Files/ImageSource/NEWS/G-NEWS-0214/PC/7.jpg\" style=\"max-width: 100%; max-height: 100%; height: auto;\"></a><br>\r\n&nbsp;</p>\r\n<p style=\"text-align: left;\"><strong>&nbsp;&nbsp;&nbsp;&nbsp;&nbsp;&nbsp; 领克品牌：01销量6,182辆，02销量2,032辆，03销量4,374辆</strong></p>\r\n<p style=\"text-align: center;\"><strong>&nbsp;</strong></p>\r\n&nbsp;&nbsp;&nbsp;&nbsp;&nbsp;&nbsp; 新生代高端品牌领克市场表现同样稳步提升，1月总销量达到了12,588辆，体现了市场及消费者对领克品牌越级产品实力、创新营销和服务模式的充分认可。其中，领克01销量6,182辆，环比增长311%；领克02销量2,032辆；上市仅3个月的领克03销量再攀新高，1月销量达到了4,374辆，目前总销量达到13,632辆，充分证明了领克03通过鲜明的运动活力气质和全面领先的产品魅力，获得消费者的认可和喜爱。\r\n<p style=\"text-align: left;\">&nbsp;</p>\r\n<p style=\"text-align: center;\"><a href=\"http://www.lynkco.com.cn/zh-CN/Cars/03\"><img alt=\"1月销量\" src=\"https://dm30webimages.geely.com/GeelyOfficial/Files/ImageSource/NEWS/G-NEWS-0214/PC/8.jpg\" style=\"max-width: 100%; max-height: 100%; height: auto;\"></a><br>\r\n&nbsp;</p>\r\n&nbsp;&nbsp;&nbsp;&nbsp;&nbsp;&nbsp; 2019年车市面临的挑战与竞争将更为激烈。面对挑战，吉利汽车继续以市场为原点、以用户需求为导向，以提升市场占有率为目标，主动变革，充分激活全体系潜力，继续加大技术研发投入，全面打造可持续发展新动力，为用户打造高品质、高技术和高附加值的精品。1月份吉利汽车以稳健上扬的良好态势，实现了新年开门红，进一步坚定了吉利汽车推动中国制造迈向全球价值链中高端的信心和决心。\r\n<p style=\"text-align: left;\">&nbsp;</p>\r\n<p style=\"text-align: center;\"><a href=\"http://www.geely.com/zh-CN\"><img alt=\"1月销量\" src=\"https://dm30webimages.geely.com/GeelyOfficial/Files/ImageSource/NEWS/G-NEWS-0214/PC/9.jpg\" style=\"max-width: 100%; max-height: 100%; height: auto;\"></a></p>\r\n<p style=\"text-align: left;\">&nbsp;</p>\r\n<p style=\"text-align: left;\">&nbsp;&nbsp;&nbsp;&nbsp;&nbsp;&nbsp; 2019年是吉利的产品大年，首款MPV嘉际、基于CMA架构开发的高阶运动SUV-FY11、全新纯电动轿车GE11以及领克品牌新车等6款全新产品都将于今年推出，同时，缤越、缤瑞、领克02等多款新能源及电气化车型也将陆续投放市场。相信在现有产品的热销及新品的助力下，吉利汽车也将在2019年持续保持稳健增长，更加自信从容地助力中国品牌汽车在取得新突破。<br>\r\n<br>\r\n</p>\r\n            <br>\r\n        </div>', 0, '2019-02-11 00:00:00', NULL, 0, 'https://dm30webimages.geely.com/GeelyOfficial/Files/ImageSource/NEWS/G-NEWS-0214/M/T.jpg', 0),
(10, '浙江豪情、浙江吉利汽车有限公司召回部分远景、GC7和EC7汽车', '浙江豪情、浙江吉利汽车有限公司召回部分远景、GC7和EC7汽车', '<div class=\"rich_text_content\" style=\"min-height: 30px; font-size: 16px; line-height: 25px;\">\r\n            <br>\r\n            &nbsp; &nbsp; &nbsp; &nbsp;日前，浙江豪情汽车制造有限公司、浙江吉利汽车有限公司根据《缺陷汽车产品召回管理条例》和《缺陷汽车产品召回管理条例实施办法》的要求，向国家市场监督管理总局备案了召回计划，决定自2019年1月9日起召回以下车辆，共计89657辆。<br>\r\n&nbsp; &nbsp; &nbsp;（一）浙江豪情汽车制造有限公司：<br>\r\n2010年10月7日至2012年7月7日期间生产的部分远景、GC7汽车，共计42216辆；<br>\r\n&nbsp; &nbsp; &nbsp;（二）浙江吉利汽车有限公司：<br>\r\n2011年7月5日至2012年5月31日期间生产的部分EC7汽车，共计47441辆。<br>\r\n&nbsp; &nbsp; &nbsp; &nbsp;本次召回范围内的车辆由于燃油泵零件原因，在车辆使用过程中可能发生燃油泵碳刷与换向器的异常磨损，当磨损到一定程度会产生泵油中断，导致车辆行驶中熄火，存在安全隐患。浙江豪情汽车制造有限公司、浙江吉利汽车有限公司将为召回范围内的车辆免费更换改进后的新型燃油泵，以消除安全隐患。<br>\r\n&nbsp; &nbsp; &nbsp; &nbsp;浙江豪情汽车制造有限公司、浙江吉利汽车有限公司将委托吉利汽车特约服务站通过挂号信、电话、短信等方式通知相关车主，请相关车主前往就近的吉利汽车特约服务站进行免费检修。用户可通过座机或手机拨打客户服务热线400-886-9888，获取此次召回的相关信息。用户也可登录国家市场监督管理总局缺陷产品管理中心网站（www.dpac.gov.cn）以及关注微信公众号（SAMRDPAC）了解更多信息。此外，也可拨打国家市场监督管理总局缺陷产品管理中心热线电话：010-59799616，反映召回活动实施过程中的问题或提交缺陷线索。<br>\r\n<div>&nbsp;</div>\r\n            <br>\r\n        </div>', 1, '2019-01-10 00:00:00', NULL, 1, 'https://dm30webimages.geely.com/GeelyOfficial/Files/ImageSource/NEWS/20190110NEWS.jpg', 0),
(11, '吉利汽车2018年总销量突破150万辆，同比增长超20%', '吉利汽车2018年总销量突破150万辆，同比增长超20%', '<div class=\"rich_text_content\" style=\"min-height: 30px; font-size: 16px; line-height: 25px;\">\r\n            <br>\r\n            <p>&nbsp; &nbsp; &nbsp; &nbsp;1月7日，吉利汽车控股有限公司（简称“吉利汽车”）（HK.0175）公布了2018年12月及全年销量数据：12月销量93,333辆，2018年全年累计销量达1,500,838辆，同比增长约20.3%，市场占有率大幅提升，实现了吉利汽车发展史上首次年销突破150万辆的里程碑式跨越，位列乘用车排名第四。</p>\r\n<p>&nbsp;</p>\r\n<p style=\"text-align: center;\"><a href=\"http://www.geely.com/\"><img src=\"https://dm30webimages.geely.com/GeelyOfficial/Files/ImageSource/NEWS/G-NEWS-0110/PC/FM.jpg\" alt=\"2018年销量\" longdesc=\"2018年销量\" style=\"max-width: 100%; max-height: 100%; height: auto;\"></a></p>\r\n<p style=\"text-align: center;\">&nbsp;</p>\r\n<p>&nbsp; &nbsp; &nbsp; &nbsp;2018年，国内汽车市场出现负增长，吉利汽车逆市上扬，通过深化精品车发展战略，加快吉利和领克双品牌布局，从高速度增长向高质量发展转型，成为国内少数保持两位数正增长的汽车企业，更成为“凛冬”中的一股暖流，助力中国品牌汽车更加自信从容向上突破。</p>\r\n<p>&nbsp; &nbsp; &nbsp; &nbsp;持续做大做强汽车核心产业同时，吉利控股集团积极与合作伙伴跨界融合、资源共享、合作共赢，在全球化战略、工业互联网、线上数字科技、共享出行等方面的积极探索布局，稳健推进创新型科技企业的建设，加快实现汽车制造商向移动出行服务商转变。</p>\r\n<p style=\"text-align: center;\"><strong>&nbsp;</strong></p>\r\n<p style=\"text-align: center;\"><strong>SUV与轿车均衡发展&nbsp; 吉利、领克双品牌驱动</strong></p>\r\n<p>&nbsp; &nbsp; &nbsp; &nbsp;过硬的产品是参与竞争的基石。纵观吉利2018年销量，近10款车型月销过万，并保持轿车和SUV“两条腿走路”的均衡发展态势。值得一提的是，高端品牌领克在初创期即企稳高端汽车市场，创造了业界瞩目的“领克速度”，开创了吉利和领克双品牌驱动的崭新局面。</p>\r\n<p>&nbsp; &nbsp; &nbsp; &nbsp;从SUV车型看，吉利SUV阵营2018年总销量达到857,922辆，占吉利全年总销量比57%，实现了吉利在SUV市场的后来者居上。</p>\r\n<p>&nbsp;</p>\r\n<p style=\"text-align: center;\"><a href=\"http://www.geely.com/\"><img src=\"https://dm30webimages.geely.com/GeelyOfficial/Files/ImageSource/NEWS/G-NEWS-0110/PC/1.jpg\" alt=\"2018吉利SUV销量\" longdesc=\"2018吉利SUV销量\" style=\"width: 1540px; height: auto; max-width: 100%; max-height: 100%;\"></a></p>\r\n<p>&nbsp;<br>\r\n&nbsp; &nbsp; &nbsp; &nbsp;其中，“智能互联精品SUV”博越全年累计销售255,695辆，月均销量达2万辆，上市33个月以来，累计销量已突破65万辆，稳居SUV市场前列阵营；帝豪GS全年销售157,638辆，连续20个月销量过万辆，持续竞逐城市跨界SUV市场；远景SUV、远景X3两款SUV持续热销，全年取得了113,309辆、116,944辆的不俗业绩。诞生于吉利BMA全球模块架构下首款SUV——缤越，上市首月销量即破万辆，上市2个月销量达23,361辆，成为吉利SUV阵营的又一猛将。</p>\r\n<p>&nbsp;</p>\r\n<p style=\"text-align: center;\"><a href=\"https://binyue.geely.com/zh-CN/binyue\"><img src=\"https://dm30webimages.geely.com/GeelyOfficial/Files/ImageSource/NEWS/G-NEWS-0110/PC/2.jpg\" alt=\"2018年缤越销量\" longdesc=\"2018年缤越销量\" style=\"max-width: 100%; max-height: 100%; height: auto;\"></a></p>\r\n<p>&nbsp;</p>\r\n<p>&nbsp; &nbsp; &nbsp; &nbsp;在轿车领域，吉利汽车更是保持了多款车型在各细分市场的优势。全新帝豪、全新远景、帝豪GL、缤瑞形成了吉利在A级市场的“4个A”王牌，其中，全新帝豪、全新远景、帝豪GL甚至长期包揽了位列中国品牌轿车市场销量前茅。</p>\r\n<p>&nbsp;</p>\r\n<p style=\"text-align: center;\"><a href=\"https://br.geely.com/brge\"><img src=\"https://dm30webimages.geely.com/GeelyOfficial/Files/ImageSource/NEWS/G-NEWS-0110/PC/3.jpg\" alt=\"2018年博瑞GE销量\" longdesc=\"2018年博瑞GE销量\" style=\"max-width: 100%; max-height: 100%; height: auto;\"></a></p>\r\n<p>&nbsp;<br>\r\n&nbsp; &nbsp; &nbsp; &nbsp;具体而言，“科技智混新旗舰” 博瑞GE领衔的博瑞家族全年销售44,299辆，同比增长4%，继续助力中国品牌B级车市场向上。全新帝豪历久弥坚，全年累计销量达246,933辆，连续7年稳居中国品牌轿车销量前列；全新远景全年销量达143,851辆，稳居A-级国产家轿销量前列；帝豪GL全年销量为148,531辆，同比增长20%，以高达两位数的增幅，继续布局中国品牌A+轿车市场。“A+级运动风轿车”缤瑞上市4个月以来，累计销售贡献了33,084辆，夯实吉利在A级车市场的优势。</p>\r\n<p>&nbsp;</p>\r\n<p style=\"text-align: center;\"><a href=\"https://binrui.geely.com/binrui\"><img src=\"https://dm30webimages.geely.com/GeelyOfficial/Files/ImageSource/NEWS/G-NEWS-0110/PC/4.jpg\" alt=\"2018年缤瑞销量\" longdesc=\"2018年缤瑞\" style=\"max-width: 100%; max-height: 100%; height: auto;\"></a></p>\r\n<p>&nbsp;<br>\r\n&nbsp; &nbsp; &nbsp; &nbsp;与大放异彩的吉利品牌相辉映，新时代高端品牌领克在2018年所创下的“领克速度”同样令人瞩目。2018年领克品牌全年累计销量达120,414辆，成为中国汽车品牌冲击高端市场的进击力量。</p>\r\n<p>&nbsp;</p>\r\n<p style=\"text-align: center;\"><a href=\"http://www.lynkco.com.cn/zh-CN/Cars/02\"><img src=\"https://dm30webimages.geely.com/GeelyOfficial/Files/ImageSource/NEWS/G-NEWS-0110/PC/5.jpg\" alt=\"2018年领克销量\" style=\"max-width: 100%; max-height: 100%; height: auto;\"></a></p>\r\n<p>&nbsp;</p>\r\n<p>&nbsp; &nbsp; &nbsp; &nbsp;其中，领克01全年取得了89,405辆的销量成绩，上市半年的领克02共交出了21751辆的销量答卷；上市仅两个月的领克03月销量再创新高，12月达到了4282辆，2018年累计销量9258辆。</p>\r\n<p>&nbsp;</p>\r\n<p style=\"text-align: center;\"><a href=\"http://www.lynkco.com.cn/zh-CN/Cars/03\"><img src=\"https://dm30webimages.geely.com/GeelyOfficial/Files/ImageSource/NEWS/G-NEWS-0110/PC/6.jpg\" alt=\"领克03销量\" longdesc=\"领克03销量\" style=\"max-width: 100%; max-height: 100%; height: auto;\"></a></p>\r\n<p>\r\n&nbsp;<br>\r\n&nbsp; &nbsp; &nbsp; &nbsp;在新能源领域，2018年吉利汽车相续推出了帝豪EV450、博瑞GE、帝豪GSe、领克01 PHEV等多款新能源及电气化产品，全年累计销量达到68,549辆，成为了吉利高质量增长的新动能。</p>\r\n<p style=\"text-align: center;\"><strong>&nbsp;</strong></p>\r\n<p style=\"text-align: center;\"><strong>品牌价值持续提升&nbsp; 稳健迈入高质量发展新阶段</strong></p>\r\n<p>&nbsp; &nbsp; &nbsp; &nbsp;年销突破150万辆的背后，是吉利汽车体系化能力的不断修炼，是对“以用户为中心、以市场为导向、以产品为核心”理念的坚持，更是对“精品车发展战略”持之以恒的深耕。伴随着销量的持续攀升，吉利汽车平均售价和品牌附加值同步提升，已成为吉利汽车从高速度增长向高质量发展进阶的显著特征。</p>\r\n<p>&nbsp; &nbsp; &nbsp; &nbsp;数据统计，2018年吉利汽车8-15万元售价车型的销量占比达到61%以上，其中，10-15万销量占比超30%；由于博瑞GE、领克01等高端车型推出，15-25万元销量占比达6.4%。在一二线市场的销量占比超过五成；同时用户群体更加年轻化，受到大城市青年的认可和喜爱，90后群体占比超过51%，越来越多的都市白领、公务员人群成为吉利汽车用户。作为中国汽车品牌不断向上的突破者，吉利汽车已开始与主流合资品牌展开正面竞争。</p>\r\n<p>&nbsp; &nbsp; &nbsp; &nbsp;与此同时，吉利汽车经销商盈利水平也在持续提升。截至2018年底，吉利品牌拥有近千家经销商，在近两年新增的200家经销商中，有合资品牌经营背景或由合资品牌转化的经销商占比达45%以上，主要分布在北京、上海、天津、江苏、广东等一、二线城市及经济发达地区。在吉利品牌的近千家4S店中， 2018年平均单店销量近1450辆，同比去年增长10%。</p>\r\n<p>&nbsp; &nbsp; &nbsp; &nbsp;2018年领克品牌通过迅速完善产品布局、不断拓展网络体系，领克市场销量稳定攀升，品牌价值持续突破。自2018年6月底开始，领克快速导入02、01PHEV、03三款高品质车型，形成“SUV+轿车”“燃油+新能源”的立体产品布局，全面出击中高端品牌市场。同时，领克经销商网络得到迅速发展。截止2018年底，领克经销商运营数已达212家，在建114家，覆盖全国230余个城市。</p>\r\n<p>&nbsp;</p>\r\n<p style=\"text-align: center;\"><a href=\"http://www.lynkco.com.cn/zh-CN/Cars/03\"><img src=\"https://dm30webimages.geely.com/GeelyOfficial/Files/ImageSource/NEWS/G-NEWS-0110/PC/7.jpg\" alt=\"领克03上市\" longdesc=\"领克03上市\" style=\"max-width: 100%; max-height: 100%; height: auto;\"></a></p>\r\n<p>\r\n&nbsp;<br>\r\n&nbsp; &nbsp; &nbsp; &nbsp;凭借越级产品实力及创新营销模式，领克品牌全年销量超过12万辆，在高价格区间的前提下，刷新了中国高端品牌的价值高度：领克01的加权平均售价约18.18万元，45%的用户为增购或换购用户，其中的65%来自主流合资品牌；领克02、03在售车型中，高配车型占比超70%，充分体现出领克车型的高品质与高价值。</p>\r\n<p style=\"text-align: center;\"><strong>&nbsp;</strong></p>\r\n<p style=\"text-align: center;\"><strong>加速创新引领&nbsp; 全面迈向汽车新四化时代</strong></p>\r\n<p>&nbsp; &nbsp; &nbsp; &nbsp;在全球汽车产业加速迈向电动化、智能化、网联化、共享化的趋势下，依托在新能源汽车、人工智能、车联网技术应用的快速发展，吉利汽车在2018年不断强化技术实力，以高于行业平均水平的技术研发资金投入，构建了基于五大研发中心、五大造型中心的全球研发体系，致力于成为在新能源、智能网联网技术上的引领者，加快成为以科技引领为动能的创新型公司。</p>\r\n<p>&nbsp;</p>\r\n<p style=\"text-align: center;\"><a href=\"http://www.geely.com/zh-CN\"><img src=\"https://dm30webimages.geely.com/GeelyOfficial/Files/ImageSource/NEWS/G-NEWS-0110/PC/8.jpg\" alt=\"安慧聪\" longdesc=\"安慧聪\" style=\"max-width: 100%; max-height: 100%; height: auto;\"></a></p>\r\n<p>\r\n&nbsp;<br>\r\n&nbsp; &nbsp; &nbsp; &nbsp;吉利在新能源领域十几年的布局和积淀，在2018年也取得了突破性成果，2018年5月底，发布了涵盖纯电、混动、替代燃料以及氢燃料电池四大技术路径的“智擎”新能源动力系统。MHEV轻混技术行业最高15%的节油率、自主研发的P2.5混动架构等核心技术，充分彰显出吉利在MHEV、PHEV以及三电领域的技术的不断突破与升级。</p>\r\n<p>&nbsp; &nbsp; &nbsp; &nbsp;在2018年3月举行的首届吉利汽车生态伙伴大会上，吉利通过探索“共生、共荣、多赢”的新模式，构建“全球价值链协同共享体系”，发布了行业领先的吉客智能生态系统（GKUI），再次站在智能网联技术的最前沿。该系统将百度、腾讯、高德、京东、喜马拉雅等相同或不同领域的互联网服务全部接入，让用户在移动应用上拥有更多选择，目前已在2018款博越、博瑞GE、缤瑞、缤越等全新车型上应用，充分满足用户的用车需求。</p>\r\n<p>&nbsp;</p>\r\n<p style=\"text-align: center;\"><a href=\"http://www.geely.com/\"><img src=\"https://dm30webimages.geely.com/GeelyOfficial/Files/ImageSource/NEWS/G-NEWS-0110/PC/9.jpg\" alt=\"GKUI吉客智能生态系统\" longdesc=\"GKUI吉客智能生态系统\" style=\"max-width: 100%; max-height: 100%; height: auto;\"></a></p>\r\n<p>\r\n&nbsp;<br>\r\n&nbsp; &nbsp; &nbsp; &nbsp;为了给未来消费者提供更为轻松愉悦的极致驾驶体验，吉利在2018年发布了BMA全球基础模块化架构。依托于高度的灵活性和可扩展性，以及在主动安全、车联网、新能源和自动驾驶等领域的前瞻技术，BMA架构不仅为吉利全面参与全球市场竞争提供了重要战略支撑，更助力吉利全面迈入了模块化造车的全新时代。<br>\r\n<br>\r\n</p>\r\n<p style=\"text-align: center;\"><strong>行稳致远&nbsp; 强化可持续发展能力</strong></p>\r\n<p>&nbsp; &nbsp; &nbsp; &nbsp;始于“凛冬”的 2019年国内车市，面临的挑战与竞争更为激烈。吉利控股集团董事长李书福在2019年新年致辞中指出，汽车工业是吉利控股集团的核心产业，必须进一步集中精力做强做大，形成全球竞争力。</p>\r\n<p>&nbsp; &nbsp; &nbsp; &nbsp;基于当前复杂多变的市场环境，吉利汽车提出了 “稳”字当头的发展战略，以市占率论英雄，着力提升经营质量，因此将2019年销量目标定为151万辆，与2018年持平。在持续深化精品车发展战略同时，吉利汽车坚定不移提升品牌势位，稳健推动吉利和领克双品牌发展，进军MPV市场，推出多款新车，进军更多的细分市场，更注重全体系、渠道的健康、平稳发展。</p>\r\n<p>&nbsp;</p>\r\n<p style=\"text-align: center;\"><a href=\"http://www.geely.com/\"><img src=\"https://dm30webimages.geely.com/GeelyOfficial/Files/ImageSource/NEWS/G-NEWS-0110/PC/10.jpg\" alt=\"吉利嘉际\" longdesc=\"吉利嘉际\" style=\"max-width: 100%; max-height: 100%; height: auto;\"></a></p>\r\n<p>\r\n&nbsp;<br>\r\n&nbsp; &nbsp; &nbsp; &nbsp;2019年将是吉利汽车的产品大年，不仅将推出首款MPV嘉际、基于CMA打造的“高阶运动SUV”FY11、纯电动轿车GE11、领克全新车型等6款全新产品，以及近10款改款车型。同时，吉利汽车还将加快新能源发展步伐，密集投放包括领克02、领克03、缤越、缤瑞、帝豪GL等多款新能源及电气化车型，全面满足消费者日益增长的价值需求。</p>\r\n<p>&nbsp;</p>\r\n<p style=\"text-align: center;\"><a href=\"http://www.geely.com/\"><img src=\"https://dm30webimages.geely.com/GeelyOfficial/Files/ImageSource/NEWS/G-NEWS-0110/PC/11.jpg\" alt=\"吉利戴姆勒合作\" longdesc=\"吉利戴姆勒合作\" style=\"max-width: 100%; max-height: 100%; height: auto;\"></a></p>\r\n<p>\r\n&nbsp;<br>\r\n&nbsp; &nbsp; &nbsp; &nbsp;未来的交通工具不再只是简单的运输工具，着眼于改善出行交通结构，为用户提供更好的出行体验，吉利汽车母公司吉利控股集团通过与戴姆勒出行服务公司共建高端专车出行合资公司；与腾讯、中国铁路投资有限公司、中国航天科工、中国电信战略合作，共同探索铁路出行服务、高速飞行列车、工业互联网、5G和V2X等前沿技术的合作，稳健推进创新型科技企业的建设。未来，吉利控股集团将不断在产品协同研发上加大投入，在无人驾驶、车载芯片、操作系统、低轨卫星、激光通讯、太空探索等前沿技术方面继续提升能力，积极布局未来智慧立体出行生态。</p>\r\n<p>&nbsp; &nbsp; &nbsp; &nbsp;变革无处不在。吉利控股集团总裁，吉利汽车集团总裁、CEO安聪慧指出：“面对挑战，吉利汽车将继续以市场为原点、以用户需求为导向，以市场占有率提升为目标，充分激活全体系潜力，继续加大技术研发投入，强化可持续发展能力，为用户打造高品质、高技术和高附加值的精品，推动中国制造迈向全球价值链中高端，助力中国汽车品牌持续向上突破。”</p>\r\n<div>&nbsp;</div>\r\n            <br>\r\n        </div>', 1, '2019-01-07 00:00:00', NULL, 1, 'https://dm30webimages.geely.com/GeelyOfficial/Files/ImageSource/NEWS/G-NEWS-0110/M/0.jpg', 0),
(12, '9款车型破万辆 吉利汽车11月销量141,661辆', '9款车型破万辆 吉利汽车11月销量141,661辆', '<div class=\"rich_text_content\" style=\"min-height: 30px; font-size: 16px; line-height: 25px;\">\r\n            <br>\r\n            <p>&nbsp; &nbsp; &nbsp; &nbsp;12月6日，吉利汽车（HK0175）公布了11月份销量数据：当月销量为141,661辆，同比微增0.3%，环比增长10%。其中，博越、帝豪GS、帝豪GL、全新帝豪、远景SUV、全新远景、远景X3等共9款车型销量过万。值得一提的是，下半年上市的缤瑞、缤越均破万辆，创销量新高，成为11月份吉利销量的新增长点。此外，吉利新能源及电气化车型再次破万，达10,575辆，环比增长31%。其中，帝豪EV、博瑞GE、领克PHEV三款车型占比78%，呈现良好的增长态势。</p>\r\n<p>&nbsp;</p>\r\n<p style=\"text-align: center;\"><a href=\"http://www.geely.com/zh-CN\"><img alt=\"吉利11月销量\" src=\"https://dm30webimages.geely.com/GeelyOfficial/Files/GeelyNews/NewsList/Content/2018/G-NEWS-1213/PC/1.jpg\" longdesc=\"11月销量\" style=\"max-width: 100%; max-height: 100%; height: auto;\"></a></p>\r\n<p>\r\n&nbsp;<br>\r\n&nbsp; &nbsp; &nbsp; &nbsp;今年前11个月，吉利汽车总销量达1,407,505辆，同比增长29%。在车市持续下滑，尤其是诸多主流合资品牌均呈现负增长的态势下，吉利汽车持续保持稳健增长，助力中国品牌逆势上扬，自信向上。</p>\r\n<p>&nbsp;</p>\r\n<p style=\"text-align: center;\">&nbsp;<strong>“缤”系列：缤瑞、缤越齐破万辆&nbsp; 缤越首月销量迎来开门红</strong></p>\r\n<p>&nbsp; &nbsp; &nbsp; &nbsp;全新A+级运动风轿车——缤瑞，11月销量再创新高，达10,197辆，环比增长35%，上市仅三个月就迈进月销万辆阵营，累计销量达22,806辆。此外，12月1日起，缤瑞1.0TD国六车型已不加价上线供应，也将成缤瑞销量新的增长点。</p>\r\n<p style=\"text-align: center;\">&nbsp;</p>\r\n<p style=\"text-align: center;\"><a href=\"https://binrui.geely.com/binrui\"><img alt=\"缤瑞销量\" src=\"https://dm30webimages.geely.com/GeelyOfficial/Files/GeelyNews/NewsList/Content/2018/G-NEWS-1213/PC/2.jpg\" longdesc=\"11月销量缤越\" style=\"max-width: 100%; max-height: 100%; height: auto;\"></a></p>\r\n<p>\r\n&nbsp; &nbsp;<br>\r\n&nbsp; &nbsp; &nbsp; &nbsp;10月31日上市的吉利BMA全球基础模块化架构下首款SUV——缤越，上市首月即破万，达10,139辆，迎来上市开门红。据悉，目前缤越订单已突破3万辆，呈现出供不应求的热销势头。</p>\r\n<p>&nbsp;</p>\r\n<p style=\"text-align: center;\"><a href=\"https://binyue.geely.com/binyue\"><img alt=\"缤越销量\" src=\"https://dm30webimages.geely.com/GeelyOfficial/Files/GeelyNews/NewsList/Content/2018/G-NEWS-1213/PC/3.jpg\" longdesc=\"11月销量\" style=\"max-width: 100%; max-height: 100%; height: auto;\"></a></p>\r\n<p>&nbsp;</p>\r\n<p style=\"text-align: center;\"><strong>&nbsp;“博”字辈：博越登陆南美拓海外市场&nbsp; &nbsp;博瑞家族环比增长17%</strong></p>\r\n<p>&nbsp; &nbsp; &nbsp; &nbsp;11月，博越销量为19,575辆。今年1-11月，累计销量达238,623辆。上市32个月以来，总销量已突破63万辆，再次彰显智能互联SUV的硬实力。值得一提的是，11月27日，吉利博越（海外版）在智利正式上市，开启了博越在南美洲市场的新篇章。随着在白哈俄、南美、中东等海外市场崭露头角，博越已经成为吉利海外出口的排头兵，正在迈向全球经典SUV的行列，成为一款真正意义上的全球品质车。</p>\r\n<p>&nbsp;</p>\r\n<p style=\"text-align: center;\"><a href=\"https://boyue.geely.com/by\"><img alt=\"博越销量\" src=\"https://dm30webimages.geely.com/GeelyOfficial/Files/GeelyNews/NewsList/Content/2018/G-NEWS-1213/PC/4.jpg\" longdesc=\"11月销量 \" style=\"max-width: 100%; max-height: 100%; height: auto;\"></a></p>\r\n<p>&nbsp;</p>\r\n<p>&nbsp; &nbsp; &nbsp; &nbsp;博瑞家族11月份销量为4,170辆，环比增长17%。1-11月，博瑞家族累计销量为42,699辆，同比增长12%。截至目前，博瑞家族总销量已达17万辆，继续竞逐主流B级车市场。</p>\r\n<p>&nbsp;</p>\r\n<p style=\"text-align: center;\"><a href=\"https://br.geely.com/brge\"><img alt=\"博瑞销量\" src=\"https://dm30webimages.geely.com/GeelyOfficial/Files/GeelyNews/NewsList/Content/2018/G-NEWS-1213/PC/5.jpg\" longdesc=\"11月销量\" style=\"max-width: 100%; max-height: 100%; height: auto;\"></a></p>\r\n<p>&nbsp;</p>\r\n<p style=\"text-align: center;\">&nbsp;<strong>帝豪家族：3款车型销量破万辆，全新帝豪破2万辆</strong></p>\r\n<p>&nbsp; &nbsp; &nbsp; &nbsp;11月，帝豪家族总销量为45,804辆。全新帝豪、帝豪GS、帝豪GL 3款车型持续保持破万势头，今年1-11月，帝豪家族累计销量为519,747辆。其中，全新帝豪11月销量高达20,514辆，1-11月累计销量为231,783辆，继续竞逐中国品牌轿车。帝豪上市9年来，累计销量突破160万辆，连续多年占据中国品牌轿车销量前列。</p>\r\n<p>&nbsp;</p>\r\n<p style=\"text-align: center;\"><a href=\"https://promotion.geely.com/emgrand/index.html\"><img alt=\"全新帝豪销量\" src=\"https://dm30webimages.geely.com/GeelyOfficial/Files/GeelyNews/NewsList/Content/2018/G-NEWS-1213/PC/6.jpg\" longdesc=\"11月销量\" style=\"max-width: 100%; max-height: 100%; height: auto;\"></a></p>\r\n<p>&nbsp;</p>\r\n<p style=\"text-align: left;\"><span style=\"text-align: center;\">&nbsp; &nbsp; &nbsp; &nbsp;除全新帝豪以外，帝豪家族其他成员的表现亦不负众望。帝豪GS，11月销量达11,852辆。1-11月份累计销量达146,906辆，同比增长12%，保持连续19个月销量破万的热销态势。</span></p>\r\n<p style=\"text-align: left;\"><span style=\"text-align: center;\">&nbsp;</span></p>\r\n<p style=\"text-align: center;\"><span style=\"text-align: center;\"><a href=\"https://dh.geely.com/dhgs\"><img alt=\"帝豪GS\" src=\"https://dm30webimages.geely.com/GeelyOfficial/Files/GeelyNews/NewsList/Content/2018/G-NEWS-1213/PC/7.jpg\" longdesc=\"月销量11\" style=\"max-width: 100%; max-height: 100%; height: auto;\"></a></span></p>\r\n<p style=\"text-align: left;\"><span style=\"text-align: center;\">&nbsp;</span></p>\r\n<p style=\"text-align: left;\"><span style=\"text-align: center;\">&nbsp; &nbsp; &nbsp; &nbsp;</span><span style=\"text-align: center;\">11月，帝豪GL销量稳健增长，达13,438辆，环比增长 5%。今年1-11月，累计销量达141,058，同比增长28%。上市26个月以来，帝豪GL累计销量超28万辆，持续布局中国A+级轿车市场。</span></p>\r\n<p style=\"text-align: left;\"><span style=\"text-align: center;\">&nbsp;</span></p>\r\n<p style=\"text-align: center;\"><span style=\"text-align: center;\"><a href=\"https://dh.geely.com/dhgl\"><img alt=\"帝豪GL\" src=\"https://dm30webimages.geely.com/GeelyOfficial/Files/GeelyNews/NewsList/Content/2018/G-NEWS-1213/PC/8.jpg\" longdesc=\"11月销量\" style=\"max-width: 100%; max-height: 100%; height: auto;\"></a></span><br>\r\n&nbsp; &nbsp; &nbsp; &nbsp;&nbsp;<br>\r\n<strong></strong></p>\r\n<p style=\"text-align: center;\"><strong>远景家族：11月总销量为38,639辆，3款车型销量破万</strong></p>\r\n<p style=\"text-align: left;\"><strong>&nbsp; &nbsp; &nbsp; &nbsp;</strong><span style=\"text-align: left;\">11月份，远景家族共销售38,639辆。1-11月，累计销量达442,121辆。全新远景11月销售12,915辆，今年前11月累计销量高达140,131辆，同比增长7%。</span></p>\r\n<p style=\"text-align: left;\"><span style=\"text-align: left;\">&nbsp;</span></p>\r\n<p style=\"text-align: center;\"><a href=\"https://yj.geely.com/xyj\"><img alt=\"全新帝豪销量\" src=\"https://dm30webimages.geely.com/GeelyOfficial/Files/GeelyNews/NewsList/Content/2018/G-NEWS-1213/PC/9.jpg\" longdesc=\"11月销量\" style=\"max-width: 100%; max-height: 100%; height: auto;\"></a></p>\r\n<p style=\"text-align: left;\"><span style=\"text-align: left;\">&nbsp;</span></p>\r\n<p>\r\n&nbsp; &nbsp; &nbsp; &nbsp;在SUV方面，远景家族的销量表现也十分亮眼。11月，新远景SUV、远景S1以及远景X3在11月销量分别为10,870辆、3,793辆和10,248辆。今年前11月，累计销量分别为110,618辆、66,089辆和113,864辆，助力吉利在SUV市场坚实发展。</p>\r\n<p>&nbsp;</p>\r\n<p style=\"text-align: center;\"><a href=\"https://yj.geely.com/yjsuv\"><img alt=\"新远景SUV销量\" src=\"https://dm30webimages.geely.com/GeelyOfficial/Files/GeelyNews/NewsList/Content/2018/G-NEWS-1213/PC/10.jpg\" longdesc=\"11月销量\" style=\"max-width: 100%; max-height: 100%; height: auto;\"></a></p>\r\n<p>&nbsp;</p>\r\n<p style=\"text-align: center;\">&nbsp;<strong>领克品牌：11月销量12,321辆再创新高&nbsp; 领克01上市一年累计销量近9万辆</strong></p>\r\n<p>&nbsp; &nbsp; &nbsp; &nbsp;11月，领克品牌旗下三款车型在11月销量齐发力，共销售12,321辆。今年1-11月份，领克品牌销量114,629辆，连续5个月销量过万，创造了业界瞩目的“领克速度”，成为中国汽车品牌向高端化突破的强劲力量。</p>\r\n<p>&nbsp;</p>\r\n<p style=\"text-align: center;\"><a href=\"http://www.lynkco.com.cn/zh-CN/Cars/03\"><img alt=\"领克03销量\" src=\"https://dm30webimages.geely.com/GeelyOfficial/Files/GeelyNews/NewsList/Content/2018/G-NEWS-1213/PC/11.jpg\" longdesc=\"11月销量\" style=\"width: 1540px; height: auto; max-width: 100%; max-height: 100%;\"></a></p>\r\n<p>\r\n&nbsp;<br>\r\n&nbsp; &nbsp; &nbsp; &nbsp;领克旗下首款领潮运动轿车——领克03，上市即呈热销态势，11月销量达4,011辆，相信产能跟进后，销量将继续攀升。高性能轿跑SUV——领克02，11月销量为3,008辆。由于受发动机核心零部件供货不足的影响，领克01在11月的销量为5,302辆，1-11月累计销售87,902辆。</p>\r\n<p>&nbsp; &nbsp; &nbsp; &nbsp;据了解，领克01上市一年来，累计交付量近9万辆。其中，领克01的主销车型80%为型Pro版及以上，加权平均价为18.18万元，领克01的产品力已经赢得市场认可，提升了领克品牌的溢价能力，更表明吉利集团品牌高端化步伐坚实有力，成果显著。</p>\r\n<p>&nbsp;</p>\r\n<p style=\"text-align: center;\"><a href=\"http://www.lynkco.com.cn/Cars/01\"><img alt=\"领克01销量\" src=\"https://dm30webimages.geely.com/GeelyOfficial/Files/GeelyNews/NewsList/Content/2018/G-NEWS-1213/PC/12.jpg\" longdesc=\"11月销量\" style=\"max-width: 100%; max-height: 100%; height: auto;\"></a></p>\r\n<p>\r\n&nbsp;<br>\r\n&nbsp; &nbsp; &nbsp; &nbsp;纵然寒风凛冽，但疾风知劲草，吉利汽车又一次逆流而上，实现了稳健增长，展示了其冬泳的强劲体魄，为中国品牌树立了向上的信心。随着缤瑞、缤越、领克02、领克03等新品的热销上量，以及现有车型的稳定表现，我们相信，在车市凛冬之下，吉利汽车定能坚定信心，锻炼好过冬体质，砥砺前行，必将迎来春暖花开。</p>\r\n<br>\r\n            <br>\r\n        </div>', 0, '2018-12-06 00:00:00', NULL, 1, 'https://dm30webimages.geely.com/GeelyOfficial/Files/GeelyNews/NewsList/Content/2018/G-NEWS-1213/M/fm.jpg', 0),
(13, '1-10月同比增长33% 吉利汽车10月销量128,986辆', '1-10月同比增长33% 吉利汽车10月销量128,986辆', '<div class=\"rich_text_content\" style=\"min-height: 30px; font-size: 16px; line-height: 25px;\">\r\n            <br>\r\n            <p>&nbsp; &nbsp; &nbsp; &nbsp;11月6日，吉利汽车（HK0175）发布了10月份销量公告：当月销量为128,986辆，同比增长3%。其中，博越、帝豪GS、帝豪GL、全新帝豪、远景SUV、新远景、远景X3共7款车型销量过万辆。值得一提的是，博越和帝豪月销持续破2万辆，今年新推出的缤瑞、领克02 也创下销量新高。博瑞GE、帝豪EV450等新能源及电气化车型10月共销售8101辆。</p>\r\n<p>&nbsp;</p>\r\n<p style=\"text-align: center;\"><a href=\"http://www.geely.com/\"><img alt=\"吉利10月销量\" src=\"https://dm30webimages.geely.com/GeelyOfficial/Files/GeelyNews/NewsList/Content/2018/G-NEWS-1112/PC1112/1.jpg\" longdesc=\"10月销量\" style=\"max-width: 100%; max-height: 100%; height: auto;\"></a></p>\r\n<p style=\"text-align: center;\">&nbsp;</p>\r\n<p>&nbsp; &nbsp; &nbsp; &nbsp;今年1-10月，吉利汽车总销量达1,265,844辆，同比增长33%，已完成全年158万销量目标的80%。在车市持续低迷的严峻形势下，吉利继续以高于行业水平的增幅逆势上扬，展示了其良好的发展态势，提振了中国品牌向上的信心。</p>\r\n<p>&nbsp;</p>\r\n<p style=\"text-align: center;\"><strong>“博”字辈：10月总销量23,805辆，博越销量继续破2万辆</strong></p>\r\n<p>&nbsp; &nbsp; &nbsp; &nbsp;智能互联SUV吉利博越10 月销量达20,247辆。今年1-10月，累计销量达219,048辆。上市31个月来，博越总销量已突破60万辆，再次以业界瞩目的“博越速度”诠释了“三好SUV”的销量传奇。</p>\r\n<p style=\"text-align: center;\">&nbsp;</p>\r\n<p style=\"text-align: center;\"><a href=\"https://boyue.geely.com/by\"><img alt=\"博越10月销量\" src=\"https://dm30webimages.geely.com/GeelyOfficial/Files/GeelyNews/NewsList/Content/2018/G-NEWS-1112/PC1112/2.jpg\" longdesc=\"10月销量\" style=\"max-width: 100%; max-height: 100%; height: auto;\"></a></p>\r\n<p style=\"text-align: center;\">&nbsp;</p>\r\n<p>&nbsp; &nbsp; &nbsp; &nbsp;博瑞家族10月份销量为3,558辆。1-10月，博瑞家族累计销量达38,529辆，相较去年同期增长超13%，继续逐力中国品牌中高端轿车市场。</p>\r\n<p>&nbsp;</p>\r\n<p style=\"text-align: center;\"><a href=\"https://br.geely.com/brge\"><img alt=\"博瑞10月销量\" src=\"https://dm30webimages.geely.com/GeelyOfficial/Files/GeelyNews/NewsList/Content/2018/G-NEWS-1112/PC1112/3.jpg\" longdesc=\"10月销量\" style=\"max-width: 100%; max-height: 100%; height: auto;\"></a></p>\r\n<p style=\"text-align: center;\"><strong>&nbsp;</strong></p>\r\n<p style=\"text-align: center;\"><strong>“缤”系列：缤瑞10月销量7,580辆，缤越订单超2万</strong></p>\r\n<p>&nbsp; &nbsp; &nbsp; &nbsp; 8月底上市的全新A+级运动风轿车——缤瑞，10月销量再创新高，达到了7,580辆，环比增长50%。随着年底车市旺季及产能的逐渐释放，年内月销破万指日可待。</p>\r\n<p>&nbsp;</p>\r\n<p style=\"text-align: center;\"><a href=\"https://binrui.geely.com/binrui\"><img alt=\"缤瑞10月销量\" src=\"https://dm30webimages.geely.com/GeelyOfficial/Files/GeelyNews/NewsList/Content/2018/G-NEWS-1112/PC1112/4.jpg\" longdesc=\"10月销量\" style=\"max-width: 100%; max-height: 100%; height: auto;\"></a></p>\r\n<p style=\"text-align: center;\">&nbsp;</p>\r\n<p>&nbsp; &nbsp; &nbsp; &nbsp;备受关注的吉利BMA基础模块化架构下的首款SUV——缤越已于10月31日正式上市，凭借年轻、时尚、智能、运动等“天生好底子”的潮流极速基因，缤越自亮相以来就备受市场青睐，目前订单量已超2万，上市仅5天，首批3000多辆已成功交付，展示出上市即热销的爆款潜质。</p>\r\n<p>&nbsp;</p>\r\n<p style=\"text-align: center;\"><a href=\"https://binyue.geely.com/binyue\"><img alt=\"缤越10月销量\" src=\"https://dm30webimages.geely.com/GeelyOfficial/Files/GeelyNews/NewsList/Content/2018/G-NEWS-1112/PC1112/5.jpg\" longdesc=\"10月销量\" style=\"max-width: 100%; max-height: 100%; height: auto;\"></a></p>\r\n<p style=\"text-align: center;\">&nbsp;<br>\r\n<strong>帝豪家族：10月总销量45,231辆，3款车型均破万辆</strong></p>\r\n<p>&nbsp; &nbsp; &nbsp; &nbsp;帝豪家族10月份总销量45,231辆，今年前10月，累计销量已达473,943辆，占吉利整体销量超过三分之一。其中，帝豪GL在10月销量12,857辆，今年1-10月累计销量为127,620辆，同比增长33%，持续发力中国品牌A+级轿车市场。</p>\r\n<p>&nbsp;</p>\r\n<p style=\"text-align: center;\"><a href=\"https://dh.geely.com/dhgl\"><img alt=\"帝豪GL10月销量\" src=\"https://dm30webimages.geely.com/GeelyOfficial/Files/GeelyNews/NewsList/Content/2018/G-NEWS-1112/PC1112/6.jpg\" longdesc=\"10月销量\" style=\"max-width: 100%; max-height: 100%; height: auto;\"></a></p>\r\n<p style=\"text-align: center;\">&nbsp;</p>\r\n<p>&nbsp; &nbsp; &nbsp; &nbsp;全新帝豪10月销量20,349辆，1-10月份，全新帝豪累计销量为211,269辆。帝豪GS 10月销量12,025辆，目前已连续18个月销量过万辆。今年1-10月，帝豪GS累计销量达135,054辆，同比增长18%，在跨界SUV市场中一枝独秀。</p>\r\n<p style=\"text-align: center;\">&nbsp;</p>\r\n<p style=\"text-align: center;\"><a href=\"https://dh.geely.com/dhgs\"><img alt=\"帝豪GS10月销量\" src=\"https://dm30webimages.geely.com/GeelyOfficial/Files/GeelyNews/NewsList/Content/2018/G-NEWS-1112/PC1112/7.jpg\" longdesc=\"10月销量\" style=\"max-width: 100%; max-height: 100%; height: auto;\"></a></p>\r\n<p style=\"text-align: center;\">&nbsp;<br>\r\n<strong>远景家族：10月总销量36,158辆，3款车型破万辆</strong></p>\r\n<p>&nbsp; &nbsp; &nbsp; &nbsp;作为吉利在A-级轿车市场的出色车型，全新远景10月销售11,200辆，今年1-10月累计销量已达127,216辆、同比增长11%。</p>\r\n<p>&nbsp;</p>\r\n<p style=\"text-align: center;\"><a href=\"https://yj.geely.com/yjx3\"><img alt=\"远景X3-10月销量\" src=\"https://dm30webimages.geely.com/GeelyOfficial/Files/GeelyNews/NewsList/Content/2018/G-NEWS-1112/PC1112/8.jpg\" longdesc=\"10月销量\" style=\"max-width: 100%; max-height: 100%; height: auto;\"></a></p>\r\n<p style=\"text-align: center;\">&nbsp;</p>\r\n<p>&nbsp; &nbsp; &nbsp; &nbsp;远景家族SUV产品市场表现也十分亮眼，新远景SUV、远景S1及远景X3在10月销量分别为10,090辆、4,109辆和10,546辆，今年前10月各自累计销量分别为99,748辆、62,296辆和103,616辆，助力吉利在SUV市场不断深耕细作。</p>\r\n<p>&nbsp;</p>\r\n<p style=\"text-align: center;\"><strong>领克品牌：10月总销量15207辆，再创新高</strong></p>\r\n<p>&nbsp; &nbsp; &nbsp; &nbsp;领克品牌销量在10月也迎来了新高，达到了15,207辆，1-10月累计销量已达102,308辆。其中，由于受发动机产能的影响，10月份领克01共销售8,476辆，1-10月累计共销售82,600辆；高性能轿跑SUV领克02车型10月销量为5,766辆，环比增长近4%，再创新高，上市4个月累计销量达18,743。随着领潮运动轿车——领克03的上市，领克品牌初步完成了SUV和轿车双线并进的立体化市场布局，更深入地征战中国主流汽车市场。</p>\r\n<p>&nbsp;</p>\r\n<p style=\"text-align: center;\"><a href=\"http://www.lynkco.com.cn/Cars/03\"><img alt=\"领克03-10月销量\" src=\"https://dm30webimages.geely.com/GeelyOfficial/Files/GeelyNews/NewsList/Content/2018/G-NEWS-1112/PC1112/9.jpg\" longdesc=\"10月销量\" style=\"max-width: 100%; max-height: 100%; height: auto;\"></a></p>\r\n<p style=\"text-align: center;\">&nbsp;</p>\r\n<p>&nbsp; &nbsp; &nbsp; &nbsp;在当前“跌跌不休”的市场环境下，尤其是中国品牌占有率跌破39%，创三年来历史新低的大势下，吉利汽车再次逆势上扬，持续保持正向增长，为低迷的车市及中国品牌增添了一抹亮色。随着缤越、缤瑞、领克03等全新产品的逐渐发力，以及年底旺季的到来，吉利汽车11月份销量也有望再攀高峰。</p>\r\n<div>&nbsp;</div>\r\n            <br>\r\n        </div>', 0, '2018-11-12 00:00:00', NULL, 1, 'https://dm30webimages.geely.com/GeelyOfficial/Files/GeelyNews/NewsList/Content/2018/G-NEWS-1112/PC1112/FML.jpg', 0);
INSERT INTO `news` (`id`, `title`, `description`, `content`, `bowser_count`, `create_time`, `mod_time`, `like_count`, `news_pic`, `share_count`) VALUES
(14, '售价7.88万-11.88万元 吉利缤越正式上市', '售价7.88万-11.88万元 吉利缤越正式上市', '<div class=\"rich_text_content\" style=\"min-height: 30px; font-size: 16px; line-height: 25px;\">\r\n            <br>\r\n            <p>&nbsp; &nbsp; &nbsp; &nbsp;（2018年10月31日，浙江德清） 备受关注的吉利BMA基础模块化架构下的首款SUV——缤越在莫干山正式上市。新车共推出G-Power 260T和G-Power 200T两种排量共5款车型，官方指导价为7.88—11.88万元。作为吉利又一款从对标走向立标的全球战略车型，缤越凭借年轻、时尚、智能、运动的潮流极速基因，真正引领中国汽车实现了从“配置领先“到”技术领先“的品牌升级，实现A级SUV的新跨越。&nbsp;</p>\r\n<p>&nbsp;</p>\r\n<p style=\"text-align: center;\"><a href=\"https://binyue.geely.com/binyue\"><img alt=\"缤越公布销售价格\" src=\"https://dm30webimages.geely.com/GeelyOfficial/Files/GeelyNews/NewsList/Content/2018/G-NEWS-1107/1.jpg\" longdesc=\"缤越上市\" style=\"max-width: 100%; max-height: 100%; height: auto;\"></a>&nbsp;（图为吉利品牌销售公司常务副总经理 宋军公布价格）</p>\r\n<p style=\"text-align: center;\">&nbsp;</p>\r\n<p>&nbsp; &nbsp; &nbsp; &nbsp;同时，为了让用户更轻松的拥有和放心使用缤越，吉利还推出了“轻松购车计划”。其中，2018年10月31日前在吉利官方商城上订车用户，更可获赠3888元尊享礼包。2018年12月31日前订车的用户，可畅享5年免费4G流量；此外，还推出“慧享车”三年保值购车金融计划，发动机主要零部件提供8年或30万公里的超长质保。缤越运动款车型可选装价值5000元的个性运动套件，包含双色车顶、马牌轮胎、运动大尾翼、碳纤维装饰后视镜，现在购买仅需3000元即可拥有。</p>\r\n<p>&nbsp;</p>\r\n<p style=\"text-align: center;\"><strong>天生好底子&nbsp; 缤越G-Power 260T车型百公里加速仅需7.9S</strong></p>\r\n<p>&nbsp; &nbsp; &nbsp; &nbsp;为了给年轻消费者提供更为轻松愉悦的极致驾驶体验，吉利汽车汇聚全球500多位具有丰富模块化架构项目开发和管理经验的专家，历时4年正向研发出了BMA全球基础模块化架构。依托于高度的灵活性和可扩展性，以及在主动安全、车联网、新能源和自动驾驶等领域的前瞻技术，不仅为吉利全面参与全球市场竞争提供了重要战略支撑，也意味着吉利全面迈入了模块化造车的全新时代。</p>\r\n<p>&nbsp;</p>\r\n<p style=\"text-align: center;\"><a href=\"https://binyue.geely.com/binyue\"><img alt=\"缤越产品信息\" src=\"https://dm30webimages.geely.com/GeelyOfficial/Files/GeelyNews/NewsList/Content/2018/G-NEWS-1107/2.jpg\" longdesc=\"缤越上市\" style=\"max-width: 100%; max-height: 100%; height: auto;\"></a></p>\r\n<p style=\"text-align: center;\">（图为吉利品牌研究院副院长、BMA项目负责人 康国旺 讲解缤越产品信息）</p>\r\n<p style=\"text-align: center;\">&nbsp;</p>\r\n<p>&nbsp; &nbsp; &nbsp; &nbsp;得益于BMA模块化架构的先天技术优势，作为该架构下的首款SUV——吉利缤越“天生好底子”。在发动机和变速箱上更实现了技术立标。缤越搭载了G-Power 260T+7DCT（湿式），以及G-Power 200T+6MT两种动力组合，兼顾性能的时候提升节油率。</p>\r\n<p>&nbsp;</p>\r\n<p style=\"text-align: center;\"><a href=\"https://binyue.geely.com/binyue\"><img alt=\"缤越上市发布会\" src=\"https://dm30webimages.geely.com/GeelyOfficial/Files/GeelyNews/NewsList/Content/2018/G-NEWS-1107/3.jpg\" longdesc=\"缤越上市\" style=\"max-width: 100%; max-height: 100%; height: auto;\"></a></p>\r\n<p style=\"text-align: center;\">&nbsp;</p>\r\n<p>&nbsp; &nbsp; &nbsp; &nbsp;吉利缤越G-Power 260T车型搭载了吉利与沃尔沃联合研发的1.5TD发动机，该发动机最大功率为130kW，最大扭矩达到255N•m。7DCT湿式双离合变速箱也是吉利与沃尔沃联合研发，传动效率高达97%，0.2秒内即可完成换挡。缤越G-Power 260T车型百公里加速仅需7.9S，百公里制动36.5m，综合油耗低至6.1L。</p>\r\n<p>&nbsp; &nbsp; &nbsp; &nbsp;吉利缤越G-Power 200T车型搭载了吉利自主研发的1.0TD发动机，该发动机最大功率100kW，最大扭矩205N•m，匹配6MT变速箱，整车综合油耗低至5.3L，完美兼顾了动力性和燃油经济性。</p>\r\n<p>&nbsp;</p>\r\n<p style=\"text-align: center;\"><a href=\"https://binyue.geely.com/binyue\"><img alt=\"吉利缤越\" src=\"https://dm30webimages.geely.com/GeelyOfficial/Files/GeelyNews/NewsList/Content/2018/G-NEWS-1107/4.jpg\" longdesc=\"缤越上市\" style=\"width: 1540px; height: auto; max-width: 100%; max-height: 100%;\"></a></p>\r\n<p style=\"text-align: center;\">&nbsp;</p>\r\n<p>\r\n&nbsp; &nbsp; &nbsp; &nbsp;作为一款全球战略车型，吉利缤越在研发的过程中更是经历了严苛的全球验证测试。其中动力总成的测试足迹遍布亚洲、非洲、欧洲和北美洲四大洲，其中G-Power 260T发动机更是完成了超过1200万公里全球测试，测试里程可绕地球300圈，试验范围之广、累计里程数之长在行业内都极为罕见。7DCT变速箱累计测试里程超过600万公里，覆盖了四大洲的所有复杂工况。</p>\r\n<p>&nbsp;</p>\r\n<p style=\"text-align: center;\"><a href=\"https://binyue.geely.com/binyue\"><img alt=\"缤越底盘\" src=\"https://dm30webimages.geely.com/GeelyOfficial/Files/GeelyNews/NewsList/Content/2018/G-NEWS-1107/5.jpg\" longdesc=\"缤越上市\" style=\"width: 1540px; height: auto; max-width: 100%; max-height: 100%;\"></a></p>\r\n<p style=\"text-align: center;\">&nbsp;</p>\r\n<p>\r\n&nbsp; &nbsp; &nbsp; &nbsp;卓越的底盘和悬架性能，造就了吉利缤越优异的操控性。为了获得更舒适的减震性能和更稳定的行驶性能，缤越的底盘历经了超过100次整车虚拟分析，以及200组+的实车调校分配，并在K&amp;C实验室和24通道试验室，进行了超过100万公里的模拟真实路跑测试。</p>\r\n<p>&nbsp;</p>\r\n<p style=\"text-align: center;\"><strong>L2级智能驾驶，刷新A级SUV智能驾驶体验</strong></p>\r\n<p>\r\n&nbsp; &nbsp; &nbsp; &nbsp;在年轻消费者关注的智能化配置方面，吉利缤越拥有L2级智能驾驶技术，以及更智慧的360°立体安全识别圈，提高了A级SUV的智能驾驶体验。</p>\r\n<p style=\"text-align: center;\">&nbsp;</p>\r\n<p style=\"text-align: center;\"><a href=\"https://binyue.geely.com/binyue\"><img alt=\"L2级智能驾驶技术\" src=\"https://dm30webimages.geely.com/GeelyOfficial/Files/GeelyNews/NewsList/Content/2018/G-NEWS-1107/6.jpg\" longdesc=\"缤越上市\" style=\"max-width: 100%; max-height: 100%; height: auto;\"></a></p>\r\n<p style=\"text-align: center;\">&nbsp;</p>\r\n<p>\r\n&nbsp; &nbsp; &nbsp; &nbsp;吉利缤越搭载的ICC 智能领航系统，采用毫米波雷达和摄像头融合的方案，不仅可以实现0-150km/h的全速范围内自动跟车，更可以结合前车状态、车道情况实现变道，真正实现了全速、全时、全向的智能驾驶。APA全自动泊车系统，可一键实现水平、垂直泊入和水平泊出功能，整个过程中驾驶员均无需控制方向盘、油门及刹车。</p>\r\n<p>&nbsp;</p>\r\n<p style=\"text-align: center;\"><a href=\"https://binyue.geely.com/binyue\"><img alt=\"ICC 智能领航系统\" src=\"https://dm30webimages.geely.com/GeelyOfficial/Files/GeelyNews/NewsList/Content/2018/G-NEWS-1107/7.jpg\" longdesc=\"缤越上市\" style=\"max-width: 100%; max-height: 100%; height: auto;\"></a></p>\r\n<p>&nbsp;</p>\r\n<p>\r\n&nbsp; &nbsp; &nbsp; &nbsp;除了领先的智能驾驶科技，吉利缤越还为用户构筑了更智慧的360°立体安全识别圈，让智能驾驶更加安全。缤越全系标配了全新一代ESC车身电子稳定系统，同级独有的AEB-P带行人识别的城市预碰撞安全系统，可识别车辆及身高80cm以上的行人，提前2s以上感知碰撞风险，在相对时速40km/h以内实现自动刹停；BSD盲点监测、TPMS智能胎温&amp;胎压监测系统、360°百万高清全景影像、智能高清车载行车记录仪等安全配置，更为智能驾驶提供全方位的安全保护。</p>\r\n<p>&nbsp;</p>\r\n<p style=\"text-align: center;\"><strong>更聪明的吉客智能生态系统，让出行更智慧</strong></p>\r\n<p>\r\n&nbsp; &nbsp; &nbsp; &nbsp;在智能互联等舒适性配置上，吉利缤越更是凭借更智能化的车机系统与丰富的人性化科技配置，将为消费者带来更富智慧、更加人性化的出行体验。</p>\r\n<p>&nbsp;</p>\r\n<p style=\"text-align: center;\"><a href=\"https://binyue.geely.com/binyue\"><img alt=\"缤越智能互联\" src=\"https://dm30webimages.geely.com/GeelyOfficial/Files/GeelyNews/NewsList/Content/2018/G-NEWS-1107/8.jpg\" longdesc=\"缤越上市\" style=\"max-width: 100%; max-height: 100%; height: auto;\"></a></p>\r\n<p style=\"text-align: center;\">&nbsp;</p>\r\n<p>\r\n&nbsp; &nbsp; &nbsp; &nbsp;缤越搭载了吉利最新一代的GKUI“吉客智能生态系统”，具有能听、会行、爱说、智控等特点，可实现3种个性化唤醒、在线伴听、多媒体、语音交互、高德导航、APP应用市场等多项智能功能。值得一提的是，GKUI在线首版权音乐达到了1400多万首；高德导航实现实时更新、实时路况导航的同时可接收微信好友的地址，结伴出行更便捷；语音交互可实现控制天窗、车窗、空调、云端语音控制、生活辅助、全局打断等多项指令，并支持对广东话、四川话、湖南话、河南话、台湾话、东北话6大方言的识别。此外，该系统还支持4G通讯+车载wifi，实现一车多设备持久在线，为用户带来全新智能交互体验。</p>\r\n<p>&nbsp;</p>\r\n<p style=\"text-align: center;\"><a href=\"https://binyue.geely.com/binyue\"><img alt=\"缤越高智能系统\" src=\"https://dm30webimages.geely.com/GeelyOfficial/Files/GeelyNews/NewsList/Content/2018/G-NEWS-1107/9.jpg\" longdesc=\"缤越上市\" style=\"max-width: 100%; max-height: 100%; height: auto;\"></a></p>\r\n<p style=\"text-align: center;\">&nbsp;</p>\r\n<p>\r\n&nbsp; &nbsp; &nbsp; &nbsp;此外，吉利缤越还内置了T-BOX远程控制系统，通过手机app可实现远程启动发动机、空调、空气净化器、座椅加热，以及开闭车门、操控后备箱和车辆定位等85项车辆控制和车辆信息查询功能。</p>\r\n<p>&nbsp;</p>\r\n<p style=\"text-align: center;\"><a href=\"https://binyue.geely.com/binyue\"><img alt=\"T-BOX远程控制系\" src=\"https://dm30webimages.geely.com/GeelyOfficial/Files/GeelyNews/NewsList/Content/2018/G-NEWS-1107/10.jpg\" longdesc=\"缤越上市\" style=\"max-width: 100%; max-height: 100%; height: auto;\"></a></p>\r\n<p>&nbsp;<br>\r\n&nbsp; &nbsp; &nbsp; &nbsp;秉承生态造车的理念，吉利缤越同时还为驾乘人员打造了同级独享的“生态净化舱”。缤越采用大量环保原材料和工艺打造了6.5级整车气味性，从源头抵制材料污染。配备AQS空气质量管理系统与PM2.5过滤和负离子空气净化系统，可快速净化整车空气，实时释放浓度高达2万个/cm³负离子，打造出美森林氧吧级的驾乘环境。</p>\r\n<p>&nbsp; &nbsp; &nbsp; &nbsp;吉利缤越长宽高分别为4330×1800×1609mm，轴距为2600mm，得益于BMA架构高空间利用率的优势，缤越天生大空间，在车长不变的前提下，通过减小前机舱的布置空间，轴距利用率达到68.7%，营造了宽敞舒适的乘坐空间。此外，缤越还具有更佳的方向盘到座椅间隙、门洞尺寸、门槛尺寸、上下车通道宽度，让不同体格的人上下车都能获得更加轻松便利的体验。</p>\r\n<p>&nbsp;</p>\r\n<p style=\"text-align: center;\"><strong>全新黑色车标、双色车身，诠释SUV的力量之美</strong></p>\r\n<p>\r\n&nbsp; &nbsp; &nbsp; &nbsp;在造型设计上，吉利缤越采用了吉利最新的“时光竞速美学”设计语言，并从都市中饱含自信、敢于挑战自我的年轻人的运动体态中汲取设计灵感，以“翼展”的元素为缤越塑造出了特有“年轻的力量之美”。</p>\r\n<p>&nbsp;</p>\r\n<p style=\"text-align: center;\"><a href=\"https://binyue.geely.com/binyue\"><img alt=\"时光竞速美学\" src=\"https://dm30webimages.geely.com/GeelyOfficial/Files/GeelyNews/NewsList/Content/2018/G-NEWS-1107/11.jpg\" longdesc=\"缤越上市\" style=\"max-width: 100%; max-height: 100%; height: auto;\"></a></p>\r\n<p>&nbsp;<br>\r\n&nbsp; &nbsp; &nbsp; &nbsp;外观方面，缤越星空回想前格栅营造出浩瀚星宇的深邃，流光翼动前大灯流光溢彩、璀璨夺目，从车头贯穿至车尾的翼展式腰线勾勒出生命的动感力量，时光之翼后尾灯动感时尚，识别度很高。吉利缤越运动款车型则更件强调对性能的提升，采用了飞行器前保险杠，为进入底盘的空气疏导、引流，提高了车辆的行驶稳定性。</p>\r\n<p>&nbsp;</p>\r\n<p style=\"text-align: center;\"><a href=\"https://binyue.geely.com/binyue\"><img alt=\"缤越外观\" src=\"https://dm30webimages.geely.com/GeelyOfficial/Files/GeelyNews/NewsList/Content/2018/G-NEWS-1107/12.jpg\" longdesc=\"缤越上市\" style=\"max-width: 100%; max-height: 100%; height: auto;\"></a></p>\r\n<p>&nbsp;<br>\r\n&nbsp; &nbsp; &nbsp; &nbsp;值得一提的是，缤越的运动款车型采用了吉利全新的黑色车标、红黑双色搭配的前格栅，辅以碳纤维纹理装饰的后视镜、四个赛车运动的排气管，尽显个性与运动。此外，运动版车型还提供不同撞色车身设计的版本，满足消费者对个性设计的追求。</p>\r\n<p>&nbsp;</p>\r\n<p style=\"text-align: center;\"><a href=\"https://binyue.geely.com/binyue\"><img alt=\"缤越个性内饰\" src=\"https://dm30webimages.geely.com/GeelyOfficial/Files/GeelyNews/NewsList/Content/2018/G-NEWS-1107/13.jpg\" longdesc=\"缤越上市\" style=\"max-width: 100%; max-height: 100%; height: auto;\"></a></p>\r\n<p>&nbsp;<br>\r\n&nbsp; &nbsp; &nbsp; &nbsp;内饰方面，吉利缤越为用户打造了环抱式飞行器驾驶舱，科技感十足。仪表板采用鲜明的翼展曲线从屏幕贯穿至门板，营造出宽阔的视觉感受，7英寸液晶组合仪表可实现电话、多媒体、导航、 驾驶辅助信息等5大信息显示，10.25英寸高清悬浮式中控大屏采用独特的8：3超大宽屏设计，1920*720分辨率的HD全高清显示带来影院级的视听感受。液晶仪表可与中央触控屏功能互动显示，操作更便利。</p>\r\n<p>&nbsp;</p>\r\n<p style=\"text-align: center;\"><a href=\"https://binyue.geely.com/binyue\"><img alt=\"缤越驾驶舱\" src=\"https://dm30webimages.geely.com/GeelyOfficial/Files/GeelyNews/NewsList/Content/2018/G-NEWS-1107/14.jpg\" longdesc=\"缤越上市\" style=\"max-width: 100%; max-height: 100%; height: auto;\"></a>&nbsp;</p>\r\n<p>\r\n&nbsp; &nbsp; &nbsp; &nbsp;内饰板大面积采用哑光金属拉丝饰条，取自超音速战机、星河战舰等科幻元素灵感设计的势能电子换挡器、星舰空调尾擎出风口等也成为了独树一帜的内饰元素。细节上，D型皮质多功能方向盘、钢琴式空调按键等，不仅兼顾视觉效果，同时在功能方面也为消费者打造出了更佳的手感和实用性。另外，缤越的内饰提供了炫酷全黑、典雅棕黑、动感红黑三种配色。为了彰显运动属性，缤越运动款采用红黑撞色配色的同时并配有运动版专属座椅。</p>\r\n<p>&nbsp;</p>\r\n<p style=\"text-align: center;\"><a href=\"https://binyue.geely.com/binyue\"><img alt=\"缤越运动款\" src=\"https://dm30webimages.geely.com/GeelyOfficial/Files/GeelyNews/NewsList/Content/2018/G-NEWS-1107/15.jpg\" longdesc=\"缤越上市\" style=\"max-width: 100%; max-height: 100%; height: auto;\"></a></p>\r\n<p style=\"text-align: center;\">&nbsp;</p>\r\n<p>\r\n&nbsp; &nbsp; &nbsp; &nbsp;凭借着领先的BMA模块化架构，发动机、变速箱等三大件的技术革新，出众的造型设计、L2级智能驾驶技术，以及丰富越级的智能和安全配置，吉利缤越全面诠释了“高动力智慧SUV“的品质内涵。作为吉利品牌走向高技术、精品化时代的代表车型之一，缤越不仅丰富了吉利“缤系”家族的产品谱系，成为吉利征战SUV市场的又一生力军。</p>\r\n<div>&nbsp;</div>\r\n            <br>\r\n        </div>', 1, '2018-10-31 00:00:00', NULL, 3, 'https://dm30webimages.geely.com/GeelyOfficial/Files/ImageSource/NEWS/BINYUENEWS.jpg', 0),
(15, '吉利汽车9月销量12.44万辆 同比增长14%', '吉利汽车9月销量12.44万辆 同比增长14%', '<div class=\"rich_text_content\" style=\"min-height: 30px; font-size: 16px; line-height: 25px;\">\r\n            <br>\r\n            <p>&nbsp; &nbsp; &nbsp; &nbsp;10月8日，吉利汽车（HK0175）发布了9月份销量公告：当月销量为124,429辆，同比增长14%。其中，博越、帝豪GS、帝豪GL、全新帝豪等多款车型销量过万辆。今年1-9月，吉利汽车总销量达1,136,858辆，同比增长37%，已完成全年158万销量目标的72%。在整体车市增长乏力的大趋势下，吉利汽车再次以高于行业的增幅逆市上扬，展现出强大的市场号召力。</p>\r\n<p>&nbsp;</p>\r\n<p style=\"text-align: center;\"><a href=\"http://www.geely.com/\"><img alt=\"吉利汽车9月销量\" src=\"https://geely-portal-prod-ntt-obs-02.obs.myhwclouds.com/GeelyOfficial/Files/ImageSource/NEWS/G-NEWS-1012/9YUEXL/PC/1.jpg\" longdesc=\"9月销量\" style=\"max-width: 100%; max-height: 100%; height: auto;\"></a></p>\r\n<p>&nbsp;</p>\r\n<p style=\"text-align: center;\"><strong>轿车：帝豪销量破2万辆，缤瑞首月销量5,029辆，博瑞家族5,289辆</strong></p>\r\n<p>\r\n&nbsp; &nbsp; &nbsp; &nbsp;9月份，吉利轿车销量取得了53409辆的亮眼成绩。值得一提的是，自8月底缤瑞正式推向市场后，吉利在A级轿车市场形成了帝豪GL、缤瑞、帝豪以及远景“四张王牌”，全面竞逐A+、A、A-等各细分市场，并在9月热销47,894辆。</p>\r\n<p>&nbsp;</p>\r\n<p style=\"text-align: center;\"><a href=\"https://dh.geely.com/dhgl\"><img alt=\"帝豪GL9月销量\" src=\"https://geely-portal-prod-ntt-obs-02.obs.myhwclouds.com/GeelyOfficial/Files/ImageSource/NEWS/G-NEWS-1012/9YUEXL/PC/2.jpg\" longdesc=\"9月销量\" style=\"max-width: 100%; max-height: 100%; height: auto;\"></a></p>\r\n<p>\r\n&nbsp;<br>\r\n&nbsp; &nbsp; &nbsp; &nbsp;具体来看，帝豪GL在9月销售12,515辆，目前总销量已超过26万辆，为上市2周年交上了一份亮眼的销量答卷。</p>\r\n<p>&nbsp;</p>\r\n<p style=\"text-align: center;\"><a href=\"https://binrui.geely.com/binrui\"><img alt=\"缤瑞9月销量\" src=\"https://geely-portal-prod-ntt-obs-02.obs.myhwclouds.com/GeelyOfficial/Files/ImageSource/NEWS/G-NEWS-1012/9YUEXL/PC/3.jpg\" style=\"max-width: 100%; max-height: 100%; height: auto;\"></a></p>\r\n<p>\r\n&nbsp;<br>\r\n&nbsp; &nbsp; &nbsp; &nbsp;作为目前市场上10万元级搭载L2级别智能驾驶车型，全新A+级运动风轿车缤瑞上市首月即热销5,029辆，目前订单量已超3万辆。随着新车产能的逐渐释放，未来销量也将再创新高。</p>\r\n<p>&nbsp;</p>\r\n<p style=\"text-align: center;\"><img alt=\"全新帝豪9月销量\" src=\"https://geely-portal-prod-ntt-obs-02.obs.myhwclouds.com/GeelyOfficial/Files/ImageSource/NEWS/G-NEWS-1012/9YUEXL/PC/4.jpg\" longdesc=\"9月销量\" style=\"max-width: 100%; max-height: 100%; height: auto;\"></p>\r\n<p>\r\n&nbsp;<br>\r\n&nbsp; &nbsp; &nbsp; &nbsp;国民级家轿——全新帝豪9月销量达20,077辆，1-9月份，全新帝豪累计销量为190,920辆。全新远景9月销售10,273辆，今年1-9月累计销量已达116,016辆、同比增长13%，持续助力吉利布局A级轿车市场。</p>\r\n<p>&nbsp;</p>\r\n<p style=\"text-align: center;\"><a href=\"https://br.geely.com/brge\"><img alt=\"博瑞GE9月销量\" src=\"https://geely-portal-prod-ntt-obs-02.obs.myhwclouds.com/GeelyOfficial/Files/ImageSource/NEWS/G-NEWS-1012/9YUEXL/PC/5.jpg\" longdesc=\"9月销量\" style=\"max-width: 100%; max-height: 100%; height: auto;\"></a></p>\r\n<p>\r\n&nbsp;<br>\r\n&nbsp; &nbsp; &nbsp; &nbsp;B级车领域，博瑞家族9月份取得了销售5,289辆、同比劲增38%的销量成绩。令人瞩目的是，35辆吉利博瑞GE外事礼宾用车于9月7日正式交付给了北京外交人员服务局，摩洛哥，圣多美和普林西比，黑山，亚美尼亚，津巴布韦五国驻华使节也正式成为了博瑞GE的新用户。目前，博瑞家族已连续4年成为了外事礼宾用车和驻华使节指定用车。</p>\r\n<p style=\"text-align: center;\"><strong>SUV：博越销量再破2万辆，领克品牌创销量新高</strong></p>\r\n<p>&nbsp; &nbsp; &nbsp; &nbsp;9月份，吉利SUV车型持续发力，取得了71,020辆的销量成绩。今年1-9月，吉利SUV共销售660,239辆，在整体销量占比58%，持续保持着轿车和SUV齐头并进的稳健发展势头。</p>\r\n<p>&nbsp;</p>\r\n<p style=\"text-align: center;\"><a href=\"https://boyue.geely.com/by\"><img alt=\"博越9月销量\" src=\"https://geely-portal-prod-ntt-obs-02.obs.myhwclouds.com/GeelyOfficial/Files/ImageSource/NEWS/G-NEWS-1012/9YUEXL/PC/6.jpg\" longdesc=\"9月销量\" style=\"max-width: 100%; max-height: 100%; height: auto;\"></a></p>\r\n<p>\r\n&nbsp;<br>\r\n&nbsp; &nbsp; &nbsp; &nbsp;具体来看，博越在9月份再次回到2万辆阵营，达到了21,268辆，今年累计销量达198,801辆。帝豪GS则继续发力跨界SUV市场，9月销量13,388辆，今年1-9月总销量达123,029辆，同比增长超25%。</p>\r\n<p>&nbsp;</p>\r\n<p style=\"text-align: center;\"><a href=\"https://dh.geely.com/dhgs\"><img alt=\"帝豪GS9月销量\" src=\"https://geely-portal-prod-ntt-obs-02.obs.myhwclouds.com/GeelyOfficial/Files/ImageSource/NEWS/G-NEWS-1012/9YUEXL/PC/7.jpg\" longdesc=\"9月销量\" style=\"max-width: 100%; max-height: 100%; height: auto;\"></a></p>\r\n<p>\r\n&nbsp;<br>\r\n&nbsp; &nbsp; &nbsp; &nbsp;远景家族SUV阵营也在9月交出亮眼成绩单，新远景SUV、远景S1及远景X3在9月销量分别为8,461辆、4,028辆和8,552辆，今年前9月各自累计销量分别为89,658辆、58,187辆和93,070辆，成为吉利在SUV市场不断突破的基石。</p>\r\n<p>&nbsp;</p>\r\n<p style=\"text-align: center;\"><a href=\"http://www.lynkco.com.cn/Cars/02\"><img alt=\"领克02-9月销量\" src=\"https://geely-portal-prod-ntt-obs-02.obs.myhwclouds.com/GeelyOfficial/Files/ImageSource/NEWS/G-NEWS-1012/9YUEXL/PC/8.jpg\" longdesc=\"9月销量\" style=\"max-width: 100%; max-height: 100%; height: auto;\"></a></p>\r\n<p>\r\n&nbsp;<br>\r\n&nbsp; &nbsp; &nbsp; &nbsp;领克品牌各产品在9月均刷新了各自销量纪录，其中，领克01在9月共销售9,309辆，1-9月累计共销售74,124辆；高性能轿跑SUV领克02车型9月销量为5,566辆，环比增长27%。随着领克03上市日期的临近，领克品牌的未来市场表现更加值得期待。</p>\r\n<p>&nbsp;</p>\r\n<p style=\"text-align: center;\"><strong></strong><strong>新能源及电气化车型：9月销量再破万辆，销量占比重继续攀升</strong></p>\r\n<p>\r\n&nbsp; &nbsp; &nbsp; &nbsp;今年是吉利全面迈向新能源汽车时代的启幕之年，新能源及电气化车型阵容初具规模，并成为了吉利汽车销量增长的新动力。</p>\r\n<p>&nbsp;</p>\r\n<p style=\"text-align: center;\"><a href=\"https://promotion.geely.com/dhgse/\"><img alt=\"吉利新能源9月销量\" src=\"https://geely-portal-prod-ntt-obs-02.obs.myhwclouds.com/GeelyOfficial/Files/ImageSource/NEWS/G-NEWS-1012/9YUEXL/PC/9.jpg\" longdesc=\"9月销量\" style=\"max-width: 100%; max-height: 100%; height: auto;\"></a></p>\r\n<p>\r\n&nbsp;<br>\r\n&nbsp; &nbsp; &nbsp; &nbsp;9月，吉利新能源及电气化车型继续发力，共销售10,468辆，在吉利当月总销量中占比不断攀升。其中，帝豪EV、帝豪GSe、博瑞GE分别取得了3,193辆、1,913辆、5,134辆的销量成绩，整体销量呈现稳步增长态势。</p>\r\n<p>&nbsp;</p>\r\n<p style=\"text-align: center;\"><a href=\"https://binyue.geely.com/binyue\"><img alt=\"缤越9月销量\" src=\"https://geely-portal-prod-ntt-obs-02.obs.myhwclouds.com/GeelyOfficial/Files/ImageSource/NEWS/G-NEWS-1012/9YUEXL/PC/10.jpg\" longdesc=\"9月销量\" style=\"max-width: 100%; max-height: 100%; height: auto;\"></a></p>\r\n<p>&nbsp;</p>\r\n<p>&nbsp; &nbsp; &nbsp; &nbsp; 在车市微增长的大背景下，吉利以远高于行业水平的增幅，继续逆市上扬，不仅保持了“吉利速度”，更提振了中国品牌向上的信心。据了解，吉利BMA架构首款A级SUV——缤越、领克品牌首款轿车领克03都将于10月份正式上市。随着极具竞争力的新产品和原有车型的协同发力，相信吉利将在第四季度再创佳绩，更加从容自信地完成158万辆的年度销售目标。</p>\r\n<div>&nbsp;</div>\r\n            <br>\r\n        </div>', 0, '2018-10-08 00:00:00', NULL, 1, 'https://dm30webimages.geely.com/GeelyOfficial/Files/ImageSource/NEWS/G-NEWS-1012/9YUEXL/M/FENGMIAN.jpg', 0),
(16, '连续4年，外事礼宾用车钟情吉利', '连续4年，外事礼宾用车钟情吉利', '<div class=\"rich_text_content\" style=\"min-height: 30px; font-size: 16px; line-height: 25px;\">\r\n            <br>\r\n            <p>&nbsp;&nbsp;&nbsp;&nbsp;&nbsp;&nbsp; 9月7日， 35辆吉利博瑞GE外事礼宾用车交车仪式在北京钓鱼台国宾馆举行，北京外交人员服务局局长袁卫民和吉利汽车集团副总裁林杰作为双方代表完成了交付仪式。摩洛哥，圣多美和普林西比，黑山，亚美尼亚，津巴布韦五国驻华使节参加了交付仪式，并成为了吉利博瑞GE的新用户。</p>\r\n<p>&nbsp;</p>\r\n<p style=\"text-align: center;\"><a href=\"https://br.geely.com/brge\"><img alt=\"博瑞GE外事礼兵车\" src=\"https://dm30webimages.geely.com/GeelyOfficial/Files/ImageSource/新闻资讯/G-NEWS-928/WAISHI/PC/1.jpg\" longdesc=\"外事\" style=\"max-width: 100%; max-height: 100%; height: auto;\"></a></p>\r\n<p>&nbsp;</p>\r\n<p>&nbsp;&nbsp;&nbsp;&nbsp;&nbsp;&nbsp; 此次交付的35辆博瑞GE，是吉利全面迈入新能源汽车时代的首款旗舰车型。全系车型均采用了吉利智擎混动技术，该系统以吉利和沃尔沃联合研发的1.5TD+7DCT黄金动力为基础，提供了分别搭载轻度混合动力的MHEV和搭载插电混合动力的PHEV两个版本车型。凭借智美、智混、智驾、智享等方面远超同级的越级实力，博瑞GE充分实现了设计、品质、能耗和成本的完美平衡，让豪华车上才匹配的技术在博瑞GE上触手可及，充分展现了吉利在中国新能源节能技术发展的实力。</p>\r\n<p>&nbsp;</p>\r\n<p style=\"text-align: center;\"><a href=\"https://br.geely.com/brge\"><img alt=\"博瑞GE交车仪式\" src=\"https://dm30webimages.geely.com/GeelyOfficial/Files/ImageSource/%E6%96%B0%E9%97%BB%E8%B5%84%E8%AE%AF/G-NEWS-928/WAISHI/PC/2.jpg\" longdesc=\"外事\" style=\"max-width: 100%; max-height: 100%; height: auto;\"></a></p>\r\n<p>&nbsp;</p>\r\n<p>&nbsp;&nbsp;&nbsp;&nbsp;&nbsp;&nbsp; 这是吉利博瑞连续4年成为外事礼宾用车和驻华使节指定用车。十八大以来，党中央和国务院在政府公务用车方面陆续出台多项政策，积极倡导公务用车优先采用中国汽车品牌。伴随着国家公务用车改革的春风，2015年3月20日，首批20辆吉利博瑞外事礼宾用车正式交付，外交用车首次刮起了“中国风”。</p>\r\n<p>&nbsp;&nbsp;&nbsp;&nbsp;&nbsp;&nbsp; 这一具有里程碑意义的时刻，对推动中国自主品牌发展和公务车改革起到了积极示范的作用，激发了全体国民对民族品牌的自尊心和自豪感。</p>\r\n<p>&nbsp;</p>\r\n<p style=\"text-align: center;\"><a href=\"https://br.geely.com/brge\">https://br.geely.com/brge</a><img alt=\"博瑞GE品牌\" src=\"https://dm30webimages.geely.com/GeelyOfficial/Files/ImageSource/新闻资讯/G-NEWS-928/WAISHI/PC/3.jpg\" longdesc=\"外事\" style=\"max-width: 100%; max-height: 100%; height: auto;\"></p>\r\n<p>&nbsp;</p>\r\n<p>&nbsp;&nbsp;&nbsp;&nbsp;&nbsp;&nbsp; 四年来，随着吉利汽车的技术提升和品质升级，外事礼宾用车车型逐年更新。继博瑞后，帝豪EV、新博瑞、博瑞GE陆续交付，吉利汽车累计交付185台3.0代精品车作为外事礼宾专用车，成为名副其实的中国“外交新名片”，实力代言中国高端制造品质。</p>\r\n<p>&nbsp; &nbsp; &nbsp;&nbsp; 随着车型的不断升级，博瑞产品的品质和市场认可度也在不断提升。博瑞还多次被选为中国-中东欧博览会、G20杭州峰会等国际盛会的官方指定用车，成为世界看东方的一张“中国制造新名片”。此外，在阿拉伯、俄罗斯、古巴等国际市场，博瑞车型也实现了热销，并亮相白俄罗斯阅兵仪式，堪称一张“行走的中国名片”。</p>\r\n<p>&nbsp;&nbsp;&nbsp;&nbsp;&nbsp;&nbsp; 正是凭借着外事礼宾用车的身份加持和博瑞的产品硬实力，博瑞自上来以来一路高歌猛进，不仅成功收获了16万车主的信赖，更是打破了合资品牌中高级车的垄断地位，成为中国品牌向上重要力量。刚刚过去的八月，马来西亚总理马哈蒂尔到访吉利总部时亲自试驾吉利博瑞GE并竖起大拇指点赞。</p>\r\n<p>&nbsp;&nbsp;&nbsp;&nbsp;&nbsp;&nbsp; 外交部外交人员服务局副局长陈闯表示：“经过之前三年多的外事礼宾用车服务合作，吉利博瑞凭借出色的品质圆满完成了多次用车任务，在各项外事活动中展现了我国自主品牌汽车的优质性能，我们对吉利汽车的产品实力完全信任。汽车制造业是技术集成度极高的高端制造行业，极大地体现了一国的综合国力。此次吉利博瑞GE的加入，充分代表了中国的先进制造水平和新时代下的中国力量，向世界传递着中国的实力与魅力。期待博瑞GE带来更环保、更出色的表现。”</p>\r\n<p>&nbsp;</p>\r\n<p style=\"text-align: center;\"><a href=\"https://br.geely.com/brge\"><img alt=\"吉利博瑞GE\" src=\"https://dm30webimages.geely.com/GeelyOfficial/Files/ImageSource/新闻资讯/G-NEWS-928/WAISHI/PC/4.jpg\" longdesc=\"外事\" style=\"max-width: 100%; max-height: 100%; height: auto;\"></a></p>\r\n<p>&nbsp;</p>\r\n<p>&nbsp;&nbsp;&nbsp;&nbsp;&nbsp;&nbsp;&nbsp; 今年是习总书记提出“一带一路”伟大倡议五周年，积极响应倡议，吉利近年来在“一带一路”沿线的白俄罗斯、英国、瑞典、比利时、马来西亚等地做了一些布局。下一步，吉利在“一带一路”沿线项目上，将继续推动以“电动化、网联化、智能化、共享化”为主要内容的“新四化”，继续深耕海外，全面参与全球竞争，进而为全球用户全力打造面向未来的出行解决方案。</p>\r\n<p>&nbsp;</p>\r\n<p style=\"text-align: center;\"><a href=\"https://br.geely.com/brge\"><img alt=\"博瑞GE使节用车\" src=\"https://dm30webimages.geely.com/GeelyOfficial/Files/ImageSource/新闻资讯/G-NEWS-928/WAISHI/PC/5.jpg\" longdesc=\"外事\" style=\"width: 1540px; height: auto; max-width: 100%; max-height: 100%;\"></a></p>\r\n<p>&nbsp;</p>\r\n<p>&nbsp;&nbsp;&nbsp;&nbsp;&nbsp; 中非有着悠久的合作历史，中国和包括摩洛哥在内的很多非洲国家有着兄弟般的合作情谊。去年11月，摩洛哥加入了“一带一路”倡议。“中非友好深入人心，‘一带一路’伟大倡议下的摩中关系将进一步加深。中国制造一直是非洲的榜样，吉利博瑞GE的造型设计充分体现了中国特色，作为摩洛哥大使用车，能让我们更好地了解中国文化。同时，吉利博瑞GE驾乘空间与智能配置都非常优秀，我们充分信任中国制造。”摩洛哥驻华大使梅库阿尔在交车仪式上表示：相信吉利博瑞GE能为摩洛哥在华使馆提供优质的绿色出行服务保障，也希望未来有更多吉利产品能进入摩洛哥，让摩洛哥国人都能感受吉利汽车的高品质。”</p>\r\n<p>&nbsp;&nbsp;&nbsp;&nbsp;&nbsp; “当前中国经济进入了从高速度发展向高质量发展，从全球价值链的中低端向中高端迈进的新阶段。国家经济实力的强大，必然催生与之相匹配、令国民自豪的汽车工业和汽车品牌。”浙江吉利控股集团总裁、吉利汽车集团CEO兼总裁安聪慧表示：吉利从未停止在汽车主动安全、车联网、新能源和自动驾驶等前瞻技术领域探索的脚步，致力于为每一位消费者带来超越期待的精品汽车生活。面向未来，吉利将继续大胆实践、努力探索、勇于创新，持续提升吉利汽车工业全球竞争力，让中国汽车跑遍全世界。<br>\r\n<br>\r\n</p>\r\n            <br>\r\n        </div>', 0, '2018-09-07 00:00:00', NULL, 0, 'https://dm30webimages.geely.com/GeelyOfficial/Files/ImageSource/新闻资讯/G-NEWS-928/WAISHI/M/fengmian.jpg', 0),
(17, '吉利集团1-8月销量突破100万辆 同比增长30%', '吉利集团1-8月销量突破100万辆 同比增长30%', '<div class=\"rich_text_content\" style=\"min-height: 30px; font-size: 16px; line-height: 25px;\">\r\n            <br>\r\n            <p>&nbsp;&nbsp;&nbsp;&nbsp;&nbsp;&nbsp; 9月6日，吉利汽车发布了8月份销量公告：当月销量为125522辆，较去年同期增长30%。其中，博越、帝豪GS、帝豪GL、全新帝豪、全新远景、远景X3、远景SUV共7款车型销量过万辆。今年前8个月，吉利汽车总销量突破百万辆，达1012429辆，同比增长41%，已完成158万销量目标的64%。</p>\r\n<p>&nbsp;&nbsp;&nbsp;&nbsp;&nbsp;&nbsp; 在车市微增长已成为“主旋律”的大势下，吉利汽车以远高于行业的增幅逆势上扬，比去年提前了两个半月实现销量破百万辆，再次创造了业界瞩目的“吉利速度“，持续助力中国品牌向上。\r\n</p>\r\n<p>&nbsp;</p>\r\n<p style=\"text-align: center;\"><a href=\"http://www.geely.com/\"><img alt=\"吉利8月销量\" src=\"https://dm30webimages.geely.com/GeelyOfficial/Files/ImageSource/新闻资讯/G-NEWS-928/8YUEXIAOLIANG/PC/1.jpg\" longdesc=\"销量\" style=\"max-width: 100%; max-height: 100%; height: auto;\"></a></p>\r\n<p style=\"text-align: center;\"><strong>&nbsp;</strong></p>\r\n<p style=\"text-align: center;\"><strong>“博”字辈：8月总销量24472辆，博瑞家族销量同比大增78%<br>\r\n</strong></p>\r\n<p style=\"text-align: left;\">&nbsp;&nbsp;&nbsp;&nbsp;&nbsp;&nbsp; 8月份，智能互联SUV领导者——吉利博越销量稳健，达19032辆。今年1-8月，累计销量达177533辆，较去年同期增长超5%。<br>\r\n<strong><br>\r\n</strong>\r\n&nbsp;<a href=\"https://boyue.geely.com/by\"><img alt=\"博越8月销量\" src=\"https://dm30webimages.geely.com/GeelyOfficial/Files/ImageSource/新闻资讯/G-NEWS-928/8YUEXIAOLIANG/PC/2.jpg\" longdesc=\"销量\" style=\"max-width: 100%; max-height: 100%; height: auto;\"></a><br>\r\n<br>\r\n</p>\r\n<p style=\"text-align: left;\">&nbsp;&nbsp;&nbsp;&nbsp;&nbsp;&nbsp; 博瑞家族8月份销量为5440辆，同比增长78%。其中，新博瑞销量为1033辆，博瑞GE共销售4407辆。1-8月，博瑞家族累计销量达29682辆，相较去年同期增长近14%，无愧于中国品牌B级车市场标杆。</p>\r\n<p style=\"text-align: left;\">&nbsp;</p>\r\n<p style=\"text-align: center;\"><a href=\"https://br.geely.com/brge\"><img alt=\"博瑞GE8月销量\" src=\"https://dm30webimages.geely.com/GeelyOfficial/Files/ImageSource/新闻资讯/G-NEWS-928/8YUEXIAOLIANG/PC/3.jpg\" longdesc=\"销量\" style=\"max-width: 100%; max-height: 100%; height: auto;\"></a></p>\r\n<p style=\"text-align: center;\"><strong>&nbsp;</strong></p>\r\n<p style=\"text-align: center;\"><strong>帝豪家族：8月总销量48909辆，帝豪继续突破2万辆，3款车型均破万</strong></p>\r\n<p>&nbsp; &nbsp;&nbsp;&nbsp;&nbsp; 帝豪家族8月总销量为48909辆，1-8月，帝豪家族累计销量为382732辆。其中，全新帝豪8月销量达22814辆，较去年同期增长9%。1-8月份，全新帝豪累计销量为170843辆，同比增长6%，继续牢牢稳坐中国品牌轿车宝座。</p>\r\n<p>&nbsp;</p>\r\n<p style=\"text-align: center;\"><a href=\"https://promotion.geely.com/emgrand/index.html\"><img alt=\"全新帝豪8月销量\" src=\"https://dm30webimages.geely.com/GeelyOfficial/Files/ImageSource/新闻资讯/G-NEWS-928/8YUEXIAOLIANG/PC/4.jpg\" longdesc=\"销量\" style=\"max-width: 100%; max-height: 100%; height: auto;\"></a></p>\r\n<p>&nbsp;</p>\r\n<p>&nbsp;&nbsp;&nbsp;&nbsp;&nbsp;&nbsp; 8月份，帝豪GL销量为12672辆，同比增长16%，今年1-8月累计销量为102248辆，同比增长46%，销量显著提升。上市23个月来，帝豪GL销量累计超过24万辆，持续发力中国品牌A+级轿车市场。</p>\r\n<p>&nbsp;</p>\r\n<p style=\"text-align: center;\"><a href=\"https://dh.geely.com/dhgl\"><img alt=\"帝豪GL8月销量\" src=\"https://dm30webimages.geely.com/GeelyOfficial/Files/ImageSource/新闻资讯/G-NEWS-928/8YUEXIAOLIANG/PC/5.jpg\" longdesc=\"销量\" style=\"max-width: 100%; max-height: 100%; height: auto;\"></a></p>\r\n<p>&nbsp;</p>\r\n<p>&nbsp;&nbsp;&nbsp;&nbsp;&nbsp;&nbsp; 中国品牌跨界SUV的代表帝豪GS，8月份销量达13423辆，同比增长3%。1-8月份累计销量达109641辆，同比增长30%，实现了连续16个月销量过万的好成绩，上市至今累计销量超过32万辆。</p>\r\n<p>&nbsp;</p>\r\n<p style=\"text-align: center;\"><a href=\"https://dh.geely.com/dhgs\">https://dh.geely.com/dhgs</a><img alt=\"帝豪GS8月销量\" src=\"https://dm30webimages.geely.com/GeelyOfficial/Files/ImageSource/新闻资讯/G-NEWS-928/8YUEXIAOLIANG/PC/6.jpg\" longdesc=\"销量\" style=\"max-width: 100%; max-height: 100%; height: auto;\"></p>\r\n<p>&nbsp;</p>\r\n<p style=\"text-align: center;\"><strong>远景家族：8月共销售38109辆，全新远景、远景X3、远景SUV销量破万</strong></p>\r\n<p>&nbsp;&nbsp;&nbsp;&nbsp;&nbsp;&nbsp; 8月份，远景家族共销售38109辆，1-8月，累计销量达335562辆。全新远景继续热销势头不减，8月共销售11632辆，同比增长5%，今年1-8月累计销量已达105743辆，同比增长15%。</p>\r\n<p>&nbsp;</p>\r\n<p style=\"text-align: center;\"><a href=\"https://yj.geely.com/yjsuv\"><img alt=\"远景SUV8月销量\" src=\"https://dm30webimages.geely.com/GeelyOfficial/Files/ImageSource/新闻资讯/G-NEWS-928/8YUEXIAOLIANG/PC/7.jpg\" longdesc=\"销量\" style=\"max-width: 100%; max-height: 100%; height: auto;\"></a></p>\r\n<p style=\"text-align: left;\">&nbsp;<br>\r\n&nbsp; &nbsp;&nbsp;&nbsp;&nbsp; 在SUV方面，远景家族也交出了亮眼的成绩单，8月总销量达26477辆，新远景SUV、远景S1及远景X3在8月销量分别为10045辆、4707辆和10547辆。新远景SUV前8个月累计销量81197，同比增长5%。</p>\r\n<p style=\"text-align: left;\">&nbsp;</p>\r\n<p style=\"text-align: center;\"><a href=\"https://yj.geely.com/yjx3\"><img alt=\"远景X3-8月销量\" src=\"https://dm30webimages.geely.com/GeelyOfficial/Files/ImageSource/新闻资讯/G-NEWS-928/8YUEXIAOLIANG/PC/8.jpg\" longdesc=\"销量\" style=\"max-width: 100%; max-height: 100%; height: auto;\"></a></p>\r\n<p>&nbsp;</p>\r\n<p>&nbsp;&nbsp;&nbsp;&nbsp;&nbsp;&nbsp; 远景X3前8月共销售84518辆，实现连续10个月销量过万。上市1年以来，远景X3累计销量突破11万辆，树立了5万元小型SUV市场的品质标杆。8月27日，在上市一周年之际，远景X3还增推一款在造型和配置上进行多项年轻、个性化升级的周年版车型，以满足年轻用户的多元化需求。\r\n</p>\r\n<p style=\"text-align: center;\">\r\n<br>\r\n<strong>领克品牌：8月销量达13674辆，领克02销量达4371辆</strong></p>\r\n<p>&nbsp;&nbsp;&nbsp;&nbsp;&nbsp;&nbsp; 作为吉利旗下高端品牌，领克销量再创新纪录，8月共销售13674辆。其中，领克01在8月销量为9303辆，上市9个月以来累计销量已达64815辆。</p>\r\n<p>&nbsp;</p>\r\n<p style=\"text-align: center;\"><a href=\"http://www.lynkco.com.cn/Cars/01\"><img alt=\"领克01\" src=\"https://dm30webimages.geely.com/GeelyOfficial/Files/ImageSource/%E6%96%B0%E9%97%BB%E8%B5%84%E8%AE%AF/G-NEWS-928/8YUEXIAOLIANG/PC/9.jpg\" longdesc=\"销量\" style=\"max-width: 100%; max-height: 100%; height: auto;\"></a></p>\r\n<p>&nbsp;</p>\r\n<p>&nbsp;&nbsp;&nbsp;&nbsp;&nbsp;&nbsp;&nbsp; 高性能轿跑SUV领克02车型，8月销量为4371辆，环比增长44%，并与领克01构成领克品牌SUV双子星，共同发力SUV中高端市场。</p>\r\n<p style=\"text-align: left;\">&nbsp;</p>\r\n<p style=\"text-align: center;\"><a href=\"http://www.lynkco.com.cn/Cars/02\"><img alt=\"领克02-8月销量\" src=\"https://dm30webimages.geely.com/GeelyOfficial/Files/ImageSource/新闻资讯/G-NEWS-928/8YUEXIAOLIANG/PC/10.jpg\" longdesc=\"销量\" style=\"max-width: 100%; max-height: 100%; height: auto;\"></a></p>\r\n<p style=\"text-align: center;\">\r\n<br>\r\n<strong>吉利新能源及电气化车型：8月共销售10439辆，帝豪EV、帝豪GSe、博瑞GE表现亮眼</strong></p>\r\n<p>&nbsp; &nbsp;&nbsp;&nbsp;&nbsp; 今年是吉利全面迈入新能源时代的元年，随着“蓝色吉利行动”新能源战略的深化推进和落地，吉利新能源及电气化车型阵容已初具规模，并成为吉利销量新增长点。8月份，吉利新能源及电气化车型共销售10439辆，其中，帝豪EV、帝豪GSe、博瑞GE分别取得了4647辆、986辆、4407辆的销量成绩。</p>\r\n<p>&nbsp;</p>\r\n<p style=\"text-align: center;\"><a href=\"https://promotion.geely.com/dhgse/\"><img alt=\"新能源8月销量\" src=\"https://dm30webimages.geely.com/GeelyOfficial/Files/ImageSource/新闻资讯/G-NEWS-928/8YUEXIAOLIANG/PC/11.jpg\" longdesc=\"销量\" style=\"max-width: 100%; max-height: 100%; height: auto;\"></a></p>\r\n<p>\r\n&nbsp;<br>\r\n<strong>&nbsp; &nbsp;&nbsp;&nbsp; 小结：</strong>退潮过后，方知泳者真实力。在车市微增长的大势下，处于汽车销售传统淡季的8月份，市场依旧凉凉。吉利汽车以远高于行业水平的增幅逆市上扬，无疑为中国品牌树立了向上的信心。随着8月30日缤瑞上市，以及第四季度缤越等新品相续推出。相信有多款热销产品的持续发力，多款极具竞争力的新品加持，对于吉利汽车来说，完成158万辆的销量目标也是志在必得。</p>\r\n<p>\r\n<br>\r\n<br>\r\n<br>\r\n</p>\r\n<br>\r\n            <br>\r\n        </div>', 0, '2018-09-06 00:00:00', NULL, 1, 'https://dm30webimages.geely.com/GeelyOfficial/Files/ImageSource/新闻资讯/G-NEWS-928/8YUEXIAOLIANG/M/fengmian.jpg', 0),
(18, '吉利汽车5月销量12.3万辆 同比增长61%', '吉利汽车5月销量12.3万辆 同比增长61%', '<div class=\"rich_text_content\" style=\"min-height: 30px; font-size: 16px; line-height: 25px;\">\r\n            <br>\r\n            <p style=\"color: #666666; background-color: #ffffff; margin-right: 0px; margin-bottom: 0px; margin-left: 0px; padding: 0px;\"><span style=\"white-space: pre;\">	</span>日前，吉利汽车公布了5月份销量数据：当月销量为123068辆，较去年同期增长61%，市场表现十分强劲。其中，2018款博越、帝豪GS、帝豪GL、全新帝豪、全新远景等7款车型销量过万辆。今年前5个月，吉利汽车总销量为638181辆，同比增长44%，目前已完成全年158万辆销量目标的40%。</p>\r\n<p style=\"text-align: center;\"><a href=\"http://www.geely.com/\"><img alt=\"吉利5月销量\" src=\"https://dm30webimages.geely.com/GeelyOfficial/Files/ImageSource/新闻资讯/15283343516637.png\" style=\"max-width: 100%; max-height: 100%; height: auto;\"></a></p>\r\n<p style=\"color: #666666; background-color: #ffffff; margin-right: 0px; margin-bottom: 0px; margin-left: 0px; padding: 0px;\"><span style=\"white-space: pre;\">	</span>值得一提的是，今年前4个月，吉利SUV产品便以突破30万辆的销量，排名国内SUV市场销量第一。5月份吉利SUV车型总销量为7.17万辆，前五个月累计销量已超过37.17万辆，将继续领跑SUV市场。</p>\r\n<p style=\"color: #666666; background-color: #ffffff; margin-right: 0px; margin-bottom: 0px; margin-left: 0px; padding: 0px; text-align: center;\">\r\n<strong>“博”字辈：5月总销量24400辆，博越销量再破2万辆</strong></p>\r\n<p style=\"color: #666666; background-color: #ffffff; margin-right: 0px; margin-bottom: 0px; margin-left: 0px; padding: 0px;\"><span style=\"white-space: pre;\">	</span>5月份，博越销量突破21292辆，实现连续18个月销量超过两万辆。今年1-5月，累计销量达116855辆，较去年同期增长13%。2018款吉利博越自3月份上市后收获了良好口碑，并实现了25个月销量突破50万辆的阶段性目标。日前，“挑战100度”中欧品质行博越车队已顺利抵达终点站英国，此次活动途经了9个国家58座城市，横跨欧亚大陆18000公里，博越以其过硬的品质成功挑战“中国汽车品牌国际马拉松”。</p>\r\n<p style=\"text-align: center;\"><a href=\"https://boyue.geely.com/by\"><img alt=\"博越5月销量\" src=\"https://dm30webimages.geely.com/GeelyOfficial/Files/ImageSource/新闻资讯/15283343764681.jpg\" style=\"max-width: 100%; max-height: 100%; height: auto;\"></a></p>\r\n<p style=\"color: #666666; background-color: #ffffff; margin-right: 0px; margin-bottom: 0px; margin-left: 0px; padding: 0px;\"><span style=\"white-space: pre;\">	</span>作为吉利3.0代旗舰轿车，新博瑞延续一贯的良好市场表现，5月以3108辆的销量成绩，再次领跑中国品牌中高端轿车市场。值得一提的是，吉利首款科技智混旗舰车型博瑞GE已于5月28日正式上市，实现了消费者用传统燃油车价格购买混动车型的期待，并凭借豪华、科技、节能等价值标签，树立了全球混动B级车的全新标杆，同时也拉开了吉利全面迈入新能源汽车时代的序幕。</p>\r\n<p style=\"text-align: center;\"><a href=\"http://promotion.geely.com/gc9/index.php\"><img alt=\"新博瑞5月销量\" src=\"https://dm30webimages.geely.com/GeelyOfficial/Files/ImageSource/新闻资讯/15283343896269.png\" style=\"max-width: 100%; max-height: 100%; height: auto;\"></a></p>\r\n<p style=\"color: #666666; background-color: #ffffff; margin-right: 0px; margin-bottom: 0px; margin-left: 0px; padding: 0px; text-align: center;\"><strong>帝豪家族：5月总销量45887辆，帝豪再次破2万，帝豪GS和帝豪GL皆破万</strong></p>\r\n<p style=\"color: #666666; background-color: #ffffff; margin-right: 0px; margin-bottom: 0px; margin-left: 0px; padding: 0px;\"><span style=\"white-space: pre;\">	</span>经过今年3月份换代后，全新帝豪再次刷新产品硬实力，5月以20288辆、同比增长18%的销量诠释了其销量基石的辉煌。今年1-5月帝豪累计销量已达108363辆，继续稳固中国品牌轿车王者地位，引领中国品牌不断向上。</p>\r\n<p style=\"text-align: center;\"><a href=\"https://promotion.geely.com/emgrand/index.html\"><img alt=\"全新帝豪5月销量\" src=\"https://dm30webimages.geely.com/GeelyOfficial/Files/ImageSource/新闻资讯/15283344047544.png\" style=\"max-width: 100%; max-height: 100%; height: auto;\"></a></p>\r\n<p style=\"color: #666666; background-color: #ffffff; margin-right: 0px; margin-bottom: 0px; margin-left: 0px; padding: 0px;\"><span style=\"white-space: pre;\">	</span>帝豪GL5月销量12822辆，同比增长78%，今年1-5月累计销量为63191辆。上市20个月来，销量超过21万辆，强势占据中国品牌A+级轿车市场领先优势。6月3日，基于2018款帝豪GL改装而成的赛车，首次成为2018吉利杯超吉联赛用车。凭借着强大的运动基因和卓越的操控性能，2018款帝豪GL的产品力获得了赛事参与者的一致认可。</p>\r\n<p style=\"text-align: center;\"><a href=\"https://dh.geely.com/dhgl\"><img alt=\"帝豪GL5月销量\" src=\"https://dm30webimages.geely.com/GeelyOfficial/Files/ImageSource/新闻资讯/15283344164366.png\" style=\"max-width: 100%; max-height: 100%; height: auto;\"></a></p>\r\n继4月改款上市后，2018款帝豪GS延续了此前良好的市场表现，5月销量达到12777辆，今年1-5月共销售68540辆，同比增长50%。作为中国品牌跨界SUV的引领者，帝豪GS销量已连续13个月过万，累计销量超过27万辆。此外，吉利首款纯电动SUV——帝豪GSe将于6月9日上市。作为首款纯电动城市跨界SUV，帝豪GSe将助力吉利真正打开纯电动家用车市场。\r\n<p>&nbsp;</p>\r\n<p style=\"text-align: center;\"><a href=\"https://dh.geely.com/dhgs\"><img alt=\"帝豪GS\" src=\"https://dm30webimages.geely.com/GeelyOfficial/Files/ImageSource/新闻资讯/1528334428974.png\" style=\"max-width: 100%; max-height: 100%; height: auto;\"></a></p>\r\n<p style=\"color: #666666; background-color: #ffffff; margin-right: 0px; margin-bottom: 0px; margin-left: 0px; padding: 0px; text-align: center;\"><strong>远景家族：5月共销售39893辆，全新远景、远景X3、远景SUV均破万</strong></p>\r\n<p style=\"color: #666666; background-color: #ffffff; margin-right: 0px; margin-bottom: 0px; margin-left: 0px; padding: 0px;\"><span style=\"white-space: pre;\">	</span>身为中国品牌轿车的一款经典车型，全新远景依旧保持着旺盛的市场活力，5月共售出11489辆，同比增长62%，今年1-5月累计销量已达70557辆，凭借其稳定的市场表现，牢牢占据着中国品牌在A级轿车市场的领先地位。</p>\r\n<p style=\"text-align: center;\"><a href=\"https://yj.geely.com/yjsuv\"><img alt=\"新远景SUV5月销量\" src=\"https://dm30webimages.geely.com/GeelyOfficial/Files/ImageSource/新闻资讯/15283344401784.png\" style=\"max-width: 100%; max-height: 100%; height: auto;\"></a></p>\r\n<p style=\"color: #666666; background-color: #ffffff; margin-right: 0px; margin-bottom: 0px; margin-left: 0px; padding: 0px;\"><span style=\"white-space: pre;\">	</span>5月，远景系列的SUV总销量达到28404辆。其中，远景SUV和远景X3分别交出了10285辆与11060辆的销量成绩，远景S1也取得了月销6486辆的好成绩，进一步巩固吉利在SUV领域的领先地位。值得一提的是，6月1日焕新上市的新远景SUV以更时尚的外观、更强劲的性能，以及多达208项的全面升级，为顾家务实、追求幸福的用户打造“智能互联SUV”，进一步夯实“8万级SUV性价王”的地位。</p>\r\n<p style=\"color: #666666; background-color: #ffffff; margin-right: 0px; margin-bottom: 0px; margin-left: 0px; padding: 0px; text-align: center;\">\r\n<strong>领克01：销量再创新高，上市半年销量破4万</strong></p>\r\n<p style=\"color: #666666; background-color: #ffffff; margin-right: 0px; margin-bottom: 0px; margin-left: 0px; padding: 0px;\"><span style=\"white-space: pre;\">	</span>5月，领克01以9234辆的销量成绩再创新高，上市6个月以来累计销量已达到43017辆。作为吉利旗下的高端品牌，领克秉承“生而全球，开放互联”的使命，以大胆前卫的造型、极具科技感的设计以及出众的操控性能引起众多年轻消费群体的共鸣。未来，随着领克02、领克01PHEV等全新车型的陆续推出，领克品牌的影响力和竞争力将再次迎来蜕变。</p>\r\n<p style=\"text-align: center;\"><a href=\"https://binrui.geely.com/binrui\"><img alt=\"缤瑞5月销量\" src=\"https://dm30webimages.geely.com/GeelyOfficial/Files/ImageSource/新闻资讯/15283344519268.png\" style=\"max-width: 100%; max-height: 100%; height: auto;\"></a></p>\r\n<p style=\"color: #666666; background-color: #ffffff; margin-right: 0px; margin-bottom: 0px; margin-left: 0px; padding: 0px;\"><span style=\"white-space: pre;\">	</span>目前，吉利首款运动风轿车——缤瑞已正式曝光，新车瞄准A+级轿车市场，将凭借实现消费者对轿车运动化、年轻化的需求，进一步丰富吉利轿车产品矩阵，巩固吉利在轿车领域的领导地位。此外，吉利也加快了向新能源汽车时代迈进的步伐，5月28日发布了“智擎”新能源动力系统，今年还将有帝豪GSe、帝豪GL PHEV等多款新能源产品推出。未来3年，吉利将有30多款新能源和节能车型推向市场，引领中国新能源汽车进化的全新风潮。</p>\r\n            <br>\r\n        </div>', 0, '2018-06-07 00:00:00', NULL, 0, 'https://dm30webimages.geely.com/GeelyOfficial/Files/GeelyNews/NewsList/Content/2019/20117fm/18.jpg', 0),
(19, '售价7.59-10.59万元 吉利新远景SUV正式上市', '售价7.59-10.59万元 吉利新远景SUV正式上市', '<div class=\"rich_text_content\" style=\"min-height: 30px; font-size: 16px; line-height: 25px;\">\r\n            <br>\r\n            <p style=\"color: #666666; background-color: #ffffff; margin-right: 0px; margin-bottom: 0px; margin-left: 0px; padding: 0px;\"><span style=\"white-space: pre;\">	</span>6月1日，吉利新远景SUV在北京联动上海、广州、杭州、成都五城同步上市。新车共推出了1.8L与1.4T两种排量6款配置车型，市场指导价为7.59-10.59万元。新远景SUV换装了吉利全新1.4T涡轮增压发动机，搭载GKUI吉客智能生态系统，配备全景星空天窗、37.9dB静谧座舱等6大同级独有领先优势，共进行了5大类、208项升级，进一步夯实“8万级SUV性价王”地位。</p>\r\n<p style=\"text-align: center;\"><a href=\"https://yj.geely.com/yjsuv\"><img alt=\"新远景SUV上市\" src=\"https://dm30webimages.geely.com/GeelyOfficial/Files/ImageSource/新闻资讯/15280914376888.jpg\" style=\"max-width: 100%; max-height: 100%; height: auto;\"></a></p>\r\n<p style=\"color: #666666; background-color: #ffffff; margin-right: 0px; margin-bottom: 0px; margin-left: 0px; padding: 0px;\"><span style=\"white-space: pre;\">	</span>此外，吉利汽车还宣布：购买新远景SUV的用户可享受金融礼、幸福礼、老友礼三重好礼。其中金融礼是指用户贷款购车可享受24期0息36期低息，实现轻松购车。幸福礼是指参与幸福助学活动，购车时可享受价值4000-5000元幸福大礼包。老用户推荐朋友购车，最高可享有每次500元油卡老友礼。</p>\r\n<p style=\"text-align: center;\"><a href=\"https://yj.geely.com/yjsuv\"><img alt=\"新远景SUV售价\" src=\"https://dm30webimages.geely.com/GeelyOfficial/Files/ImageSource/新闻资讯/15280914844783.jpg\" style=\"max-width: 100%; max-height: 100%; height: auto;\"></a></p>\r\n<p style=\"color: #666666; background-color: #ffffff; margin-right: 0px; margin-bottom: 0px; margin-left: 0px; padding: 0px; text-align: center;\"><strong>“五新SUV”全面升级 开创8万级智能互联SUV新时代</strong></p>\r\n<p style=\"color: #666666; background-color: #ffffff; margin-right: 0px; margin-bottom: 0px; margin-left: 0px; padding: 0px;\"><span style=\"white-space: pre;\">	</span>凭借动感时尚的造型设计、丰富的配置、精良的做工品质，远景SUV上市即热销，平均每4分钟就有一位新用户成为远景SUV车主。此次新远景SUV通过全新升级，产品硬实力大幅提升，为顾家、务实、追求幸福的用户打造升级版“幸福座驾“，进一步夯实新远景SUV“8万级SUV性价王”的地位。</p>\r\n<p style=\"text-align: center;\"><a href=\"http://https://yj.geely.com/yjsuv\"><img alt=\"新远景SUV内饰设计\" src=\"https://dm30webimages.geely.com/GeelyOfficial/Files/ImageSource/新闻资讯/1528091538307.jpg\" style=\"max-width: 100%; max-height: 100%; height: auto;\"></a></p>\r\n<p style=\"color: #666666; background-color: #ffffff; margin-right: 0px; margin-bottom: 0px; margin-left: 0px; padding: 0px;\"><span style=\"white-space: pre;\">	</span><strong>新动力——1.4T + 8CVT“双T动力”，实现动力经济完美平衡。</strong>动力方面，新远景SUV换装吉利全新1.4T涡轮增压发动机+邦奇8CVT无级变速箱“双T组合”，最大功率达98kW，最大扭矩提升到215N?m，起步快速平顺，驾驶更加平稳。值得一提的是，百公里油耗仅6.3L实现动力性与经济性的完美平衡。此外，新远景SUV还提供一套全新1.8L+5MT经济动力组合供用户选择。</p>\r\n<p style=\"text-align: center;\"><a href=\"https://yj.geely.com/yjsuv\"><img alt=\"新远景智能配置\" src=\"https://dm30webimages.geely.com/GeelyOfficial/Files/ImageSource/新闻资讯/15280915821175.jpg\" style=\"max-width: 100%; max-height: 100%; height: auto;\"></a></p>\r\n<p style=\"color: #666666; background-color: #ffffff; margin-right: 0px; margin-bottom: 0px; margin-left: 0px; padding: 0px;\"><span style=\"white-space: pre;\">	</span><strong>新智联——GKUI黑科技，打造极致车机体验。</strong>GKUI吉客智能生态系统作为吉利汽车携手数十家合作伙伴打造的一个开放、共享的车联网平台，在行业内具有绝对领先性优势。一句简单的“你好，远景”便可开始人车交流，用户可以通过语音控制空调、天窗、或是空气净化系统，完全解放双手。GKUI内置的高德实时在线地图可实时路况导航、实时在线更新、双机信息同步等功能，全程语音控制至目的地。此外，像智能手机一样的在线升级，玩车机就像玩手机。同时，GKUI还支持海量免费在线音乐和电台畅听，搭配画面更具细腻质感的9寸高清触控大屏、新远景SUV聚焦用户每天车内一小时出行需求，打造极致幸福的智能驾乘体验。</p>\r\n<p style=\"text-align: center;\"><a href=\"http://https://yj.geely.com/yjsuv\"><img alt=\"新远景SUV系统\" src=\"https://dm30webimages.geely.com/GeelyOfficial/Files/ImageSource/新闻资讯/15280916242218.jpg\" style=\"max-width: 100%; max-height: 100%; height: auto;\"></a></p>\r\n<p style=\"color: #666666; background-color: #ffffff; margin-right: 0px; margin-bottom: 0px; margin-left: 0px; padding: 0px;\"><span style=\"white-space: pre;\">	</span><strong>新安全——全系标配ESP及EPB+AUTOHOLD，为幸福保驾护航。</strong>新远景SUV在安全保障方面投入更多科技实力，除全系标配八位一体博世ESP系统和EPB+AUTOHOLD外，新远景SUV还配备了隐藏式高清行车记录仪、360°3D全景影像系统、TPMS胎压监测系统以及LIM电子限速系统等等，全方位保障用户驾乘安全。</p>\r\n<p style=\"text-align: center;\"><a href=\"https://yj.geely.com/yjsuv\"><img alt=\"新远景SUV天窗\" src=\"https://dm30webimages.geely.com/GeelyOfficial/Files/ImageSource/新闻资讯/15280916587743.jpg\" style=\"max-width: 100%; max-height: 100%; height: auto;\"></a></p>\r\n<p style=\"color: #666666; background-color: #ffffff; margin-right: 0px; margin-bottom: 0px; margin-left: 0px; padding: 0px;\"><span style=\"white-space: pre;\">	</span><strong>新舒适——37.9dB同级最静谧座舱，提升幸福质感。</strong>从全感官角度出发，新远景SUV在舒适性方面进行了大量的升级。在全新多连杆舒适底盘构造基础上，双密度高级皮质座椅、高级软质搪塑内饰使新远景SUV在增加舒适感的同时提升整体空间的质感。此外，新远景SUV通过新增的负离子空气净化系统和吉利全新的3.0代静音调校技术，为用户打造了一个37.9dB同级最静谧惬意的座舱。值得一提的是，新远景SUV高配车型配备同级最大全景星空天窗，车内空间更通透明亮。</p>\r\n<p style=\"text-align: center;\"><a href=\"http://https://yj.geely.com/yjsuv\"><img alt=\"新远景SUV外观\" src=\"https://dm30webimages.geely.com/GeelyOfficial/Files/ImageSource/新闻资讯/15280916988603.jpg\" style=\"max-width: 100%; max-height: 100%; height: auto;\"></a></p>\r\n<p style=\"color: #666666; background-color: #ffffff; margin-right: 0px; margin-bottom: 0px; margin-left: 0px; padding: 0px;\"><span style=\"white-space: pre;\">	</span><strong>新设计——新增钛晶灰和中国红，造型简致时尚。</strong>新远景SUV整体造型继承了吉利全新家族化设计基因，悬浮式水滴涟漪前格栅更突显吉利家族化脸谱设计特色。流线型线条贯穿整个车身，搭配蝶翼式铝合金轮毂、LED丝带雅熏后尾灯等全新设计语言，将整体造型打造得更具简约时尚气息。此外，新车新增中国红和钛晶灰配色，更具活力与高级质感。</p>\r\n<p style=\"color: #666666; background-color: #ffffff; margin-right: 0px; margin-bottom: 0px; margin-left: 0px; padding: 0px; text-align: center;\"><strong>重返童年的跨时光体验 诠释新远景SUV幸福内涵</strong></p>\r\n<p style=\"text-align: center;\"><a href=\"https://yj.geely.com/yjsuv\"><img alt=\"新远景SUV发布会\" src=\"https://dm30webimages.geely.com/GeelyOfficial/Files/ImageSource/新闻资讯/15280917336268.jpg\" style=\"max-width: 100%; max-height: 100%; height: auto;\"></a></p>\r\n<p style=\"color: #666666; background-color: #ffffff; margin-right: 0px; margin-bottom: 0px; margin-left: 0px; padding: 0px;\"><span style=\"white-space: pre;\">	</span>远景SUV自上市至今，一直与幸福结伴而行。在此次主题为“幸福伴你同行”的活动中，新远景SUV不仅圆满完成上市发布，还将与顾家家居正式展开跨界合作，并持续助学计划，将幸福从用户的小家庭传递到社会的大家庭。</p>\r\n<p style=\"text-align: center;\"><a href=\"http://https://yj.geely.com/yjsuv\"><img alt=\"新远景SUV嘉年华\" src=\"https://dm30webimages.geely.com/GeelyOfficial/Files/ImageSource/新闻资讯/15280917824501.jpg\" style=\"max-width: 100%; max-height: 100%; height: auto;\"></a></p>\r\n<p style=\"color: #666666; background-color: #ffffff; margin-right: 0px; margin-bottom: 0px; margin-left: 0px; padding: 0px;\"><span style=\"white-space: pre;\">	</span>活动中，新远景SUV打造了找回童年的互动区域，让到场嘉宾感知童趣与幸福。穿过时光隧道，嘉宾们重回到幸福童年里，小霸王游戏机、铁炉爆米花、投篮机……一大波专属80后、85后、90后记忆中的老物件很快让他们沉浸其中，并制造了两代人共有的幸福回忆。另外，嘉宾们还进行了家庭亲子照片拍摄、手工皮具体验、儿童嘉年华以及“向幸福出发”攀登长城活动，感受温馨亲子互动时光。从孩子们洋溢着幸福的笑脸上就可以看出，新远景SUV继承了对幸福的承诺，幸福的理想与态度从未变过。</p>\r\n<p style=\"text-align: center;\"><a href=\"https://yj.geely.com/yjsuv\"><img alt=\"理想家年华\" src=\"https://dm30webimages.geely.com/GeelyOfficial/Files/ImageSource/新闻资讯/15280920489735.jpg\" style=\"max-width: 100%; max-height: 100%; height: auto;\"></a></p>\r\n<p style=\"color: #666666; background-color: #ffffff; margin-right: 0px; margin-bottom: 0px; margin-left: 0px; padding: 0px;\"><span style=\"white-space: pre;\">	</span>此外，新远景SUV还表示与顾家家居携手打造“理想家年华”计划。同时发起回归家庭陪伴家人的幸福倡议，号召更多家庭关注亲子时光，共同构建用户的幸福美好生活。此次合作意味着新远景SUV将幸福的内涵再次丰富、升华。</p>\r\n<p style=\"text-align: center;\"><a href=\"https://yj.geely.com/yjsuv\"><img alt=\"幸福远景家族\" src=\"https://dm30webimages.geely.com/GeelyOfficial/Files/ImageSource/新闻资讯/15280920876732.jpg\" style=\"max-width: 100%; max-height: 100%; height: auto;\"></a></p>\r\n<p style=\"color: #666666; background-color: #ffffff; margin-right: 0px; margin-bottom: 0px; margin-left: 0px; padding: 0px;\"><span style=\"white-space: pre;\">	</span>自2016年8月上市以来，远景SUV凭借过硬的产品实力月销过万成为常态。上市21个月累计销量突破23万辆，今年前4个月总销量41284辆，引领“远景家族”全面进入“高品质”全新时代。强势助攻吉利SUV在1-4月份销量超过30万辆，问鼎中国SUV市场销量冠军。此次新远景SUV的推出所展现的高品质和高标准，将巩固竞争优势，加速开启新一轮增长，为更多家庭提供极致幸福出行新体验。</p>\r\n<p style=\"color: #666666; background-color: #ffffff; margin-right: 0px; margin-bottom: 0px; margin-left: 0px; padding: 0px;\">附：</p>\r\n<p style=\"color: #666666; background-color: #ffffff; margin-right: 0px; margin-bottom: 0px; margin-left: 0px; padding: 0px;\">\r\n1、吉利新远景SUV全系车型价格</p>\r\n<p style=\"text-align: center;\"><img alt=\"\" src=\"https://dm30webimages.geely.com/GeelyOfficial/Files/ImageSource/新闻资讯/15280922868010.jpg\" style=\"max-width: 100%; max-height: 100%; height: auto;\"></p>\r\n            <br>\r\n        </div>', 0, '2018-06-04 00:00:00', NULL, 2, 'https://dm30webimages.geely.com/GeelyOfficial/Files/GeelyNews/NewsList/Content/2019/0117/1.jpg', 0);
INSERT INTO `news` (`id`, `title`, `description`, `content`, `bowser_count`, `create_time`, `mod_time`, `like_count`, `news_pic`, `share_count`) VALUES
(20, '全国机械行业新能源汽车职业教育大会 暨吉利产教协同发展论坛在天津举行', '全国机械行业新能源汽车职业教育大会 暨吉利产教协同发展论坛在天津举行', '<div class=\"rich_text_content\" style=\"min-height: 30px; font-size: 16px; line-height: 25px;\">\r\n            <br>\r\n            <p style=\"color: #666666; background-color: #ffffff; margin-right: 0px; margin-bottom: 0px; margin-left: 0px; padding: 0px;\"><span style=\"white-space: pre;\">	</span>5月11日-13日，在全国职业院校技能大赛新能源汽车技术与服务赛项比赛期间，全国机械行业新能源汽车职业教育大会暨吉利产教协同发展论坛在天津隆重举行。</p>\r\n<p style=\"text-align: center;\"><a href=\"http://www.geely.com/\"><img alt=\"吉利产教协同发展论坛\" src=\"https://dm30webimages.geely.com/GeelyOfficial/Files/ImageSource/新闻资讯/15264326411978.jpg\" style=\"max-width: 100%; max-height: 100%; height: auto;\"></a></p>\r\n<p style=\"color: #666666; background-color: #ffffff; margin-right: 0px; margin-bottom: 0px; margin-left: 0px; padding: 0px;\"><span style=\"white-space: pre;\">	</span>本次大会以“融合、匠心、 共赢”为主题，旨在围绕我国新能源汽车产业发展需要，倡导深化产教融合、校企合作，提升全国职业院校新能源汽车技术和智能网联汽车技术等相关专业人才培养水平，为我国新能源汽车产业发展培养高素质技术技能型人才。</p>\r\n<p style=\"color: #666666; background-color: #ffffff; margin-right: 0px; margin-bottom: 0px; margin-left: 0px; padding: 0px;\"><span style=\"white-space: pre;\">	</span>本次大会由全国机械行业教育教学指导委员会汽车类专业委员会和全国机械行业新能源汽车职业教育集团主办，浙江吉利控股集团有限公司、北京百通科信机械设备有限公司承办。</p>\r\n<p style=\"color: #666666; background-color: #ffffff; margin-right: 0px; margin-bottom: 0px; margin-left: 0px; padding: 0px;\"><span style=\"white-space: pre;\">	</span>全国职业院校技能大赛新能源汽车技术与服务赛项执委会主任、全国机械行指委秘书长、机械工业教育发展中心副主任郑丽梅，教育部教学指导委员会委员、博士生导师、北京吉利学院校长霍伟东，浙江吉利控股集团海外人力资源总监邢颐，国家职业标准与教材编审委员会汽车专业委员会副主任、浙江吉利控股集团人力资源中心高级经理牛泽平，天津智能交通技术工程中心主任、天津职业技术师范大学硕士生导师关志伟，北京理工大学电动车辆国家工程实验室博士生刘伟，全国机械行业新能源汽车职业教育集团理事、北京百通科信机械设备有限公司总经理戴景岩等领导和专家出席会议。大会由全国机械行业新能源汽车职业教育集团副秘书长吕江毅主持，全国机械行业汽车、新能源汽车相关职业院校领导和专业负责人、相关企业代表等共计300余人参加本次大会。</p>\r\n<p style=\"text-align: center;\"><a href=\"http://www.geely.com/\"><img alt=\"全国职业院校技能大赛\" src=\"https://dm30webimages.geely.com/GeelyOfficial/Files/ImageSource/新闻资讯/15264322286438.jpg\" style=\"width: 900px; height: auto; max-width: 100%; max-height: 100%;\"></a></p>\r\n<p style=\"color: #666666; background-color: #ffffff; margin-right: 0px; margin-bottom: 0px; margin-left: 0px; padding: 0px;\"><span style=\"white-space: pre;\">	</span>会议举行了吉利产教协同发展论坛，与会的全国职业院校代表高度评价浙江吉利控股集团实施“成蝶计划”，开展产教深度融合、校企合作培养技能型人才新模式。经过严格筛选和选拔，浙江吉利控股集团与广州市交通技师学院、武汉软件工程职业学院、四川汽车职业技术学院、苏州工业职业技术学院、广西生态工程职业技术学院、东莞市汽车技术学校、闽西职业技术学院、厦门工商旅游学校、湖北交通职业技术学院、淮安信息职业技术学院、荆州职业技术学院、广西工业技师学院、陕西工业职业技术学院、河南职业技术学院和黑龙江生物科技职业学院16所院校达成了校企战略合作意向。浙江吉利控股集团人力资源中心高级经理牛泽平代表集团与16所职业院校领导签署意向合作协议，布局新能源战略人才储备。</p>\r\n<p style=\"text-align: center;\"><a href=\"http://www.geely.com/\"><img alt=\"全国职业院校技能大赛\" src=\"https://dm30webimages.geely.com/GeelyOfficial/Files/ImageSource/新闻资讯/15264322621040.jpg\" style=\"max-width: 100%; max-height: 100%; height: auto;\"></a></p>\r\n<p style=\"text-align: center;\"><a href=\"http://www.geely.com/\"><img alt=\"全国职业院校技能大赛\" src=\"https://dm30webimages.geely.com/GeelyOfficial/Files/ImageSource/新闻资讯/15264322627537.jpg\" style=\"max-width: 100%; max-height: 100%; height: auto;\"></a></p>\r\n<p style=\"text-align: center;\"><a href=\"http://www.geely.com/\"><img alt=\"全国职业院校技能大赛\" src=\"https://dm30webimages.geely.com/GeelyOfficial/Files/ImageSource/新闻资讯/15264322623691.jpg\" style=\"max-width: 100%; max-height: 100%; height: auto;\"></a></p>\r\n<p style=\"text-align: center;\"><a href=\"http://www.geely.com/\"><img alt=\"全国职业院校技能大赛\" src=\"https://dm30webimages.geely.com/GeelyOfficial/Files/ImageSource/新闻资讯/15264322636474.jpg\" style=\"max-width: 100%; max-height: 100%; height: auto;\"></a></p>\r\n<p style=\"text-align: center;\"><a href=\"http://www.geely.com/\"><img alt=\"全国职业院校技能大赛\" src=\"https://dm30webimages.geely.com/GeelyOfficial/Files/ImageSource/新闻资讯/15264323032602.jpg\" style=\"max-width: 100%; max-height: 100%; height: auto;\"></a></p>\r\n<p style=\"color: #666666; background-color: #ffffff; margin-right: 0px; margin-bottom: 0px; margin-left: 0px; padding: 0px;\"><span style=\"white-space: pre;\">	</span>全国机械行指委秘书长、机械工业教育发展中心副主任郑丽梅在讲话中指出，随着新一轮科技与产业革命蓬勃兴起，新能源、新材料、智能网联等新技术与汽车产业加快融合，引发了汽车产业生态的深刻变化，汽车的智能化、网联化、电动化和共享化，已成为汽车产业发展的必然趋势。产业的变革与发展，必然带来对人才的要求变化。随着汽车产业的转型升级，对职业院校技能人才培养带来新的、更高的要求，对职业院校专业建设、课程建设带来新的变化和要求。我国职业院校内涵调整要紧紧围绕《中国制造2025》战略，紧跟产业发展速度，主动了解产业发展趋势，加快对新技术、新知识的学习和掌握，将产业变革的要求，转化为育人要求，为产业发展和经济建设培养合格的人才，有力服务和支撑制造强国战略。郑立梅副主任表示，在新能源汽车领域具有行业代表性的吉利汽车与全国职业院校实施“成蝶计划”，校企合作培养企业所需技能型人才，创新了新能源汽车产业人才培养新途径。机械行行指委将充分发挥自身资源和优势，深入推动产教融合、校企合作，在专业标准建设、师资队伍建设、教学资源建设等方面，更好地为我国新能源汽车产业发展培养技能型人才提供支持和服务。</p>\r\n<p style=\"text-align: center;\"><a href=\"http://www.geely.com/\"><img alt=\"全国职业院校技能大赛\" src=\"https://dm30webimages.geely.com/GeelyOfficial/Files/ImageSource/新闻资讯/15264323352918.jpg\" style=\"max-width: 100%; max-height: 100%; height: auto;\"></a></p>\r\n<p style=\"color: #666666; background-color: #ffffff; margin-right: 0px; margin-bottom: 0px; margin-left: 0px; padding: 0px;\"><span style=\"white-space: pre;\">	</span>教育部教学指导委员会委员、博士生导师、北京吉利学院校长霍伟东在大会与参会职业院校代表互动时表示，北京吉利学院作为吉利控股集团创办的应用型本科高校，在产教融合培养应用性人才方面走在全国前列，学校与吉利控股集团产业发展深度融合对接，深度参与吉利“成蝶计划”，根据吉利控股集团产业布局发展布局学科专业、课程设置和师资队伍建设，形成了产教深度融合培养技能型人才办学模式，学校愿与兄弟院校合作，共同努力为吉利控股集团和我国新能源汽车产业发展提供人才培养服务。</p>\r\n<p style=\"text-align: center;\"><a href=\"http://www.geely.com/\"><img alt=\"全国职业院校技能大赛\" src=\"https://dm30webimages.geely.com/GeelyOfficial/Files/ImageSource/新闻资讯/15264323614192.jpg\" style=\"max-width: 100%; max-height: 100%; height: auto;\"></a></p>\r\n<p style=\"color: #666666; background-color: #ffffff; margin-right: 0px; margin-bottom: 0px; margin-left: 0px; padding: 0px;\">浙江吉利控股集团海外人力资源总监邢颐在大会致辞中指出，当今世界汽车工业格局已经发生了巨大变化，吉利全球化的战略布局、丰富的产品规划使吉利控股集团正在向全球汽车企业十强的目标奋勇前进。在吉利控股集团战略转型的关键时期，迫切需要一大批具有工匠精神、掌握过硬技能的技术骨干和熟练技能人才。吉利实施“成蝶计划”开展产教协同、校企合作，使职业院校人才培养与吉利实现战略对接、供需对接、资源对接、优势对接、文化对接，创新了先进制造业发展与院校人才培养融合发展的合作模式。吉利控股集团期待与全国各大院校深度合作，实现源源不断地为吉利新能源汽车产业发展输送大批工匠型人才。</p>\r\n<p style=\"text-align: center;\"><a href=\"http://www.geely.com/\"><img alt=\"全国职业院校技能大赛\" src=\"https://dm30webimages.geely.com/GeelyOfficial/Files/ImageSource/新闻资讯/15264323911469.jpg\" style=\"max-width: 100%; max-height: 100%; height: auto;\"></a></p>\r\n<p style=\"color: #666666; background-color: #ffffff; margin-right: 0px; margin-bottom: 0px; margin-left: 0px; padding: 0px;\">本次大会上，天津市智能交通技术工程中心主任、天津职业技术师范大学硕士生导师关志伟就“智能网联汽车技术的发展趋势与人才培养”作了发言，重点讲述了智能网联汽车发展的需求和动力、发展趋势、产业政策和智能网联汽车岗位人才需求、课程建设、实验室建设和学科平台等问题。</p>\r\n<p style=\"text-align: center;\"><a href=\"http://www.geely.com/\"><img alt=\"全国职业院校技能大赛\" src=\"https://dm30webimages.geely.com/GeelyOfficial/Files/ImageSource/新闻资讯/15264324184206.jpg\" style=\"max-width: 100%; max-height: 100%; height: auto;\"></a></p>\r\n<p style=\"color: #666666; background-color: #ffffff; margin-right: 0px; margin-bottom: 0px; margin-left: 0px; padding: 0px;\">吉利控股集团人力资源中心校企合作办经理彭林林就“产教协同——吉利校企合作“成蝶计划”方案作了介绍。就如何深入开展深度校企合作，对“五定五共同”的培养模式进行了阐述，以及落地新能源校企合作人才培养机制、课程体系等内容。</p>\r\n<p style=\"text-align: center;\"><a href=\"http://www.geely.com/\"><img alt=\"全国职业院校技能大赛\" src=\"https://dm30webimages.geely.com/GeelyOfficial/Files/ImageSource/新闻资讯/15264324437.jpg\" style=\"max-width: 100%; max-height: 100%; height: auto;\"></a></p>\r\n<p style=\"color: #666666; background-color: #ffffff; margin-right: 0px; margin-bottom: 0px; margin-left: 0px; padding: 0px;\">北京吉利学院汽车工程学院副院长关云霞在向大会分享校企合作经验时说，北京吉利学院与吉利控股集团全面融合、深度合作，在人才培养方案、课程内容选定、教学设计与实施、企业实习、教学效果与评价、实训条件建设、教师队伍培养等方面集团深度参与。吉利控股集团为学校建设整车实训室、沃尔沃人才培养基地、新能源技术实验室、发动机测控实验室等各类实验实训设施。一大批吉利学生在吉利控股集团旗下各岗位成长成才。</p>\r\n<p style=\"text-align: center;\"><a href=\"http://www.geely.com/\"><img alt=\"全国职业院校技能大赛\" src=\"https://dm30webimages.geely.com/GeelyOfficial/Files/ImageSource/新闻资讯/15264324668669.jpg\" style=\"max-width: 100%; max-height: 100%; height: auto;\"></a></p>\r\n<p style=\"color: #666666; background-color: #ffffff; margin-right: 0px; margin-bottom: 0px; margin-left: 0px; padding: 0px;\">北京理工大学电动车辆国家工程实验室博士生、孙逢春院士科研团队成员刘伟就“分布式电驱动线控底盘动力学控制若干关键技术探析”作了学术发言，重点就电驱动线控制底盘的技术特征、底盘运动学状态估计、复合制动分配策略优化、电动车辆扭振抑制优化控制、三轴客车底盘稳定性控制等学术研究成果向大会作了分享。</p>\r\n<p style=\"text-align: center;\"><a href=\"http://www.geely.com/\"><img alt=\"全国职业院校技能大赛\" src=\"https://dm30webimages.geely.com/GeelyOfficial/Files/ImageSource/新闻资讯/15264324939317.jpg\" style=\"max-width: 100%; max-height: 100%; height: auto;\"></a></p>\r\n<p style=\"color: #666666; background-color: #ffffff; margin-right: 0px; margin-bottom: 0px; margin-left: 0px; padding: 0px;\">这次全国机械行业新能源汽车职业教育大会暨吉利产教协同发展论坛，深入交流了新能源汽车和智能互联汽车前沿技术，与会者深刻认识到新能源汽车加速发展对职业院校技能人才培养的紧迫要求，高度评价支持吉利控股集团实施“成蝶计划”开展校企合作培养汽车技能人才模式，形成了校企合作为我国新能源汽车产业加快发展培养技能型人才的广泛共识。</p>\r\n<p style=\"text-align: center;\"><a href=\"http://www.geely.com/\"><img alt=\"全国职业院校技能大赛\" src=\"https://dm30webimages.geely.com/GeelyOfficial/Files/ImageSource/新闻资讯/1526432523988.jpg\" style=\"max-width: 100%; max-height: 100%; height: auto;\"></a></p>\r\n            <br>\r\n        </div>', 0, '2018-05-15 00:00:00', NULL, 2, 'https://dm30webimages.geely.com/GeelyOfficial/Files/GeelyNews/NewsList/Content/2019/0117/2.jpg', 0),
(32, '标题测试', '描述测试', '<p>无可奈何花落<span class=\"ql-size-huge\">去奇才顶替顶</span>替顶替顶替顶替顶替枯无可奈何需要需要标有顶替无可奈何花落去奇才顶替顶替顶替顶替顶替顶替枯无可奈何需要需要标有顶替无<em>可奈何花落去奇才顶替顶替顶替顶替顶替顶替枯无可奈何需要需要标有顶替无可奈何花落去奇才顶替顶替顶替顶替顶替顶替枯无可奈何需要需要标有顶替无可奈何花落去奇才顶</em>替顶替顶替顶替顶替顶替枯无可奈何需要需要标有顶替无可奈何花落去奇才顶替顶替顶替顶替顶替顶替枯无可奈何需要需要标有顶替无可奈何花落去奇才顶替顶<strong>替顶替顶</strong>替顶替顶替枯无可奈何需要需<u>要标有顶替无可奈何</u>花落去奇才顶替顶替顶替顶替顶替顶替枯无可奈何需要需要标有顶替无可奈何花落去奇才顶替顶替顶替顶替顶替顶替枯无可奈何需要需要标有顶替无可奈何花落去奇才顶替顶替顶替顶替顶替顶替枯无可奈何需要需要标有顶替</p>', 0, '2020-03-19 23:27:55', '0000-00-00 00:00:00', 0, '', 0),
(33, '新闻标题111', '新闻描述2222', '<p>新闻正文新闻正文新闻正文新闻正文新闻正文新闻正文新闻正文新闻正文新闻正文新闻正文新闻正文新闻正文新闻正文新闻正文新闻正文新闻正文新闻正文新闻正文新闻正文新闻正文新闻正文新闻正文新闻正文新闻正文新闻正文新闻正文新闻正文新闻正文新闻正文新闻正文新闻正文新闻正文新闻正文新闻正文新闻正文新闻正文新闻正文新闻正文新闻正文新闻正文新闻正文新闻正文新闻正文新闻正文新闻正文新闻正文新闻正文新闻正文新闻正文新闻正文新闻正文新闻正文新闻正文新闻正文新闻正文新闻正文新闻正文新闻正文<strong>新闻正文新闻正文新闻正文新闻正文新闻正文新闻正文新闻正文新闻正文新闻正文新闻正文新闻正文新闻正文新闻正文新闻正文新闻正文新闻正文新闻正文新闻正文新闻正文新闻正文新闻正文新闻正文新闻正文新闻正文新闻正文新闻正文新闻正文新闻正文新闻正文新闻正文新闻正文新闻正文新闻正文新闻正文新闻正文新闻正文新闻正文新闻正文新闻正文新闻正文</strong>新闻正文新闻正文新闻正文新闻正文新闻正文新闻正文新闻正文新闻正文新闻正文新闻正文新闻正文新闻正文新闻正文新闻正文新闻正文新闻正文新闻正文新闻正文新闻正文新闻正<span style=\"color: rgb(178, 178, 0);\">文新闻正文新闻正文新</span>闻正文新闻正文新闻正文新闻正文新闻正文新闻正文新闻正文新闻正文新闻正文新闻正文新闻正文新闻正文新闻正文新闻正文新闻正文新闻正文新闻正文新闻正文新闻正文新闻正文新闻正文新闻正文新闻正文新闻正文新闻正文新闻正文新闻正文新闻正文新闻正文新闻正文新闻正文新闻正文新闻正文新闻正文新闻正文新闻正文新闻正文新闻正文新闻正文新闻正文新闻正文新闻正文新闻正文新闻正文新闻正文新闻正文新闻正文新闻正文新闻正文新闻正文新闻<span style=\"background-color: rgb(255, 235, 204);\">正文新闻正文新闻正文新闻正文新闻正文新闻正文新闻正文新闻正文新闻正文新闻正文新闻正文新闻正文新闻正文新闻正文新闻正文新闻正文新闻正文新闻正文新闻正文新闻正文新闻正文新闻正文新</span>闻正文新闻正文新闻正文新闻正文新闻正文新闻正文新闻正文新闻正文新闻正文新闻正文新闻正文新闻正文新闻正文新闻正文新闻正文新闻正文新闻正文新闻正文新闻正文新闻正文新闻正文新闻正文新闻正文新闻正文新闻正文新闻正文新闻正文新闻正文新闻正文新闻正文新闻正文新闻正文新闻正文新闻正文新闻正文新闻正文新闻正文新闻正文新闻正文新闻正文新闻正文新闻正文新闻正文新闻正文新闻正文新闻正文新闻正文新闻正文新闻正文新闻正文新闻正文新闻正文新闻正文新闻正<span style=\"color: rgb(230, 0, 0);\">文新闻正文新闻正文新闻正文新闻正文新闻正文新闻正文新闻正文新闻正文新闻正文新闻正文新闻正文新闻正文新闻正文新闻正文新闻正文新闻正文新闻正文新闻正文新闻正文新闻正文新闻正文新闻正文新闻正文新闻正文新闻正文新闻正文新闻正文新闻正文新闻正文新闻正文新闻正文新闻正文新闻正文新闻正文新闻正文新闻正文新闻正文新闻正文</span>新闻正文新闻正文新闻正文新闻正文新闻正文新闻正文新闻正文新闻正文新闻正文新闻正文新闻正文新闻正文新闻正文新闻正文新闻正文新闻正文新闻正文新闻正文新闻正文新闻正文新闻正文新闻正文新闻正文新闻正文新闻正文新闻正文新闻正文新闻正文新闻正文新闻正文新闻正文新闻正文</p>', 0, '2020-03-29 20:47:11', '0000-00-00 00:00:00', 0, 'http://localhost:3000/uploads/d8d4790f73c33a9bc2a6bc9c798ca77e', 0),
(34, '枯', '无可奈何花落去 ', '<p>无可奈何花落去 在奇才顶替顶替顶替枯</p>', 0, '2020-03-29 20:49:22', '0000-00-00 00:00:00', 0, 'http://localhost:3000/uploads/d9561228c37c98aad24263d42c90c423', 0),
(35, '测试1111', '测试22222', '<h2>正文正文正文正文正文正文正文正文正文正文正文正文正文正文正文正文正文正文正文正文正文正文正文正文正文正文正文正文正文正文正文正文正文正文正文正<span style=\"background-color: rgb(178, 178, 0);\">文正文正文正文正文正文正文正文正文正文正文正文正文正文正文正文正文正文正文正文正文正文正文正文正文正文正文正文正文正文正文正文正文正文正文正文正文正文正文正文正文正文正文正文正文正文正文正文正文正文正文正文正文正文正文正</span><strong style=\"background-color: rgb(178, 178, 0);\"><em>文正文正文正文正文正文正文正文正文正文正文正文正文正文正文正文正文正文正文正文正文正文正文正文正文正文正文正文正文正文正文正文正文正文正文正文正文正文正文正文正文正文正文正文正文正文正文正文正文正文正文正文正文正文正文正文正文正文正文正文正文正文正文正文正文正文正文正文正</em></strong><strong><em>文正文正文正文正文正文正文正文正文正文正文正文正文正文正文正文正文正文正文正文正文正文正文正文</em></strong>正文正文正文正文正文正文正文正文正文正文正文正文正文正文正文正文正文正文正文正文正文正文正文正文正文正文正文正文正文正文正文正文正文正文正文正文正文正文正文正文正文正文正文正文正文正文正文正文正文正文正文正文正文正文正文正文正文正文正文正文正文正文正文正文正文正文正文正文正文正文正文正文正文正文正文正文正文<span style=\"color: rgb(0, 102, 204);\">正文正文正文正文正文正文正文正文正文正文正文正文正文正文正文正文正文正文正文正文正文正文正文正文正文正文正文正文正文正文正文正文正文正文正文正文正文正文正文正文正文正文正文正文正文正文正文正文正文正文正文正文正文正文正文正文正文正文正文正文正文正文正文正文正文正文正文正文正文正文正文正文正文正文正文正文正文正文正文正文正文正文正文正</span><span class=\"ql-size-large\" style=\"color: rgb(0, 102, 204);\">文正文正文正文正文正文正文正文正文正文正文正文正文正文正文正文正文正文正文正文正文正文正文正文正文正文正文正文正文正文正文正文正文正文正文正文正文正文正文正文正文正文正文正文正文正文正文正文正文正文正文正文正文正文正文正文正文正文正文正</span><span class=\"ql-size-large\">文正文正文正文正文正文正文正文正文正文正文正文正文正文正文正文正文正文正文正文正文正文正文正文正文正文正文正文正文正文正文正文正文正文正文正文正文正文正文正文正文正文正文正文正文正文正文正文正文正文正文正文正文正文正文正文正文正文正文正文正文正文正文正文正文正文正文正文正文正文正文正文正文正文正文正文正文正</span>文正文正文正文正文正文正文正文正文正文正文正文正文正文正文正文正文正文正文正文正文正文正文正文正文正文正文正文正文正文正文正文正文正文正文正文正文正文正文正文正文正文正文正文正文正文正文正文正文正文正文正文正文正文正文正文正文正文正文正文正文正文正文正文正文正文正文正文正文正文正文正文正文正文正文正文正文正文正文正文正文正文正文正文正文正文正文正文正文正文正文正文正文正文正文正文正文正文正文正文正文正文正文正文正文<img src=\"http://localhost:3000/uploads/f09af33e360290b2c1bffcd15df0a888\"></h2>', 1, '2020-03-29 21:04:03', '0000-00-00 00:00:00', 0, 'http://localhost:3000/uploads/319a4d97be6d1bff01e1f59ccb7724c7', 0);

CREATE TABLE `price` (
  `id` int(11) NOT NULL,
  `car_price` int(10) DEFAULT NULL COMMENT '汽车价格',
  `car_id` int(11) DEFAULT NULL COMMENT '对应的汽车ID',
  `volume_id` int(11) DEFAULT NULL COMMENT '对应的排量ID',
  `model_id` int(11) DEFAULT NULL COMMENT '对应的型号ID'
) ENGINE=InnoDB DEFAULT CHARSET=utf8 COLLATE=utf8_unicode_ci;

INSERT INTO `price` (`id`, `car_price`, `car_id`, `volume_id`, `model_id`) VALUES
(1, 101800, 1, 35, 3),
(2, 107800, 1, 15, 2),
(3, 119800, 1, 15, 4),
(4, 99800, 1, 34, 2),
(5, 109800, 1, 34, 1),
(6, 121800, 1, 34, 4),
(7, 117800, 1, 12, 1),
(8, 117800, 1, 12, 4),
(9, 129800, 1, 12, 5),
(10, 141800, 1, 6, 1),
(11, 151800, 1, 12, 6),
(12, 119800, 1, 35, 3);

CREATE TABLE `stock` (
  `id` int(11) NOT NULL,
  `car_id` int(11) NOT NULL COMMENT '汽车ID',
  `volume_id` int(11) DEFAULT NULL COMMENT '排量ID',
  `model_id` int(11) DEFAULT NULL COMMENT '型号ID',
  `color_id` int(11) DEFAULT NULL COMMENT '颜色ID',
  `stock` int(255) DEFAULT NULL COMMENT '库存数量'
) ENGINE=InnoDB DEFAULT CHARSET=utf8 COLLATE=utf8_unicode_ci;

INSERT INTO `stock` (`id`, `car_id`, `volume_id`, `model_id`, `color_id`, `stock`) VALUES
(1, 1, 6, 1, 1, 1),
(8, 1, 15, 2, 1, 53),
(9, 1, 15, 3, 1, 2),
(10, 1, 34, 2, 1, 3),
(11, 1, 34, 1, 1, 2),
(12, 1, 34, 4, 1, 7),
(13, 1, 12, 1, 1, 0),
(14, 1, 12, 1, 4, 2),
(15, 1, 12, 1, 5, 6),
(16, 1, 12, 1, 6, 0),
(17, 1, 6, 1, 2, 3),
(18, 1, 6, 1, 3, 67),
(19, 1, 6, 1, 4, 6),
(20, 1, 6, 1, 5, 13),
(21, 1, 6, 1, 6, 35),
(22, 1, 6, 1, 7, 122),
(23, 1, 15, 2, 2, 34),
(24, 1, 15, 2, 3, 385),
(25, 1, 15, 2, 4, 3),
(26, 1, 15, 2, 5, 34),
(27, 1, 15, 2, 6, 23),
(28, 1, 15, 2, 7, 54),
(35, 1, 15, 3, 2, 23),
(36, 1, 15, 3, 3, 43),
(37, 1, 15, 3, 4, 3),
(38, 1, 15, 3, 5, 3),
(39, 1, 15, 3, 6, 33),
(40, 1, 15, 3, 7, 32);

CREATE TABLE `users` (
  `id` int(255) NOT NULL,
  `username` varchar(255) COLLATE utf8_unicode_ci NOT NULL COMMENT '用户名',
  `password` varchar(255) COLLATE utf8_unicode_ci NOT NULL COMMENT '密码',
  `reg_time` date DEFAULT NULL COMMENT '注册时间',
  `name` varchar(255) COLLATE utf8_unicode_ci DEFAULT NULL COMMENT '姓名',
  `birthday` date DEFAULT NULL COMMENT '出生日期',
  `occupation` varchar(255) COLLATE utf8_unicode_ci DEFAULT NULL COMMENT '职业',
  `location` varchar(255) COLLATE utf8_unicode_ci DEFAULT NULL COMMENT '所在地',
  `email` varchar(255) COLLATE utf8_unicode_ci DEFAULT NULL COMMENT '邮箱',
  `per_sig` varchar(255) COLLATE utf8_unicode_ci DEFAULT NULL COMMENT '个性签名',
  `sex` varchar(255) COLLATE utf8_unicode_ci DEFAULT NULL COMMENT '性别',
  `state` int(255) DEFAULT 1 COMMENT '用户状态',
  `avatar` varchar(255) COLLATE utf8_unicode_ci DEFAULT NULL COMMENT '用户头像'
) ENGINE=InnoDB DEFAULT CHARSET=utf8 COLLATE=utf8_unicode_ci;

INSERT INTO `users` (`id`, `username`, `password`, `reg_time`, `name`, `birthday`, `occupation`, `location`, `email`, `per_sig`, `sex`, `state`, `avatar`) VALUES
(2, 'admin', '$2a$12$pqmeOptTACrga0bgxsM0Te2QGJBdiUfD71sAY3UlNPMXBkVNgaJ.i', '2020-04-02', 'null', '0000-00-00', 'null', 'null', 'null', 'null', 'null', 1, 'uploads/ebadafc7f8a630b8245bcc74804cfc09'),
(3, 'cyy', '$2a$12$HUa5POgtkUJ80UrBemI/1uAiipmK6Fw.aqu/EeTcbnMYMwMYl8RES', '2020-04-02', 'null', '0000-00-00', 'null', 'null', 'null', 'null', 'null', 1, 'uploads/ebadafc7f8a630b8245bcc74804cfc09'),
(4, 'renxiaochi', '$2a$12$gGwzdsO497ODbs7uH0/j8en32.YI0X5p0dJ4wowIL8OhlBtFlAqpm', '2020-04-05', '楊', '1996-09-26', '学生', '河南 三门峡', '295711590@qq.com', '123', '男', 1, 'uploads/ebadafc7f8a630b8245bcc74804cfc09'),
(5, 'changywa', '$2a$12$DHIxBBlckyjpjFIVatwlKuhQ15e.7zIenGG6/eQX/mseJM7YJUOSi', '2020-04-07', '楊', '2020-04-02', '学生', '广东 东莞', '无可奈何花落去厅', '需要顶替枯', '男', 1, 'uploads/54227d3273eb22cec9febd86af043a28');

CREATE TABLE `volume` (
  `id` int(11) NOT NULL,
  `name` varchar(255) COLLATE utf8_unicode_ci NOT NULL COMMENT '排量名称',
  `car_id` int(11) NOT NULL
) ENGINE=InnoDB DEFAULT CHARSET=utf8 COLLATE=utf8_unicode_ci;

INSERT INTO `volume` (`id`, `name`, `car_id`) VALUES
(1, '1.5TD-7DCT', 0),
(2, 'G-Power 14T   6MT', 0),
(3, '1.5L-4AT', 0),
(4, '1.5TD 续航56Km', 0),
(5, '300T（1.5TD+7DCT）', 0),
(6, '2.0L-6MT', 0),
(7, '1.8L-6MT', 0),
(8, '1.8TD+6AT 燃油动力', 0),
(9, '1.5L-5MT', 0),
(10, '1.5T 续航56Km （选装续航80Km）', 0),
(11, '450公里', 0),
(12, '1.8TD-6AT', 0),
(13, '几何A 高能超长续航NEDC 500km', 0),
(14, '1.8TD-6AT四驱', 0),
(15, '1.8TD+7DCT', 1),
(16, '1.4T-CVT', 0),
(17, '1.5TD+6MT', 0),
(18, '1.5TD-7DCTH', 0),
(19, '260T+7DCT 运动款', 0),
(20, '350T（2.0TD+8AT）', 0),
(21, '智擎 1.5TD', 0),
(22, '1.5TD', 0),
(23, '智擎 1.5TD PHEV插电混动', 0),
(24, '1.8TD', 0),
(25, '1.4T-6MT', 0),
(26, '1.5L-CVT', 0),
(27, '1.5TD+6AT', 0),
(28, '1.4T-8CVT', 0),
(29, '400公里', 0),
(30, '1.8L-6DCT', 0),
(31, 'G-Power 200T  6DCT', 0),
(32, '400T（PHEV插电混合动力）', 0),
(33, '1.5T 续航60Km', 0),
(34, '1.8TD-6MT', 0),
(36, '1.5T 续航62Km', 0),
(37, 'MHEV轻度混合动力车型', 0),
(38, 'G-Power 200T 6MT', 0),
(39, '1.5T 续航56Km', 0),
(40, '几何A 高维标准续航NEDC 410km', 0),
(41, '260T+7DCT', 0),
(42, '200T+6MT', 0),
(43, '260T-7DCTH', 0),
(44, 'PHEV插电混合动力车型', 0);


ALTER TABLE `banner`
  ADD PRIMARY KEY (`id`);

ALTER TABLE `cars`
  ADD PRIMARY KEY (`id`);

ALTER TABLE `cars_volume_base`
  ADD PRIMARY KEY (`id`),
  ADD KEY `car_column` (`car_id`),
  ADD KEY `volume_column` (`volume_id`);

ALTER TABLE `category`
  ADD PRIMARY KEY (`id`);

ALTER TABLE `city`
  ADD PRIMARY KEY (`id`);

ALTER TABLE `colors`
  ADD PRIMARY KEY (`id`);

ALTER TABLE `inner_color`
  ADD PRIMARY KEY (`id`);

ALTER TABLE `model`
  ADD PRIMARY KEY (`id`);

ALTER TABLE `model_volume_base`
  ADD PRIMARY KEY (`id`);

ALTER TABLE `news`
  ADD PRIMARY KEY (`id`);

ALTER TABLE `price`
  ADD PRIMARY KEY (`id`);

ALTER TABLE `stock`
  ADD PRIMARY KEY (`id`);

ALTER TABLE `users`
  ADD PRIMARY KEY (`id`);

ALTER TABLE `volume`
  ADD PRIMARY KEY (`id`);


ALTER TABLE `banner`
  MODIFY `id` int(11) NOT NULL AUTO_INCREMENT, AUTO_INCREMENT=15;

ALTER TABLE `cars`
  MODIFY `id` int(11) NOT NULL AUTO_INCREMENT COMMENT '主键', AUTO_INCREMENT=9;

ALTER TABLE `cars_volume_base`
  MODIFY `id` int(11) NOT NULL AUTO_INCREMENT, AUTO_INCREMENT=33;

ALTER TABLE `category`
  MODIFY `id` int(11) NOT NULL AUTO_INCREMENT, AUTO_INCREMENT=10;

ALTER TABLE `colors`
  MODIFY `id` int(11) NOT NULL AUTO_INCREMENT, AUTO_INCREMENT=28;

ALTER TABLE `inner_color`
  MODIFY `id` int(11) NOT NULL AUTO_INCREMENT, AUTO_INCREMENT=28;

ALTER TABLE `model`
  MODIFY `id` int(11) NOT NULL AUTO_INCREMENT, AUTO_INCREMENT=7;

ALTER TABLE `model_volume_base`
  MODIFY `id` int(11) NOT NULL AUTO_INCREMENT, AUTO_INCREMENT=34;

ALTER TABLE `news`
  MODIFY `id` int(11) NOT NULL AUTO_INCREMENT, AUTO_INCREMENT=36;

ALTER TABLE `price`
  MODIFY `id` int(11) NOT NULL AUTO_INCREMENT, AUTO_INCREMENT=13;

ALTER TABLE `stock`
  MODIFY `id` int(11) NOT NULL AUTO_INCREMENT, AUTO_INCREMENT=41;

ALTER TABLE `users`
  MODIFY `id` int(255) NOT NULL AUTO_INCREMENT, AUTO_INCREMENT=6;

ALTER TABLE `volume`
  MODIFY `id` int(11) NOT NULL AUTO_INCREMENT, AUTO_INCREMENT=45;


ALTER TABLE `cars_volume_base`
  ADD CONSTRAINT `car_column` FOREIGN KEY (`car_id`) REFERENCES `cars` (`id`) ON DELETE CASCADE ON UPDATE CASCADE,
  ADD CONSTRAINT `volume_column` FOREIGN KEY (`volume_id`) REFERENCES `volume` (`id`) ON DELETE CASCADE ON UPDATE CASCADE;
COMMIT;
